tree
version=v4
num_class=1
num_tree_per_iteration=1
label_index=0
max_feature_idx=15
objective=binary sigmoid:1
feature_names=Column_0 Column_1 Column_2 Column_3 Column_4 Column_5 Column_6 Column_7 Column_8 Column_9 Column_10 Column_11 Column_12 Column_13 Column_14 Column_15
feature_infos=[0.44499999284744263:0.67699998617172241] [0.38499999046325684:0.7160000205039978] [0.29800000786781311:0.90399998426437378] [0.30000001192092896:0.69999998807907104] [0.40599998831748962:0.57999998331069946] [0.16099999845027924:0.94199997186660767] [-0.015799999237060547:0.13560000061988831] [-0.018799999728798866:0.13779999315738678] [0.001500000013038516:0.056000001728534698] [-0.014499999582767487:0.1054999977350235] [-0.95200002193450928:1] none [-0.2800000011920929:0] [0.5:1] none [0:1]
tree_sizes=1647 1691 1683 1684 1679 1696 1689 1696 1695 1682 1695 1682 1680 1683 1701 1686 1681 1692 1694 1689 1686 1684 1683 1695 1683 1687 1688 1692 1685 1699 1703 1698 1689 1701 1699 1704 1710 1702 1701 1698 1694 1694 1702 1709 1718 1701 1700 1697 1704 1702 1707 1699 1716 1704 1705 1713 1704 1710 1722 1707 1712 1721 1727 1717 1722 1724 1723 1731 1729 1726 1729 1733 1724 1718 1715 1707 1726 1722 1733 1743

Tree=0
num_leaves=15
num_cat=0
split_feature=8 4 2 2 9 8 1 8 6 1 10 2 2 2
split_gain=61.3784 39.8045 17.6354 14.2303 7.80727 7.69737 7.17358 7.13116 12.3857 4.50648 4.45618 8.44704 15.3189 4.52637
threshold=0.0037500001490116124 0.45299999415874487 0.5365000069141389 0.9025000035762788 -0.0037500001490116115 0.0047499998472630986 0.46050000190734869 0.0032500000670552258 -0.00029999999242136249 0.56649997830390941 0.52033331990242015 0.54050001502037059 0.65950000286102306 0.90049999952316295
decision_type=2 2 2 2 2 2 2 2 2 2 2 2 2 2
left_child=7 -2 6 4 5 -4 -3 10 -9 -10 11 -1 -13 -14
right_child=1 2 3 -5 -6 -7 -8 8 9 -11 -12 12 13 -15
leaf_value=0.40606411156955496 0.41750371256023505 0.27403205013545612 0.19614743339057644 0.31622959790744992 0.1781109958286039 0.35601585723532975 0.417503712560235 0.38396488238301396 0.20939097146055566 0.32527192957287715 0.41750371256023505 0.22425616725338993 0.39993575389597641 0.32185593761038239
leaf_weight=10.489876672625543 4.8790124058723441 2.9274074435234096 2.4395062029361787 4.1471605449914923 18.296296522021294 1.9516049623489378 2.1955555826425552 5.3669136464595795 3.1713580638170225 1.9516049623489378 7.5624692291021338 3.4153086841106406 6.8306173682212812 4.3911111652851105
leaf_count=43 20 12 10 17 75 8 9 22 13 8 31 14 28 18
internal_value=0.313658 0.25788 0.23351 0.214035 0.195354 0.2672 0.33552 0.363311 0.320267 0.253536 0.377124 0.36497 0.33552 0.369383
internal_weight=0 36.8365 31.9575 26.8346 22.6874 4.39111 5.12296 43.1793 10.4899 5.12296 32.6894 25.1269 14.637 11.2217
internal_count=328 151 131 110 93 18 21 177 43 21 134 103 60 46
is_linear=0
shrinkage=1


Tree=1
num_leaves=15
num_cat=0
split_feature=0 2 9 6 15 9 6 2 7 7 5 3 6 6
split_gain=26.5613 30.1528 16.5351 13.0978 10.9206 8.90113 8.74455 7.99642 6.14942 9.89145 10.892 5.92369 4.05527 3.74389
threshold=0.54150000214576732 0.78049999475479137 -0.00575000001117587 -0.00090000001364387561 0.75000000000000011 -0.0022500000195577736 0.0023000000510364775 0.65950000286102306 0.0014999999548308553 0.0069000001531094321 0.72749999165534984 0.56149998307228099 -0.0045000000391155473 0.0054999999701976785
decision_type=2 2 2 2 2 2 2 2 2 2 2 2 2 2
left_child=2 4 11 -3 7 -6 -4 -2 -5 -10 -11 -1 -13 -12
right_child=1 3 6 8 5 -7 -8 -9 9 10 13 12 -14 -15
leaf_value=0.02858759160133725 -0.051263903584335226 -0.097063499541562653 0.085391346432843435 -0.056911536440783651 -0.0086220682423536945 -0.11220354888420611 -0.018670539855988204 0.10141326494694308 0.089511447432784219 -0.098389831997811303 0.085727442404004608 -0.017287101228524802 -0.13572593625454288 -0.007733680793731706
leaf_weight=3.1696857064962414 3.4326103925704983 2.944690644741061 19.717730909585956 2.206658303737643 3.67011326551438 16.037770152091976 3.4097997099161139 1.9289193898439405 10.135043129324915 2.6759759783744794 3.6341640502214432 1.959796071052551 2.2191815674304962 2.6815026104450226
leaf_count=13 14 12 82 9 15 65 14 8 42 11 15 8 9 11
internal_value=0 -0.0261041 0.0451367 0.0215552 -0.072259 -0.092914 0.070049 0.00366481 0.0379284 0.0488701 0.00306072 -0.0332667 -0.0801822 0.0460458
internal_weight=0 49.3474 30.4762 24.278 25.0694 19.7079 23.1275 5.36153 21.3333 19.1267 8.99164 7.34866 4.17898 6.31567
internal_count=328 202 126 100 102 80 96 22 88 79 37 30 17 26
is_linear=0
shrinkage=0.06


Tree=2
num_leaves=15
num_cat=0
split_feature=8 4 0 2 8 0 8 6 10 0 2 10 9 1
split_gain=50.1725 31.9519 17.2683 13.678 12.3642 9.92632 6.09964 10.6878 4.13795 7.0702 12.4858 4.51957 3.8541 3.79925
threshold=0.0037500001490116124 0.45299999415874487 0.53000000119209301 0.9025000035762788 0.0047499998472630986 0.65049999952316295 0.0032500000670552258 -0.00029999999242136249 0.52033331990242015 0.54150000214576732 0.65950000286102306 0.41333334147930151 -0.0072500000242143861 0.56649997830390941
decision_type=2 2 2 2 2 2 2 2 2 2 2 2 2 2
left_child=6 -2 4 -4 12 -5 8 -8 9 -1 -11 -12 -3 -9
right_child=1 2 3 5 -6 -7 7 13 -10 10 11 -13 -14 -15
leaf_value=0.085243394305386078 0.096286633252584783 -0.13229910863375904 -0.11751071707051092 0.10161173936319666 0.073551636721260125 -0.084618200361670684 0.065861067179558822 -0.095657554621189314 0.098128421004133118 -0.079275985976547267 0.082040953475228537 0.0033302120283724475 -0.013703481667957349 0.010619017484923981
leaf_weight=10.145481139421468 4.6967336535453788 1.9817673414945605 19.92857646942139 1.9330926239490498 4.3320040851831436 2.206423819065094 5.2706232368946075 3.2151351571083051 7.3487796038389197 3.4724120795726767 6.7019109576940519 4.3184638768434525 1.9642305374145488 1.9426102340221403
leaf_count=43 20 8 80 8 18 9 22 13 31 14 28 18 8 8
internal_value=0 -0.0499515 -0.0711856 -0.0968959 0.00356646 0.00234841 0.0456225 0.00577324 0.0586141 0.0468283 0.0199364 0.0511972 -0.0732648 -0.0556296
internal_weight=0 37.0428 32.3461 24.0681 8.278 4.13952 42.4154 10.4284 31.987 24.6383 14.4928 11.0204 3.946 5.15775
internal_count=328 151 131 97 34 17 177 43 134 103 60 46 16 21
is_linear=0
shrinkage=0.06


Tree=3
num_leaves=15
num_cat=0
split_feature=8 0 4 8 8 0 0 8 7 4 0 8 7 9
split_gain=42.9251 28.3078 16.652 26.8162 14.8661 11.756 6.04407 9.02896 4.80478 15.3427 4.67593 3.44288 2.20243 4.78438
threshold=0.0032500000670552258 0.54450002312660228 0.53999999165534984 0.0047499998472630986 0.0052499999292194852 0.47650000452995306 0.50249999761581432 0.0037500001490116124 0.0049000000581145295 0.53999999165534984 0.59349998831748974 0.0047499998472630986 0.0023000000510364775 0.0017500000540167095
decision_type=2 2 2 2 2 2 2 2 2 2 2 2 2 2
left_child=8 4 3 10 5 -2 -7 -8 12 -10 -3 -9 13 -1
right_child=1 2 -4 -5 -6 6 7 11 9 -11 -12 -13 -14 -15
leaf_value=0.068572706595878247 0.079665938877604509 -0.012165876391583034 -0.12005753505683012 -0.116982330724013 0.086475309468445213 -0.12582007881710483 0.076851443585087303 -0.12445900776407465 -0.12352185227215817 0.071667133257312596 0.10076747026071629 -0.01558718983468956 0.089876269141498863 -0.014477144548536665
leaf_weight=13.061402440071115 3.0840830504894283 1.9523719847202299 14.664903670549393 5.7461737990379333 7.1800139993429175 2.9876091778278333 2.174389973282814 2.2454014420509338 2.1447285413742057 4.4740041941404343 4.0739648640155792 1.9570506811141966 8.8937348276376706 3.0874733030796042
leaf_count=56 13 8 59 23 31 12 9 9 9 19 17 8 38 13
internal_value=0 -0.0368653 -0.0773927 -0.0242455 0.0177206 -0.0219355 -0.0553969 -0.022403 0.0538831 0.00841826 0.0641801 -0.0737582 0.0658994 0.0526946
internal_weight=0 46.066 26.4374 11.7725 19.6285 12.4485 9.36445 6.37684 31.6613 6.61873 6.02634 4.20245 25.0426 16.1489
internal_count=324 189 107 48 82 51 38 26 135 28 25 17 107 69
is_linear=0
shrinkage=0.06


Tree=4
num_leaves=15
num_cat=0
split_feature=8 2 2 8 0 0 8 7 7 4 8 9 7 5
split_gain=38.4171 25.4859 13.72 12.2909 9.92518 9.5943 6.51952 6.19432 4.38091 13.4793 2.79875 2.32811 2.05824 4.36568
threshold=0.0032500000670552258 0.65950000286102306 0.9025000035762788 0.0052499999292194852 0.47650000452995306 0.65049999952316295 0.0037500001490116124 -0.0013000000035390256 0.0049000000581145295 0.53999999165534984 0.0047499998472630986 -0.0022500000195577736 0.0023000000510364775 0.48450000584125524
decision_type=2 2 2 2 2 2 2 2 2 2 2 2 2 2
left_child=8 3 11 4 -2 -4 7 -6 12 -10 -8 -3 13 -1
right_child=1 2 5 -5 6 -7 10 -9 9 -11 -12 -13 -14 -15
leaf_value=0.085303789503258884 0.076333232380886962 -0.036444833278472019 0.094458714752528039 0.076755854441130728 0.075304143444272359 -0.076070638461877463 -0.11590444002483034 -0.068434665646584486 -0.113591125319822 0.068578753267291903 -0.034502892121043939 -0.1052031439113528 0.086589020256334498 0.022092162527153843
leaf_weight=7.097986161708838 3.0273446589708355 1.9680824130773604 2.5468624383211127 7.2523016184568396 2.3802262991666794 2.2256702035665512 3.9917470514774323 1.974780336022375 2.1907172054052344 4.3973139971494675 2.4561619460582733 17.864626199007034 8.683883458375929 8.8220636546611768
leaf_count=31 13 8 11 32 10 9 16 8 9 19 10 72 38 38
internal_value=0 -0.0349205 -0.0764014 0.0134915 -0.019683 0.0149324 -0.0465901 0.0101257 0.0514565 0.00800183 -0.0848967 -0.09838 0.063092 0.0502752
internal_weight=0 45.6878 24.6052 21.0826 13.8303 4.77253 10.8029 4.35501 31.192 6.58803 6.44791 19.8327 24.6039 15.92
internal_count=324 189 100 89 57 20 44 18 135 28 26 80 107 69
is_linear=0
shrinkage=0.06


Tree=5
num_leaves=15
num_cat=0
split_feature=8 2 2 8 0 0 8 7 7 4 8 8 6 6
split_gain=34.4572 22.6841 12.18 11.1215 8.88544 8.62516 5.77803 5.52265 3.99009 11.9144 2.53004 2.34082 3.55671 2.07028
threshold=0.0032500000670552258 0.65950000286102306 0.9025000035762788 0.0052499999292194852 0.47650000452995306 0.65049999952316295 0.0037500001490116124 -0.0013000000035390256 0.0049000000581145295 0.53999999165534984 0.0047499998472630986 0.0042499999981373557 -0.00050000000919681032 -0.0011000000522471962
decision_type=2 2 2 2 2 2 2 2 2 2 2 2 2 2
left_child=8 3 11 4 -2 -4 7 -6 13 -10 -8 12 -3 -1
right_child=1 2 5 -5 6 -7 10 -9 9 -11 -12 -13 -14 -15
leaf_value=0.027952884450597765 0.073289111212648597 -0.0064481274691043974 0.091355498721227626 0.073942718948720329 0.071992018362140281 -0.071216365982936736 -0.10979503515957356 -0.064124477480840186 -0.1053455129391247 0.065721868357226543 -0.032348616685317036 -0.10708547989464275 -0.099536541018867691 0.069962976333592858
leaf_weight=5.4556115716695848 2.9657909125089672 2.4546045064926147 2.4774822592735282 7.0817561447620383 2.3415337949991226 2.23442043364048 3.9618391841650009 1.9808478057384471 2.2194558382034293 4.3156699985265732 2.4623425453901291 13.532237410545347 3.7123611420393052 18.691884934902191
leaf_count=24 13 10 11 32 10 9 16 8 9 19 10 55 15 83
internal_value=0 -0.0331673 -0.0723951 0.012884 -0.0186498 0.0142627 -0.0440227 0.00961297 0.0492156 0.00762406 -0.0801104 -0.093123 -0.0624851 0.0604717
internal_weight=0 45.2052 24.4111 20.7941 13.7124 4.7119 10.7466 4.32238 30.6826 6.53513 6.42418 19.6992 6.16697 24.1475
internal_count=324 189 100 89 57 20 44 18 135 28 26 80 25 107
is_linear=0
shrinkage=0.06


Tree=6
num_leaves=15
num_cat=0
split_feature=8 0 8 2 2 7 4 4 8 10 7 9 10 2
split_gain=28.8953 20.9975 13.2395 9.92421 4.1761 7.90894 11.3123 7.87848 11.9247 6.99511 5.18126 10.5062 6.04262 3.53624
threshold=0.0037500001490116124 0.54150000214576732 0.0052499999292194852 0.9025000035762788 0.54050001502037059 0.0016999999643303456 0.53999999165534984 0.53999999165534984 0.0027499999850988392 -0.01283333310857415 0.0049000000581145295 0.0067500001750886449 0.54166665673255932 0.5365000069141389
decision_type=2 2 2 2 2 2 2 2 2 2 2 2 2 2
left_child=4 2 13 -3 7 6 -6 8 -1 -8 -7 12 -12 -2
right_child=1 3 -4 -5 5 10 9 -9 -10 -11 11 -13 -14 -15
leaf_value=0.088487806359456689 -0.0016164810826847721 -0.096643480932818562 0.078653460677418338 0.011018398240438322 0.074880204453010635 0.071992510632649373 -0.13630720686981204 0.084837791020444961 -0.11086428896184761 0.00049679454286633668 -0.12231002287648335 0.093550507922328663 0.016739570343837031 -0.090180757449372068
leaf_weight=2.1815294176340077 3.6124985665082914 17.244805499911312 6.6674991250038147 3.7531215995550147 2.5511636734008807 9.5141824036836642 3.1557904779911041 11.46819494664669 2.1397089064121246 2.3456916958093643 2.2389961183071128 2.9300162792205811 2.2614904195070267 2.9471155256032944
leaf_count=10 15 71 31 16 11 43 13 52 9 10 9 13 10 12
internal_value=0 -0.0401003 0.019113 -0.0774002 0.0346646 0.019406 -0.0295505 0.0588215 -0.0102236 -0.0779775 0.0426717 0.00512875 -0.0524377 -0.0414068
internal_weight=0 34.225 13.2271 20.9979 40.7868 24.9973 8.05265 15.7894 4.32124 5.50148 16.9447 7.4305 4.50049 6.55961
internal_count=325 145 58 87 180 109 34 71 19 23 75 32 19 27
is_linear=0
shrinkage=0.06


Tree=7
num_leaves=15
num_cat=0
split_feature=0 7 7 9 0 9 4 6 1 0 1 15 2 6
split_gain=18.3919 17.9146 14.0204 9.68714 9.59515 7.84673 5.47407 10.8835 5.44275 4.30731 3.84653 3.51287 3.46506 2.084
threshold=0.54150000214576732 0.0011000000522471967 0.0049000000581145295 -0.0062500000931322566 0.62599998712539684 -0.004249999998137354 0.53999999165534984 -0.00029999999242136249 0.6225000023841859 0.51649999618530285 0.66249999403953563 0.75000000000000011 0.77949997782707225 -0.0028999999631196256
decision_type=2 2 2 2 2 2 2 2 2 2 2 2 2 2
left_child=3 5 12 9 -4 -2 7 -5 -6 -1 -10 -7 -3 -11
right_child=1 2 4 6 8 11 -8 -9 10 13 -12 -13 -14 -15
leaf_value=-0.078993239733268258 0.040908832640057902 -0.0060145493602493626 -0.10368580130922307 0.074304311139989643 -0.049264075306606155 -0.015795619898458398 0.083848708890723961 -0.064113428244393741 0.091884178469288161 0.063922157292024884 -0.0044256170849973839 -0.094475107939462635 0.072551420275271741 -0.023563159395795001
leaf_weight=2.8980711251497295 2.079111501574519 2.5627805888652828 4.5363857597112647 5.410141795873642 4.5142481476068479 2.3959212154150054 12.620042756199837 3.2876703143119812 2.6558839529752731 1.8428327888250353 3.4093066602945328 13.863670945167538 9.5575983971357328 2.0941487997770309
leaf_count=12 9 11 19 26 19 10 59 14 12 8 15 58 44 9
internal_value=0 -0.0230031 0.00786452 0.0386785 -0.0306833 -0.0688469 0.0586076 0.021984 0.000619614 -0.0234782 0.0377474 -0.0828813 0.0559391 0.0173872
internal_weight=0 45.5749 27.2362 28.1529 15.1158 18.3387 21.3179 8.69781 10.5794 6.83505 6.06519 16.2596 12.1204 3.93698
internal_count=325 197 120 128 65 77 99 40 46 29 27 68 55 17
is_linear=0
shrinkage=0.06


Tree=8
num_leaves=15
num_cat=0
split_feature=8 0 8 2 2 4 10 7 4 10 7 9 10 2
split_gain=24.1417 17.3537 11.2834 7.9729 3.48217 6.74512 10.4119 6.51571 9.75983 5.74426 4.24463 8.97309 5.30481 3.12475
threshold=0.0037500001490116124 0.54150000214576732 0.0052499999292194852 0.9025000035762788 0.54050001502037059 0.53999999165534984 -1.0000000180025095e-35 0.0016999999643303456 0.53999999165534984 -0.01283333310857415 0.0049000000581145295 0.0067500001750886449 0.54166665673255932 0.5365000069141389
decision_type=2 2 2 2 2 2 2 2 2 2 2 2 2 2
left_child=4 2 13 -3 5 6 -1 8 -6 -10 -9 12 -12 -2
right_child=1 3 -4 -5 7 -7 -8 10 9 -11 11 -13 -14 -15
leaf_value=0.085833465182919289 -0.00065350965208785185 -0.089457809076439132 0.074653937574021445 0.0081014196598796911 0.072317069943295911 0.080156154424176604 -0.1023815260420957 0.06739454814089979 -0.12306988770166882 0.00089081332037275953 -0.11237081560397637 0.089842325704141052 0.017935491512372826 -0.084478795949301258
leaf_weight=2.0953234434127808 3.5829432606697065 16.609945595264438 6.30384261906147 3.6846290379762641 2.4976995587348956 10.792822360992432 2.1374905407428715 9.0632150322198886 3.1822705417871475 2.3319132179021835 2.2295960187911978 2.8219244331121445 2.2696125507354736 2.8939905762672424
leaf_count=10 15 71 31 16 11 52 9 43 13 10 9 13 10 12
internal_value=0 -0.037256 0.0175094 -0.0717452 0.0322584 0.0549807 -0.00921152 0.0182637 -0.0260785 -0.0706477 0.0399469 0.00596811 -0.0466382 -0.0381079
internal_weight=0 33.0754 12.7808 20.2946 39.4219 15.0256 4.23281 24.3962 8.01188 5.51418 16.3843 7.32113 4.49921 6.47693
internal_count=325 145 58 87 180 71 19 109 34 23 75 32 19 27
is_linear=0
shrinkage=0.06


Tree=9
num_leaves=15
num_cat=0
split_feature=8 0 8 2 0 8 1 4 7 10 0 0 8 2
split_gain=24.6477 15.7144 10.2919 6.82664 5.43989 2.78173 6.18499 4.41192 8.50802 4.47096 14.8956 3.18172 3.12541 2.43329
threshold=0.0037500001490116124 0.54150000214576732 0.0052499999292194852 0.9025000035762788 0.65049999952316295 0.0027499999850988392 0.63150000572204601 0.53999999165534984 -1.0000000180025095e-35 -0.17616666853427884 0.56999999284744274 0.62950000166893016 0.0032500000670552258 0.5365000069141389
decision_type=2 2 2 2 2 2 2 2 2 2 2 2 2 2
left_child=5 2 13 -3 -5 6 -1 8 -7 10 -9 -10 -11 -2
right_child=1 3 -4 4 -6 7 -8 9 11 12 -12 -13 -14 -15
leaf_value=0.072485228974755331 -0.0044837732817894623 -0.085944569280073574 0.07284104279264994 0.08532894039047588 -0.061668387678797135 0.089992862667592738 -0.042907260999781233 0.072281439480656934 -0.11770874027239786 0.085037740941497519 -0.11414580175949418 -0.010457841211282745 0.0022413390665238027 -0.079560180399430538
leaf_weight=13.578769639134405 3.8127303719520587 15.097470104694368 6.2885967046022415 1.6681919395923608 1.9843975752592085 1.7593073695898054 1.9070404469966877 4.1543832123279598 2.1608927398920086 7.5681954622268659 2.454504981637001 1.8468264937400816 2.095803514122963 2.6235377788543701
leaf_count=66 16 66 32 8 8 8 8 20 9 37 10 8 9 11
internal_value=0 -0.0332116 0.0182511 -0.0681371 0.00546748 0.0387863 0.0582749 0.025093 -0.0200007 0.041074 0.00304338 -0.0682857 0.0670819 -0.0350863
internal_weight=0 31.4749 12.7249 18.7501 3.65259 37.5257 15.4858 22.0399 5.76703 16.2729 6.60889 4.00772 9.664 6.43627
internal_count=316 141 59 82 16 175 74 101 25 76 30 17 46 27
is_linear=0
shrinkage=0.06


Tree=10
num_leaves=15
num_cat=0
split_feature=8 0 8 2 0 7 8 7 1 6 0 2 7 6
split_gain=22.3398 14.2589 9.38841 6.24545 4.92333 2.64041 2.35187 5.77478 3.07697 3.51243 4.86403 2.20597 1.49216 1.27774
threshold=0.0037500001490116124 0.54150000214576732 0.0052499999292194852 0.9025000035762788 0.65049999952316295 0.0088999997824430483 0.0032500000670552258 -1.0000000180025095e-35 0.65799999237060558 -0.00070000000414438535 0.5665000081062318 0.5365000069141389 0.0028999999631196265 -0.00050000000919681032
decision_type=2 2 2 2 2 2 2 2 2 2 2 2 2 2
left_child=5 2 11 -3 -5 6 8 13 9 10 -1 -2 -9 -8
right_child=1 3 -4 4 -6 -7 7 12 -10 -11 -12 -13 -14 -15
leaf_value=0.065529233896629041 -0.0042141825053533723 -0.082975116928372394 0.070943218186950471 0.083258903191815295 -0.057989812463787746 -0.0291669970263401 0.074254339959682725 -0.080199170173960665 -0.025019756251172798 0.070603552397069322 -0.040225396326822573 -0.076039042224034514 -0.0044736527708010938 0.012433888382576514
leaf_weight=3.5092784315347698 3.8132244646549243 14.711297467350962 6.0759384334087372 1.6088965833187097 1.9836647808551786 2.0263437181711188 3.7547566890716553 1.8594406396150573 1.7922084182500828 17.200688317418102 2.8268875777721405 2.5816043019294739 1.8878561258316038 1.7714378535747526
leaf_count=18 16 66 32 8 8 9 18 8 8 86 12 11 8 8
internal_value=0 -0.0319443 0.017535 -0.0656555 0.00526717 0.0374021 0.0413004 0.0154485 0.0507653 0.0565359 0.0183467 -0.03321 -0.0420493 0.0544376
internal_weight=0 30.7746 12.4708 18.3039 3.59256 36.6289 34.6026 9.27349 25.3291 23.5369 6.33617 6.39483 3.7473 5.52619
internal_count=316 141 59 82 16 175 166 42 124 116 30 27 16 26
is_linear=0
shrinkage=0.06


Tree=11
num_leaves=15
num_cat=0
split_feature=8 0 8 2 0 8 1 0 15 9 9 2 9 1
split_gain=20.2091 12.9693 8.57484 5.7299 4.4661 2.42815 5.45232 3.72108 3.89286 5.89828 2.48112 2.00601 1.69086 2.82775
threshold=0.0037500001490116124 0.54150000214576732 0.0052499999292194852 0.9025000035762788 0.65049999952316295 0.0027499999850988392 0.63150000572204601 0.6525000035762788 0.75000000000000011 -0.0027499999850988384 -0.0012500000302679835 0.5365000069141389 0.0052499999292194852 0.52349999547004711
decision_type=2 2 2 2 2 2 2 2 2 2 2 2 2 2
left_child=5 2 11 -3 -5 6 -1 8 10 -10 -7 -2 13 -11
right_child=1 3 -4 4 -6 7 -8 -9 9 12 -12 -13 -14 -15
leaf_value=0.068714653642950471 -0.003960866063924433 -0.080290524336250613 0.069168747952545878 0.0814022116312587 -0.0546248830523463 -0.0036081132835041499 -0.040122286851504436 0.084654625689873392 0.065512825920287038 0.011385677238705576 0.084496556413728455 -0.072823630003272466 0.020388056363872697 -0.066499624948619676
leaf_weight=12.814850732684134 3.8136586546897906 14.303471252322199 5.864393338561058 1.5486949533224099 1.9796198010444639 1.6975401788949964 1.9031182229518879 3.013781026005744 3.2011630684137353 2.4809233248233813 3.5718575417995462 2.5352760255336761 2.0214674770832062 5.1862644106149673
leaf_count=66 16 66 32 8 8 8 8 15 16 12 18 11 9 23
internal_value=0 -0.0307738 0.0168586 -0.0633982 0.00508194 0.0359232 0.0546414 0.0229117 0.0126645 -0.00509756 0.0561136 -0.0314594 -0.0284275 -0.0412978
internal_weight=0 30.0451 12.2133 17.8318 3.52831 35.891 14.718 21.173 18.1592 12.8898 5.2694 6.34893 9.68866 7.66719
internal_count=316 141 59 82 16 175 74 101 86 60 26 27 44 35
is_linear=0
shrinkage=0.06


Tree=12
num_leaves=15
num_cat=0
split_feature=8 13 0 9 2 4 0 9 7 10 7 2 4 2
split_gain=17.3441 12.7927 7.3459 6.59804 4.41508 9.15436 2.8924 2.44404 5.46799 3.12436 2.60967 5.29207 6.306 7.14452
threshold=0.0037500001490116124 0.75000000000000011 0.53000000119209301 -0.0077500001061707726 0.9025000035762788 0.53999999165534984 0.50249999761581432 0.0067500001750886449 0.0049000000581145295 0.56616663932800304 0.0023000000510364775 0.54050001502037059 0.53999999165534984 0.65950000286102306
decision_type=2 2 2 2 2 2 2 2 2 2 2 2 2 2
left_child=7 2 3 6 -4 -6 -2 8 10 -10 11 -1 -13 -14
right_child=1 -3 4 -5 5 -7 -8 -9 9 -11 -12 12 13 -15
leaf_value=0.053356374111275626 -0.10457370294150692 0.076733693451339055 -0.080558504371399456 0.058273059373503813 0.088018381276653845 -0.10547146148530935 0.0006299790768101712 0.083774175636194353 -0.089620907241605 0.014080347918263323 0.06781915877391613 0.068890342612656988 -0.12655448598816846 0.0025260396347199297
leaf_weight=10.978266790509233 1.9347466677427294 3.4103649854660025 15.422662764787676 3.851323798298842 1.8093130886554709 1.7143143117427826 1.8313028365373609 2.764190509915351 2.1409049928188315 2.0449470281600952 6.5171261578798285 2.868477597832678 2.199144646525383 5.1790516227483749
leaf_count=58 8 20 73 19 9 7 8 14 9 9 35 14 9 24
internal_value=0 -0.0326628 -0.0467077 0.00305335 -0.0667141 -0.00611825 -0.0534167 0.0296499 0.0249641 -0.0389589 0.0346091 0.0244119 -0.00659909 -0.0359477
internal_weight=0 29.974 26.5637 7.61737 18.9463 3.52363 3.76605 34.6921 31.9279 4.18585 27.7421 21.2249 10.2467 7.3782
internal_count=316 144 124 35 89 16 16 172 158 18 140 105 47 33
is_linear=0
shrinkage=0.06


Tree=13
num_leaves=15
num_cat=0
split_feature=8 0 5 4 0 9 15 8 1 10 5 2 2 6
split_gain=15.7773 11.2724 6.48835 6.2222 11.2336 5.00705 4.66407 4.88104 2.29653 2.18667 4.5304 1.72974 5.69859 1.9663
threshold=0.0032500000670552258 0.55349999666214 0.35950000584125524 0.53999999165534984 0.63350000977516185 -0.00075000003562308837 0.75000000000000011 0.0047499998472630986 0.49150000512599951 0.58033335208892833 0.83149999380111705 0.54050001502037059 0.65950000286102306 0.0034999999916180973
decision_type=2 2 2 2 2 2 2 2 2 2 2 2 2 2
left_child=9 2 6 4 8 -4 -2 -8 -3 10 11 -1 -13 -14
right_child=1 3 5 -5 -6 -7 7 -9 -10 -11 -12 12 13 -15
leaf_value=0.062601837156385287 -0.11724469692273752 0.001431839826381578 0.069140960075503674 -0.078217284801803386 0.091098183641164676 -0.048474960664205688 -0.049294193512693298 0.06044883042934758 -0.083734760280364931 0.08294716718588771 -0.054162427334061264 -0.054351710739802328 0.060541076939438394 -0.0021565053310384275
leaf_weight=7.2882829457521536 1.6293914020061491 1.5920991003513334 7.3197237402200708 13.124315321445465 2.613081693649292 1.5852170437574358 3.4378199875354793 2.534788578748703 4.012353241443634 3.2993359416723242 2.0592645555734626 2.5448647886514655 7.8007590472698194 2.3411872684955597
leaf_count=41 7 8 41 61 13 7 16 12 20 17 9 11 41 12
internal_value=0 -0.0237847 0.0134472 -0.0525819 -0.0116394 0.0482035 -0.0272661 -0.00271901 -0.0595408 0.0373927 0.0305716 0.0393069 0.0259245 0.0460678
internal_weight=0 37.8488 16.5069 21.3418 8.21753 8.90494 7.602 5.97261 5.60445 25.3337 22.0344 19.9751 12.6868 10.1419
internal_count=316 185 83 102 41 48 35 28 28 131 114 105 64 53
is_linear=0
shrinkage=0.06


Tree=14
num_leaves=15
num_cat=0
split_feature=8 13 0 9 8 10 0 9 1 8 15 1 9 9
split_gain=14.5537 10.8448 6.44093 5.47268 3.76414 4.21675 2.4927 2.29577 4.29854 4.29004 3.74445 6.55608 4.50247 2.97317
threshold=0.0037500001490116124 0.75000000000000011 0.53000000119209301 -0.0077500001061707726 0.0042499999981373557 -1.0000000180025095e-35 0.50249999761581432 0.0067500001750886449 0.65549999475479137 0.0027499999850988392 0.75000000000000011 0.52150002121925365 0.0012500000302679839 0.0017500000540167095
decision_type=2 2 2 2 2 2 2 2 2 2 2 2 2 2
left_child=7 2 3 6 5 -4 -2 8 9 13 -11 -12 -13 -1
right_child=1 -3 4 -5 -6 -7 -8 -9 -10 10 11 12 -14 -15
leaf_value=0.078625445343485659 -0.097175168345040391 0.074462357365067441 -0.083054785918387192 0.054729549348332664 -0.079819609351464385 0.03216125106542124 0.0017697665800287519 0.08161780579088973 -0.065305815846054049 0.052402104153399166 0.042091046835278263 -0.10114388884842036 -0.00055466645077792355 0.020268832113348473
leaf_weight=7.5616928935051018 1.870491608977318 3.1300184130668631 1.9989070147275922 3.7006014883518281 13.185678631067274 2.6723895817995098 1.7974069863557813 2.6095371246337882 1.8641300350427616 4.7677123546600368 4.7786469012498802 3.1985730528831482 3.2092659473419189 5.3785513341426849
leaf_count=43 8 20 10 19 66 13 8 14 8 25 25 14 15 28
internal_value=0 -0.0308769 -0.0439476 0.00325004 -0.0634232 -0.0171412 -0.0486885 0.0275858 0.0230017 0.0286989 0.00787756 -0.0110989 -0.0507653 0.0543698
internal_weight=0 28.3555 25.2255 7.3685 17.857 4.6713 3.6679 33.3681 30.7586 28.8944 15.9542 11.1865 6.40784 12.9402
internal_count=316 144 124 35 89 23 16 172 158 150 79 54 29 71
is_linear=0
shrinkage=0.06


Tree=15
num_leaves=15
num_cat=0
split_feature=8 12 0 8 5 2 10 5 3 7 7 5 0 1
split_gain=13.4614 10.7779 6.39325 7.22145 3.72086 3.40021 5.10553 7.58963 4.513 4.12457 3.29891 3.52682 3.21082 2.58448
threshold=0.0042499999981373557 -1.0000000180025095e-35 0.53000000119209301 0.0047499998472630986 0.73750001192092907 0.54050001502037059 -0.01283333310857415 0.36499999463558203 0.49449999630451208 0.0016999999643303456 0.007299999939277769 0.72749999165534984 0.60449999570846569 0.66249999403953563
decision_type=2 2 2 2 2 2 2 2 2 2 2 2 2 2
left_child=5 -2 3 -3 -4 -1 7 -7 9 -8 12 -12 -11 -13
right_child=1 2 4 -5 -6 6 8 -9 -10 10 11 13 -14 -15
leaf_value=0.046905529253917 0.073424575641582918 -0.091291956817394299 -0.083386662653838373 0.048637795460564404 0.014472504603330336 0.056448100561546137 -0.072067543925651414 -0.078022879670648068 0.093847045808224241 -0.022330099941360197 -0.07890638061471815 0.080155299609047395 0.065453146817589181 -0.015611348818342169
leaf_weight=12.744955420494078 2.8387202471494701 2.0092358142137554 12.932468950748442 3.914367213845253 1.5683940947055806 2.2214409112930324 1.8340546935796798 4.7247143238782883 2.9044107049703589 1.9090268760919551 1.8808670938014973 1.5973010361194608 7.0011117309331894 2.7803719341754913
leaf_count=71 19 9 67 20 8 11 8 22 15 9 8 9 39 13
internal_value=0 -0.0361217 -0.0513471 0.00117481 -0.0728023 0.0213846 0.00927205 -0.0350179 0.024726 0.0129188 0.0231945 -0.0101918 0.0466453 0.0193315
internal_weight=0 23.2632 20.4245 5.9236 14.5009 39.5983 26.8533 6.94616 19.9071 17.0027 15.1687 6.25854 8.91014 4.37767
internal_count=328 123 104 29 75 205 134 33 101 86 78 30 48 22
is_linear=0
shrinkage=0.06


Tree=16
num_leaves=15
num_cat=0
split_feature=8 13 0 8 5 5 5 7 1 0 10 10 15 2
split_gain=12.2624 9.8998 5.91563 6.55846 3.51122 3.10936 2.86824 4.92289 3.94773 4.39691 8.31964 6.96211 4.06323 2.41961
threshold=0.0042499999981373557 0.75000000000000011 0.53000000119209301 0.0047499998472630986 0.73750001192092907 0.82150000333786022 0.72050002217292797 0.007299999939277769 0.55950000882148754 0.57549998164176952 0.050166666507720954 -0.01283333310857415 0.75000000000000011 0.47800001502037054
decision_type=2 2 2 2 2 2 2 2 2 2 2 2 2 2
left_child=5 2 3 -2 -4 6 7 8 9 10 -1 -11 -13 -5
right_child=1 -3 4 13 -6 -7 -8 -9 -10 11 -12 12 -14 -15
leaf_value=0.058464032703576196 -0.088588929179794718 0.072474198763247288 -0.081630053071316239 -0.0077092811114067529 0.013587094243289528 -0.029889771259388943 0.070261090035876911 -0.07509981651193999 0.070789378577495288 -0.064220077106118767 -0.066981145337641212 0.088082356461677044 -0.029208839165268428 0.088243156665765529
leaf_weight=11.029962018132219 1.9481696933507979 2.7073895484209052 12.43335025012493 1.6742314100265505 1.5703020989894856 3.9567962437868109 4.621253013610839 1.8583160191774357 5.610114946961402 5.1056835204362869 2.300167202949523 2.5389123260974884 1.8294049054384212 2.175399586558342
leaf_count=62 9 19 67 9 8 18 26 8 32 24 11 14 10 11
internal_value=0 -0.0351379 -0.0498513 0.00111607 -0.0709529 0.0205171 0.026233 0.019512 0.0256996 0.014607 0.036818 -0.0166444 0.038962 0.0465128
internal_weight=0 22.5088 19.8015 5.7978 14.0037 38.8506 34.8938 30.2726 28.4142 22.8041 13.3301 9.474 4.36832 3.84963
internal_count=328 123 104 29 75 205 187 161 153 121 73 48 24 20
is_linear=0
shrinkage=0.06


Tree=17
num_leaves=15
num_cat=0
split_feature=8 4 2 8 5 2 10 4 2 7 4 9 5 8
split_gain=11.1911 9.10611 3.86026 5.64967 3.18714 2.84713 4.13242 12.5287 4.10202 4.84534 4.04904 2.93743 2.66616 2.6355
threshold=0.0042499999981373557 0.45299999415874487 0.53900000452995311 0.0047499998472630986 0.73750001192092907 0.54050001502037059 -0.01283333310857415 0.53999999165534984 0.65950000286102306 0.007299999939277769 0.53999999165534984 0.0057500000111758718 0.24550000578165057 0.0032500000670552258
decision_type=2 2 2 2 2 2 2 2 2 2 2 2 2 2
left_child=5 -2 3 -3 -4 10 7 -7 -8 -10 -1 -11 -12 -13
right_child=1 2 4 -5 -6 6 8 -9 9 11 12 13 -14 -15
leaf_value=-0.019401042058752243 0.071602131547101114 -0.085475029847015077 -0.078421321592059945 0.032855702639478818 0.012757362942129568 0.089992193999950384 -0.047101920837459579 -0.086755352417368453 0.058681540684767629 -0.06302752712868083 -0.0096421634592605866 0.080720762868904353 0.07680750723996016 -0.0196574145816822
leaf_weight=2.8186945915222141 2.5798272043466595 2.2757621705532101 11.305026888847349 4.0155516266822815 1.5720322430133808 2.0933783352375057 2.615391373634341 4.6526570022106171 10.399937257170679 2.2555868923664084 1.5363589674234388 1.6433660238981249 7.8275983333587646 2.2052447646856308
leaf_count=15 19 11 64 21 8 11 12 22 59 10 8 9 48 11
internal_value=0 -0.0342266 -0.0484698 -0.00994817 -0.0672902 0.0197302 0.00846606 -0.0319084 0.0227116 0.0337748 0.0436456 -0.00865957 0.0626236 0.0232043
internal_weight=0 21.7482 19.1684 6.29131 12.8771 38.0482 25.8656 6.74604 19.1195 16.5041 12.1827 6.1042 9.36396 3.84861
internal_count=328 123 104 32 72 205 134 33 101 89 71 30 56 20
is_linear=0
shrinkage=0.06


Tree=18
num_leaves=15
num_cat=0
split_feature=8 12 0 2 10 2 8 0 8 15 9 2 0 10
split_gain=10.3719 6.19619 6.0836 4.07635 3.71624 4.11809 3.42382 4.3367 5.03432 4.08671 3.93095 3.27443 6.70623 4.08566
threshold=0.0032500000670552258 -1.0000000180025095e-35 0.47650000452995306 0.54050001502037059 0.58033335208892833 0.65950000286102306 0.0042499999981373557 0.53000000119209301 0.0047499998472630986 0.75000000000000011 0.0057500000111758718 0.90049999952316295 0.64849999547004711 -0.01283333310857415
decision_type=2 2 2 2 2 2 2 2 2 2 2 2 2 2
left_child=3 -2 -3 -1 5 -5 9 8 -8 -4 -11 13 -13 -7
right_child=1 2 6 4 -6 11 7 -9 -10 10 -12 12 -14 -15
leaf_value=0.073584815371324899 0.070800431554171345 0.060616168386192291 0.070262809357663603 -0.057655105099712806 0.08118996469781721 -0.031629724455037783 -0.084187104869888299 -0.070696990164595575 0.049665199116833439 -0.050673930231663604 0.02530450638318121 -0.11204115347808634 0.04229762505226721 0.075991768430669154
leaf_weight=6.5360813438892391 2.5855362415313712 2.6854561567306545 1.9144543409347523 2.9692580103874233 2.7624664753675452 1.7093796581029916 1.6182918399572397 11.936012014746664 2.6980559676885605 7.1929242163896578 3.7188535332679749 1.6851046681404112 2.5430536270141602 4.9392041116952852
leaf_count=44 20 15 10 13 15 8 8 69 14 36 19 8 15 31
internal_value=0 -0.0185189 -0.0257893 0.0334456 0.0176493 0.00497204 -0.033769 -0.0520589 -0.000518915 -0.0105935 -0.0247796 0.0220687 -0.0192131 0.0483218
internal_weight=0 34.3496 31.764 23.1445 16.6085 13.846 29.0786 16.2524 4.31635 12.8262 10.9118 10.8767 4.22816 6.64858
internal_count=325 191 171 134 90 75 156 91 22 65 55 62 23 39
is_linear=0
shrinkage=0.06


Tree=19
num_leaves=15
num_cat=0
split_feature=8 4 2 2 10 2 8 4 15 2 2 9 10 2
split_gain=9.45848 5.70351 5.52591 3.86999 3.44744 3.67089 3.20618 3.86598 6.93853 4.03279 2.99613 4.87938 3.81581 2.60032
threshold=0.0032500000670552258 0.45299999415874487 0.35800001025199896 0.54050001502037059 0.58033335208892833 0.65950000286102306 0.0042499999981373557 0.53999999165534984 0.75000000000000011 0.69200000166893016 0.90049999952316295 0.0062500000931322583 -0.01283333310857415 0.53900000452995311
decision_type=2 2 2 2 2 2 2 2 2 2 2 2 2 2
left_child=3 -2 -3 -1 5 -5 7 9 -9 -4 12 -12 -7 -8
right_child=1 2 6 4 -6 10 13 8 -10 -11 11 -13 -14 -15
leaf_value=0.072627191840406224 0.070062198852656646 0.058744739886221933 -0.047496847953718786 -0.054124876929824359 0.079585552683397176 -0.029564685345469049 -0.013882288426598098 0.067587696901024952 -0.063640102915193578 0.075640889301234582 -0.063390081703167289 0.074920531075347005 0.074850812076722409 -0.066821793959519177
leaf_weight=6.2341264337301281 2.4598389863967887 2.6071652173995998 1.4181068986654288 2.9730086773633984 2.652425304055213 1.7187464088201547 4.8127279281616202 1.8721264749765385 6.4406081289052972 2.9476671069860458 2.8145579099655151 1.3628727942705152 4.7202969193458513 10.916614249348639
leaf_count=44 20 15 7 13 15 8 25 10 32 16 14 9 31 66
internal_value=0 -0.0178797 -0.0248545 0.032441 0.0170163 0.00480388 -0.0325269 -0.0100753 -0.034086 0.0356428 0.0213061 -0.0182667 0.0469796 -0.0506238
internal_weight=0 33.4749 31.015 22.476 16.2419 13.5895 28.4079 12.6785 8.31273 4.36577 10.6165 4.17743 6.43904 15.7293
internal_count=325 191 171 134 90 75 156 65 42 23 62 23 39 91
is_linear=0
shrinkage=0.06


Tree=20
num_leaves=15
num_cat=0
split_feature=8 4 2 2 3 2 8 4 15 2 2 4 10 2
split_gain=8.62449 5.25002 5.01514 3.67659 3.20321 3.27672 2.93011 3.48679 6.24874 3.66204 2.74077 4.42986 3.5701 2.49465
threshold=0.0032500000670552258 0.45299999415874487 0.35800001025199896 0.54050001502037059 0.36299999058246618 0.65950000286102306 0.0042499999981373557 0.53999999165534984 0.75000000000000011 0.69200000166893016 0.90049999952316295 0.53999999165534984 -0.01283333310857415 0.53900000452995311
decision_type=2 2 2 2 2 2 2 2 2 2 2 2 2 2
left_child=3 -2 -3 -1 -5 -6 7 9 -9 -4 12 -12 -7 -8
right_child=1 2 6 4 5 10 13 8 -10 -11 11 -13 -14 -15
leaf_value=0.071748010042206642 0.06938135427176742 0.056944072227606647 -0.044983691259107561 0.078129083997661053 -0.050875711053693207 -0.027653689529138176 -0.013046180880943219 0.065040621565749177 -0.060824192277739851 0.073184975275291678 -0.097194376263704585 0.031018768242811433 0.07380566929875744 -0.065184214704945648
leaf_weight=5.9408202320337322 2.338627725839614 2.5305985063314465 1.4078161716461188 2.5430947318673125 2.9730863273143759 1.727001056075095 4.8138602674007407 1.8300209641456593 6.3376552164554605 2.8663000464439392 1.5573598891496656 2.572785422205925 4.5064295902848235 10.531266838312147
leaf_count=44 20 15 7 15 13 8 25 10 32 16 7 16 31 66
internal_value=0 -0.0172381 -0.0239198 0.0314819 0.0164179 0.00465051 -0.0312842 -0.00964618 -0.0326234 0.0342624 0.0205798 -0.0173267 0.0456959 -0.0488282
internal_weight=0 32.6561 30.3175 21.8206 15.8798 13.3367 27.7869 12.4418 8.16768 4.27412 10.3636 4.13015 6.23343 15.3451
internal_count=325 191 171 134 90 75 156 65 42 23 62 23 39 91
is_linear=0
shrinkage=0.06


Tree=21
num_leaves=15
num_cat=0
split_feature=8 13 0 2 4 8 0 2 10 4 3 5 3 2
split_gain=6.09254 5.47352 3.06347 3.95656 7.09485 3.85866 2.61868 4.52813 3.59133 5.48816 2.39004 2.33727 3.96879 3.40397
threshold=0.0037500001490116124 0.75000000000000011 0.53000000119209301 0.9025000035762788 0.53999999165534984 0.0052499999292194852 0.5665000081062318 0.65950000286102306 0.016999999992549423 0.53999999165534984 0.55149999260902416 0.51300001144409191 0.52150002121925365 0.90049999952316295
decision_type=2 2 2 2 2 2 2 2 2 2 2 2 2 2
left_child=6 2 5 -4 -5 10 8 -8 -1 -10 -2 12 -9 -13
right_child=1 -3 3 4 -6 -7 7 11 9 -11 -12 13 -14 -15
leaf_value=0.066257593397234929 0.029762341079081621 0.068752526178197437 -0.062552516468162303 0.086957571587452251 -0.088043650188269457 0.073896084913669946 -0.092355501611491697 -0.073358798548818646 -0.087849904411697252 0.045360374948621544 -0.054622996129113227 0.067081114244063544 0.051454235391672744 -0.0023120839106997265
leaf_weight=7.6119636371731776 1.8714717030525267 2.221965640783309 11.434770837426184 1.9263844788074485 1.4707167595624924 1.9579058438539503 1.5911544561386097 2.3818835020065303 1.6728366464376447 3.3293707966804504 3.4098018556833267 4.6874711811542493 1.4914304763078687 5.5672049820423126
leaf_count=53 9 20 73 11 7 13 7 12 8 22 16 32 9 31
internal_value=0 -0.0210083 -0.0300448 -0.0456616 0.0111938 0.00195151 0.0199426 0.00360232 0.0403049 0.000812235 -0.0247202 0.0144095 -0.0252992 0.0294079
internal_weight=0 24.293 22.0711 14.8319 3.3971 7.23918 28.3333 15.7191 12.6142 5.00221 5.28127 14.128 3.87331 10.2547
internal_count=323 149 129 91 18 38 174 91 83 30 25 84 21 63
is_linear=0
shrinkage=0.06


Tree=22
num_leaves=15
num_cat=0
split_feature=8 13 0 8 5 2 0 2 9 10 4 5 4 7
split_gain=5.58585 5.90173 4.10775 4.91973 3.49716 2.47444 2.25806 4.20411 3.10037 4.32937 4.94106 3.0501 7.43032 4.52791
threshold=0.0042499999981373557 0.75000000000000011 0.53000000119209301 0.0047499998472630986 0.73750001192092907 0.47800001502037054 0.5665000081062318 0.65950000286102306 -0.0062500000931322566 0.016999999992549423 0.53999999165534984 0.51300001144409191 0.53999999165534984 0.007299999939277769
decision_type=2 2 2 2 2 2 2 2 2 2 2 2 2 2
left_child=6 2 3 -2 -4 -5 8 -8 -1 -10 -11 12 -9 -13
right_child=1 -3 4 5 -6 -7 7 11 9 10 -12 13 -14 -15
leaf_value=-0.042913086768991769 -0.08091198257733688 0.068170985658792982 -0.075256443998373848 -0.015411660319425423 0.023833272412926352 0.083885839369726448 -0.088075670190377792 0.090665714742447154 0.073652398540227482 -0.083781304082174268 0.043726693672877737 0.055019382259911355 -0.070359584596526345 -0.019747928467289618
leaf_weight=1.6607898622751225 1.6990406364202524 2.1098746359348288 8.8322510272264463 1.5530354529619219 1.499971717596053 2.159955769777298 1.6908480525016809 1.4077917858958269 7.3265972882509214 1.6495439559221265 3.2490357980132103 7.8139020800590497 3.8608198389410973 4.65188167989254
leaf_count=8 9 20 60 9 8 12 8 8 53 8 22 50 22 26
internal_value=0 -0.0260623 -0.0386905 0.00365521 -0.0608712 0.0423526 0.0155306 0.00232281 0.034007 0.0444566 0.000789749 0.0109417 -0.0273331 0.0271183
internal_weight=0 17.8541 15.7443 5.41203 10.3322 3.71299 33.3112 19.4252 13.886 12.2252 4.89858 17.7344 5.26861 12.4658
internal_count=323 118 98 30 68 21 205 114 91 83 30 106 30 76
is_linear=0
shrinkage=0.06


Tree=23
num_leaves=15
num_cat=0
split_feature=8 12 0 8 5 0 0 9 5 2 10 10 5 0
split_gain=5.11569 5.45629 3.8158 4.50576 3.30824 2.32534 2.09649 2.11793 2.15759 2.15401 5.43595 3.56647 3.45319 2.91309
threshold=0.0042499999981373557 -1.0000000180025095e-35 0.53000000119209301 0.0047499998472630986 0.73750001192092907 0.51399999856948864 0.46449999511241918 -0.0062500000931322566 0.36499999463558203 0.54050001502037059 -0.01283333310857415 0.21549999713897708 0.58199998736381542 0.49150000512599951
decision_type=2 2 2 2 2 2 2 2 2 2 2 2 2 2
left_child=6 -2 3 -3 -4 -5 -1 -8 -9 13 -11 -12 -13 -10
right_child=1 2 4 5 -6 -7 7 8 9 10 11 12 -14 -15
leaf_value=0.058874142684835463 0.067632526962620648 -0.079306152812952793 -0.074265828793689787 -0.014833675227322441 0.022346319956533925 0.082149461631430859 -0.06139257654506957 0.071582331861107643 -0.025393873141515571 -0.061624374358865884 0.084111338438885977 -0.077989880950495083 0.015096827097756317 0.065983115871770026
leaf_weight=3.4983487650752059 2.0023423433303842 1.631497889757157 8.4254547804594022 1.5542037636041643 1.5036756247282017 2.0826335847377777 1.4338137507438684 2.1183397769928005 1.7659572884440446 4.2028735429048636 2.3114225342869679 1.6461439430713642 11.166722893714903 4.3492500111460686
leaf_count=26 20 9 60 9 8 12 7 13 11 23 15 9 68 33
internal_value=0 -0.0254685 -0.037735 0.00353904 -0.0596348 0.0407037 0.0149978 0.00970389 0.0134026 0.00855854 -0.0012616 0.0155126 0.00313743 0.0395952
internal_weight=0 17.1998 15.1975 5.26834 9.92913 3.63684 32.4929 28.9945 27.5607 25.4424 19.3272 15.1243 12.8129 6.11521
internal_count=323 118 98 30 68 21 205 179 172 159 115 92 77 44
is_linear=0
shrinkage=0.06


Tree=24
num_leaves=15
num_cat=0
split_feature=8 2 4 2 9 2 2 2 3 9 4 7 10 2
split_gain=6.27433 3.81381 4.37297 7.023 6.9108 4.15695 3.64122 3.31471 3.28268 2.85064 5.6509 5.34789 3.41764 1.86254
threshold=0.0032500000670552258 0.35800001025199896 0.53999999165534984 0.69200000166893016 -0.0017500000540167091 0.66050001978874218 0.41799999773502355 0.5365000069141389 0.56149998307228099 0.0017500000540167095 0.53999999165534984 0.0016999999643303456 0.44883333146572119 0.78049999475479137
decision_type=2 2 2 2 2 2 2 2 2 2 2 2 2 2
left_child=9 -2 3 4 -3 6 -4 -8 -9 -1 -11 -12 13 -13
right_child=1 2 5 -5 -6 -7 7 8 -10 10 11 12 -14 -15
leaf_value=0.050037186730480174 0.053909204961106932 0.056117426832257802 -0.0918439531906632 0.070333871291851854 -0.073181552636122665 -0.077420295401723085 0.081998390470765528 0.011873456078040179 -0.090145887794966253 -0.094290738125316173 -0.08594640532754895 -0.06124873312556204 0.075382736305109568 0.036040102814401925
leaf_weight=9.0798165202140826 2.4062654599547413 2.1969815045595169 1.8276028633117691 3.8021111637353897 4.6122393459081668 7.4664097577333441 1.5094384551048277 3.8114010691642761 1.617230951786041 1.7499084472656221 1.3557445406913755 1.2952106818556788 4.6337069794535637 1.5636114254593847
leaf_count=69 16 20 9 22 33 49 9 24 9 8 6 7 31 11
internal_value=0 -0.0184539 -0.0249406 0.00501118 -0.0314635 -0.0445209 -0.0164979 0.00334953 -0.0185189 0.0253649 0.00422739 0.0237112 0.0435533 -0.00803733
internal_weight=0 29.2497 26.8434 10.6113 6.80922 16.2321 8.76567 6.93807 5.42863 19.678 10.5982 8.84827 7.49253 2.85882
internal_count=323 191 175 75 53 100 51 42 33 132 63 55 49 18
is_linear=0
shrinkage=0.06


Tree=25
num_leaves=15
num_cat=0
split_feature=8 0 4 2 9 0 2 2 3 9 4 7 10 6
split_gain=5.73719 3.49002 3.98825 6.41413 6.40851 3.95567 3.34652 3.03946 3.03865 2.59554 5.15408 4.819 3.21957 1.69977
threshold=0.0032500000670552258 0.47650000452995306 0.53999999165534984 0.69200000166893016 -0.0017500000540167091 0.58949998021125805 0.41799999773502355 0.5365000069141389 0.56149998307228099 0.0017500000540167095 0.53999999165534984 0.0016999999643303456 0.44883333146572119 0.0014999999548308553
decision_type=2 2 2 2 2 2 2 2 2 2 2 2 2 2
left_child=9 -2 3 4 -3 6 -4 -8 -9 -1 -11 -12 13 -13
right_child=1 2 5 -5 -6 -7 7 8 -10 10 11 12 -14 -15
leaf_value=0.048459292589712447 0.052305190914661223 0.054730430834251047 -0.089344701854890185 0.067925928775009789 -0.072275796584523627 -0.07623650363293126 0.080421115537518642 0.011372007812328659 -0.088156852690865914 -0.091394385950322191 -0.081078070937941185 0.031904011331664588 0.074312480833393577 -0.062270127438420274
leaf_weight=8.820974715054037 2.3335053771734264 2.1198806762695312 1.7678282409906367 3.7037272751331329 4.3964122161269188 7.1465360224246988 1.4485588148236272 3.801852636039257 1.5563567876815794 1.6986058652400942 1.3510510772466657 1.6446782127022745 4.4247841536998749 1.1886126846075056
leaf_count=69 16 20 9 22 33 49 9 24 9 8 6 11 31 7
internal_value=0 -0.0179788 -0.0243012 0.00487738 -0.0309581 -0.0432696 -0.0157932 0.00330934 -0.0175374 0.0245677 0.00412213 0.0229678 0.0423354 -0.00760361
internal_weight=0 28.2747 25.9412 10.22 6.51629 15.7211 8.5746 6.80677 5.35821 19.1287 10.3077 8.60913 7.25808 2.83329
internal_count=323 191 175 75 53 100 51 42 33 132 63 55 49 18
is_linear=0
shrinkage=0.06


Tree=26
num_leaves=15
num_cat=0
split_feature=8 2 13 9 4 0 1 2 4 9 8 8 6 5
split_gain=5.2425 3.27734 3.20841 2.36525 4.70665 4.582 2.2225 1.81601 6.30797 2.46531 2.724 1.60752 2.51009 1.55535
threshold=0.0032500000670552258 0.29950000345706945 0.75000000000000011 0.0017500000540167095 0.53999999165534984 0.58250001072883617 0.57199999690055858 0.9025000035762788 0.53999999165534984 -0.00075000003562308837 0.0052499999292194852 0.0027499999850988392 1.0000000180025095e-35 0.47050000727176672
decision_type=2 2 2 2 2 2 2 2 2 2 2 2 2 2
left_child=3 -2 7 11 -5 -6 -7 9 -9 10 13 -1 -13 -3
right_child=1 2 -4 4 5 6 -8 8 -10 -11 -12 12 -14 -15
leaf_value=0.070013859022598518 0.073484071303023715 -0.037018569330682802 0.066384919193866243 -0.088816635234121671 -0.040375455564281279 -0.020054593371838118 0.072954108044169047 0.079503559511454838 -0.0822090115997723 -0.056613005631067151 0.071084994705927676 -0.026443957750046557 0.071758830174164595 0.020712596201959848
leaf_weight=4.7870722115039843 1.3539114072918916 8.2004270404577344 1.3908735513687123 1.6446759253740282 2.8083539754152298 1.1689387708902357 4.4303493425250053 2.0879266560077658 1.4866820573806765 9.5099156349897367 1.1788968369364727 2.0846659317612652 1.7020393311977384 2.1128587424755088
leaf_count=42 10 50 16 8 15 7 33 14 8 70 9 13 14 14
internal_value=0 -0.0175241 -0.0222692 0.0237558 0.00400967 0.022168 0.0535371 -0.0272864 0.0122472 -0.0340151 -0.0153151 0.0469071 0.017696 -0.0251913
internal_weight=0 27.3215 25.9676 18.6261 10.0523 8.40764 5.59929 24.5767 3.57461 21.0021 11.4922 8.57378 3.78671 10.3133
internal_count=323 191 181 132 63 55 40 165 22 143 73 69 27 64
is_linear=0
shrinkage=0.06


Tree=27
num_leaves=15
num_cat=0
split_feature=8 4 0 8 5 0 10 5 10 15 9 0 9 5
split_gain=5.15471 4.43867 3.04034 3.02055 1.97782 4.63133 5.35885 2.94575 2.33003 4.30412 2.28962 1.82259 1.80564 1.50813
threshold=0.0042499999981373557 0.45299999415874487 0.53000000119209301 0.0047499998472630986 0.57100000977516185 0.57549998164176952 0.050166666507720954 0.82150000333786022 -0.01283333310857415 0.75000000000000011 -0.0062500000931322566 0.51649999618530285 0.0057500000111758718 0.73750001192092907
decision_type=2 2 2 2 2 2 2 2 2 2 2 2 2 2
left_child=4 -2 3 -3 5 6 10 -6 -7 -10 -1 -5 -9 -4
right_child=1 2 13 11 7 8 -8 12 9 -11 -12 -13 -14 -15
leaf_value=-0.030200860164089845 0.065974813494860368 -0.076055537817176652 -0.071415173608847624 -0.01362746032139384 0.048761356085398729 -0.064519984531353852 -0.067973168717017571 -0.068588971733796286 0.083614744399328658 -0.058588735277302711 0.060837556055213307 0.080941199698614547 0.021021142678817405 0.0029991342420910331
leaf_weight=1.1584793925285328 1.5648514553904505 1.2866330295801169 7.4406868666410428 1.4506539329886439 9.6380409970879537 4.1921107172966003 1.7407900393009175 1.4000537991523736 1.3690879568457603 1.7401705458760253 7.0273192003369394 1.4843936115503309 1.9191476106643675 1.1292593181133268
leaf_count=6 19 8 63 9 72 25 10 7 9 10 55 9 12 7
internal_value=0 -0.0294101 -0.041079 0.000597938 0.0142631 0.000943668 0.0276239 0.0319727 -0.0353295 0.00402718 0.0479535 0.0342004 -0.0167768 -0.0616096
internal_weight=0 14.3565 12.7916 4.22168 30.1852 17.228 9.92659 12.9572 7.30137 3.10926 8.1858 2.93505 3.3192 8.56995
internal_count=321 115 96 26 206 115 71 91 44 19 61 18 19 70
is_linear=0
shrinkage=0.06


Tree=28
num_leaves=15
num_cat=0
split_feature=8 4 0 8 5 0 10 5 10 10 9 0 9 5
split_gain=4.73001 4.11092 2.8464 2.77786 1.7826 4.20015 4.85175 2.68083 2.13899 4.84314 2.1193 1.69958 1.62896 1.4634
threshold=0.0042499999981373557 0.45299999415874487 0.53000000119209301 0.0047499998472630986 0.57100000977516185 0.57549998164176952 0.050166666507720954 0.82150000333786022 -0.01283333310857415 0.44683332741260534 -0.0062500000931322566 0.51649999618530285 0.0057500000111758718 0.73750001192092907
decision_type=2 2 2 2 2 2 2 2 2 2 2 2 2 2
left_child=4 -2 3 -3 5 6 10 -6 -7 -10 -1 -5 -9 -4
right_child=1 2 13 11 7 8 -8 12 9 -11 -12 -13 -14 -15
leaf_value=-0.02851842891860255 0.065593354145487559 -0.074905686790944989 -0.070723251521480082 -0.012763114662861796 0.04702842527690497 -0.062410045580727741 -0.064147863557199383 -0.065841531837225922 0.063542604019827503 -0.091287184127349749 0.059474015553787972 0.079435899942352173 0.019889390914753727 0.0028181863798590959
leaf_weight=1.1533751040697104 1.482031174004075 1.2297352999448783 7.0738398432731611 1.455796651542187 9.4009852260351163 4.0773574858903885 1.7341297417879102 1.3718416094779962 1.8878357112407678 1.1831232607364652 6.7651935145258948 1.4236263111233709 1.9070343449711797 1.1296486258506773
leaf_count=6 19 8 63 9 72 25 10 7 13 6 55 9 12 7
internal_value=0 -0.0288153 -0.0401789 0.000582204 0.0137521 0.000934824 0.0267511 0.0307353 -0.033926 0.0038926 0.0466575 0.0328213 -0.0159794 -0.0605963
internal_weight=0 13.7947 12.3126 4.10916 29.4809 16.801 9.6527 12.6799 7.14832 3.07096 7.91857 2.87942 3.27888 8.20349
internal_count=321 115 96 26 206 115 71 91 44 19 61 18 19 70
is_linear=0
shrinkage=0.06


Tree=29
num_leaves=15
num_cat=0
split_feature=8 4 0 8 2 8 9 1 10 6 8 9 1 2
split_gain=4.34037 3.80876 2.66511 2.55725 1.87223 1.62849 1.87271 2.53017 1.99537 1.65994 1.81914 2.15948 2.43217 1.54105
threshold=0.0042499999981373557 0.45299999415874487 0.53000000119209301 0.0047499998472630986 0.47800001502037054 0.0017500000540167095 0.0057500000111758718 0.65549999475479137 0.6185000240802766 0.0042999999132007369 0.0027499999850988392 0.0017500000540167095 0.59250000119209301 0.9025000035762788
decision_type=2 2 2 2 2 2 2 2 2 2 2 2 2 2
left_child=5 -2 3 -3 -5 -1 7 9 -8 10 11 -7 -13 -4
right_child=1 2 13 4 -6 6 8 -9 -10 -11 -12 12 -14 -15
leaf_value=0.07458094489603144 0.065238241531932653 -0.073852959940194418 -0.070230488746569883 -0.020420911093956228 0.077464418442870331 0.068189016950967879 0.073000097774214207 -0.082858826814985007 -0.0089480141017605399 -0.05826506185712544 -0.00055816659689469472 -0.047819063793264852 0.068904045813109369 0.0069361097239604074
leaf_weight=1.4787367954850221 1.4030905142426462 1.1741234660148623 6.7708577215671539 1.3260253667831423 1.4982293322682378 3.6701907664537563 3.0618684217333785 1.1775852739810933 1.6439951956272123 1.2990334406495083 13.766472727060316 1.6539850011467936 1.0510509088635442 1.0803152918815611
leaf_count=11 19 8 63 8 10 37 24 6 9 8 92 9 10 7
internal_value=0 -0.0282377 -0.0393061 0.000567311 0.0315059 0.0132536 0.00993468 0.00276991 0.0443715 0.00747288 0.0117126 0.0382098 -0.0024659 -0.0596124
internal_weight=0 13.2526 11.8496 3.99838 2.82425 28.8029 27.3242 22.6183 4.70586 21.4407 20.1417 6.37523 2.70504 7.85117
internal_count=321 115 96 26 18 206 195 162 33 156 148 56 19 70
is_linear=0
shrinkage=0.06


Tree=30
num_leaves=15
num_cat=0
split_feature=9 2 8 4 1 6 2 3 8 10 9 8 6 4
split_gain=2.84606 2.30936 2.30443 4.25869 4.5291 4.28908 3.09911 4.2002 2.17287 1.87841 1.48398 3.00244 3.36693 2.26985
threshold=0.013250000309199097 0.29950000345706945 0.0032500000670552258 0.53999999165534984 0.55950000882148754 0.0002999999924213626 0.66050001978874218 0.54749998450279247 0.0042499999981373557 0.58033335208892833 0.0017500000540167095 0.0027499999850988392 1.0000000180025095e-35 0.53999999165534984
decision_type=2 2 2 2 2 2 2 2 2 2 2 2 2 2
left_child=1 -1 9 4 5 -4 7 8 -5 10 11 -3 -13 -12
right_child=-2 2 3 6 -6 -7 -8 -9 -10 -11 13 12 -14 -15
leaf_value=0.070819452927995769 -0.068175330094386338 0.068283683529674746 0.050327150804033494 0.081459505156023307 0.070528760018994066 -0.083282378874898644 -0.066904360024587731 -0.047324049804772082 -0.010211367526015635 0.070869851421366717 -0.085176128943185464 -0.046541494208828173 0.071202650294476033 0.0055476866705560582
leaf_weight=1.757830761373042 2.0946802496910086 3.5254248455166834 1.5476832240819942 1.9762510731816276 3.7453411817550659 1.9607554301619528 5.5338114872574815 4.6087161302566528 1.7596540749073026 2.0671208724379531 1.2120606005191801 2.6595750898122792 1.3024596720933912 5.4878161177039146
leaf_count=16 21 36 11 13 37 13 43 31 13 17 6 16 11 38
internal_value=0 0.00360979 0.000449751 -0.0126146 0.0246421 -0.024343 -0.0320874 -0.00899827 0.0382815 0.0174346 0.00964896 0.0280051 -0.00783487 -0.010865
internal_weight=0 39.1445 37.3867 21.1322 7.25378 3.50844 13.8784 8.34462 3.73591 16.2545 14.1873 7.48746 3.96203 6.69988
internal_count=322 301 285 161 61 24 100 57 26 124 107 63 27 44
is_linear=0
shrinkage=0.06


Tree=31
num_leaves=15
num_cat=0
split_feature=9 2 8 4 0 0 3 3 0 9 10 9 8 6
split_gain=2.65659 2.15538 2.09741 3.87749 4.62703 3.05642 3.24206 1.77204 1.73623 3.4062 1.40736 1.35863 2.83039 3.05657
threshold=0.013250000309199097 0.29950000345706945 0.0032500000670552258 0.53999999165534984 0.54050001502037059 0.54450002312660228 0.56149998307228099 0.36299999058246618 0.58750000596046459 -0.0012500000302679835 -0.47366666793823237 0.0017500000540167095 0.0027499999850988392 1.0000000180025095e-35
decision_type=2 2 2 2 2 2 2 2 2 2 2 2 2 2
left_child=1 -1 7 4 -4 6 -5 -3 9 -6 -8 12 -9 -14
right_child=-2 2 3 5 8 -7 10 11 -10 -11 -12 -13 13 -15
leaf_value=0.070136937675190802 -0.067645744750710904 0.070141371158974675 -0.068535362503000727 0.044418855704004286 0.066370872304619646 -0.057326666045693926 -0.0052309183824507909 0.06775449029505623 0.083325381590707098 -0.073348549122835865 -0.08507297055898641 -0.010314914592952397 -0.043548525151341673 0.070470512227522486
leaf_weight=1.6710808649659146 1.9876685962080944 1.9663421437144268 1.5209623947739608 3.0262466967105865 1.7335331141948698 7.2977301850914955 1.7149879261851313 3.3452613577246648 2.755720280110836 0.98509045690298114 1.4812155365943906 6.6443479508161545 2.6714345365762715 1.2389648333191869
leaf_count=16 21 17 10 22 23 58 11 36 19 9 9 44 16 11
internal_value=0 0.00350798 0.000447596 -0.0122216 0.0240422 -0.0309844 -8.9989e-05 0.0168291 0.0497635 0.0157437 -0.0422321 0.00928734 0.027238 -0.00742291
internal_weight=0 38.0529 36.3818 20.5155 6.99531 13.5202 6.22245 15.8664 5.47434 2.71862 3.1962 13.9 7.25566 3.9104
internal_count=322 301 285 161 61 100 42 124 51 32 20 107 63 27
is_linear=0
shrinkage=0.06


Tree=32
num_leaves=15
num_cat=0
split_feature=8 4 0 8 2 7 7 0 5 1 0 3 10 2
split_gain=2.42752 2.87467 2.56743 3.17317 2.41281 1.83499 1.8755 2.50327 2.03374 2.95661 1.82219 2.15964 1.85973 1.60061
threshold=0.0042499999981373557 0.45299999415874487 0.53000000119209301 0.0047499998472630986 0.9025000035762788 -0.0088999997824430448 -0.00070000000414438535 0.57749998569488536 0.49599999189376837 0.514499992132187 0.49150000512599951 0.47149999439716345 0.35133333504199987 0.90049999952316295
decision_type=2 2 2 2 2 2 2 2 2 2 2 2 2 2
left_child=5 -2 3 -3 -4 -1 7 -7 9 -8 -10 12 -12 -14
right_child=1 2 4 -5 -6 6 8 -9 10 -11 11 -13 13 -15
leaf_value=-0.095281392104343457 0.064279543582202447 -0.072339279571737747 -0.068961446755422609 0.045615527935082355 0.023283572152125172 0.065157963780527697 0.021282932068602916 -0.0055933172281363974 -0.057697098362117893 -0.096178369266384373 -0.052233705756918734 0.072227233995654117 0.047175312248732601 -0.0015521679930989736
leaf_weight=0.58173112571239727 1.2428925186395634 1.2054086625576004 5.937765471637249 2.5748577192425728 1.2327224016189573 4.6259333640337017 1.4293099269270926 2.9472912028431892 1.27197616547346 1.6760900393128393 1.6324754059314717 2.1785344108939162 3.8757755458354932 6.4915871322154999
leaf_count=3 20 9 63 18 8 43 12 20 8 9 10 19 36 44
internal_value=0 -0.0221941 -0.0320087 0.00800343 -0.053103 0.0101148 0.0124614 0.0376235 0.00219183 -0.0421149 0.0110971 0.0172688 0.00729132 0.0166643
internal_weight=0 12.1936 10.9508 3.78027 7.17049 26.7107 26.129 7.57322 18.5557 3.1054 15.4503 14.1784 11.9998 10.3674
internal_count=322 118 98 27 71 204 201 63 138 21 117 109 90 80
is_linear=0
shrinkage=0.06


Tree=33
num_leaves=15
num_cat=0
split_feature=8 4 0 5 8 0 8 2 9 10 1 10 9 5
split_gain=2.27771 2.44446 2.33563 2.67065 2.53402 2.27018 1.33659 1.32438 1.19166 1.71206 2.15753 1.49517 0.921632 1.7793
threshold=0.0042499999981373557 0.45299999415874487 0.53000000119209301 0.73750001192092907 0.0047499998472630986 0.50900000333786022 0.0017500000540167095 0.29950000345706945 0.0062500000931322583 0.60916665196418773 0.63150000572204601 0.56949999928474437 -0.0062500000931322566 0.36499999463558203
decision_type=2 2 2 2 2 2 2 2 2 2 2 2 2 2
left_child=6 -2 4 -4 -3 -6 -1 -8 9 10 12 -10 -9 -14
right_child=1 2 3 -5 5 -7 7 8 11 -11 -12 -13 13 -15
leaf_value=0.073420356094436215 0.064013118505506741 -0.071501749060266892 -0.068297012848855476 0.033638311609758574 -0.033479909433793739 0.074096403935098254 0.068749302420026734 -0.051064365408379754 0.071698510138542698 0.070248398172873178 -0.081582742452013635 -0.0021208859182379274 0.054051373722550124 -0.0055486700150751715
leaf_weight=1.0802610963583017 1.0577122271060933 1.1481017246842364 5.9494677186012268 1.0956759005784986 1.1373927146196368 1.862824313342571 1.1323851197958017 1.2859033644199502 1.8614071160554879 1.0781216397881497 1.3170968294143666 2.104534849524498 2.0494465976953533 15.0118226185441
leaf_count=9 18 9 67 7 7 14 13 7 16 10 7 14 16 116
internal_value=0 -0.023174 -0.0314127 -0.0524438 0.00430476 0.0333138 0.00803315 0.00529967 0.00239176 -0.00336992 -0.00740615 0.0325261 -0.0020812 0.00161065
internal_weight=0 12.2512 11.1935 7.04514 4.14832 3.00022 26.921 25.8407 24.7083 20.7424 19.6643 3.96594 18.3472 17.0613
internal_count=330 122 104 74 30 21 208 199 186 156 146 30 139 132
is_linear=0
shrinkage=0.06


Tree=34
num_leaves=15
num_cat=0
split_feature=2 8 4 9 9 0 15 8 7 7 0 8 4 8
split_gain=2.1714 2.21289 2.3901 3.9844 2.11158 1.94355 2.86821 3.13902 1.89202 2.49796 2.41114 2.03002 1.91007 1.66751
threshold=0.29950000345706945 0.0037500001490116124 0.53999999165534984 0.013250000309199097 0.0067500001750886449 0.53349998593330394 0.75000000000000011 0.0047499998472630986 -0.00070000000414438535 0.0021000000415369873 0.57749998569488536 0.0032500000670552258 0.53999999165534984 0.0047499998472630986
decision_type=2 2 2 2 2 2 2 2 2 2 2 2 2 2
left_child=-1 4 3 13 8 6 -4 -8 10 -10 -2 12 -11 -3
right_child=1 2 5 -5 -6 -7 7 -9 9 11 -12 -13 -14 -15
leaf_value=0.068528364291976104 0.058136125860995445 0.083713310355078077 -0.091226609180982451 -0.066304921007721562 0.075371895006309184 -0.062468221766185064 -0.041571887340870625 0.073152819297563135 -0.038654846403406086 -0.034711832362043317 -0.030396788795734004 -0.060552460468787504 0.041002451811344251 0.0039571445082951327
leaf_weight=1.5237550511956204 3.8799539320170906 1.9260640367865538 1.1651998236775396 1.6856520771980283 1.556478939950465 5.6134898364543915 1.6618690118193629 1.7762786969542501 5.8879824429750469 1.5305015966296176 1.5497669652104376 1.174385070800781 5.5461290404200554 1.8503222465515134
leaf_count=17 36 14 6 21 13 55 12 14 39 11 9 7 48 28
internal_value=0 -0.0045641 -0.0216417 0.0103976 0.00811068 -0.0387702 -0.00987205 0.0176993 0.00276078 -0.00880067 0.0328668 0.0125035 0.0246273 0.044635
internal_weight=0 36.8041 15.6789 5.46204 21.1252 10.2168 4.60335 3.43815 19.5687 14.139 5.42972 8.25102 7.07663 3.77639
internal_count=330 313 150 63 163 87 32 26 150 105 45 66 59 42
is_linear=0
shrinkage=0.06


Tree=35
num_leaves=15
num_cat=0
split_feature=2 8 4 5 0 0 8 7 7 2 0 9 4 7
split_gain=2.02347 2.03872 2.45854 1.42699 2.32138 2.82367 1.31517 1.11748 1.32389 2.51282 2.40795 2.25902 2.62692 3.41529
threshold=0.29950000345706945 0.0042499999981373557 0.45299999415874487 0.73750001192092907 0.53000000119209301 0.50900000333786022 0.0017500000540167095 -0.0081000002101063711 -0.00070000000414438535 0.78049999475479137 0.57749998569488536 0.0032500000670552258 0.53999999165534984 0.00050000000919681053
decision_type=2 2 2 2 2 2 2 2 2 2 2 2 2 2
left_child=-1 6 -3 4 5 -4 -2 -8 10 11 -9 12 -10 -14
right_child=1 2 3 -5 -6 -7 7 8 9 -11 -12 -13 13 -15
leaf_value=0.068001212042882814 0.072077958104055845 0.063749407193625846 -0.083722328657168651 0.031013464254642777 -0.067457270791975096 0.033098439383895416 -0.066476457079193571 0.059241367176934533 -0.068065691558305025 0.015026804532066257 -0.01373824616648152 -0.098929007176993461 -0.054952570384295976 0.069570161243331846
leaf_weight=1.4458040893077839 1.0109001696109796 0.99640075117349525 1.0958075374364837 1.0493217185139645 5.4105190634727478 2.325803205370903 0.82333670556545513 3.7237139046192196 2.0305860787630108 9.7826705276966077 2.8913871124386787 1.4495373517274854 1.3395562842488291 1.9431217722594736
leaf_count=17 9 18 7 7 67 19 5 36 12 78 20 7 8 20
internal_value=0 -0.00439648 -0.0260786 -0.0351364 -0.0429955 -0.00431466 0.00503966 0.00221406 0.00465594 -0.00441456 0.0273428 -0.0325373 -0.0144247 0.0187564
internal_weight=0 35.8727 10.8779 9.88145 8.83213 3.42161 24.9948 23.9839 23.1606 16.5455 6.6151 6.7628 5.31326 3.28268
internal_count=330 313 118 100 93 26 195 186 181 125 56 47 40 28
is_linear=0
shrinkage=0.06


Tree=36
num_leaves=15
num_cat=0
split_feature=9 2 2 2 1 9 9 8 7 7 8 5 15 9
split_gain=1.93213 1.7479 1.67743 2.37052 2.07121 2.09181 1.84004 1.77619 1.29457 1.64808 2.33933 1.49466 1.22883 1.78912
threshold=0.013250000309199097 0.29950000345706945 0.41799999773502355 0.5365000069141389 0.52449998259544384 -0.00075000003562308837 -0.0012500000302679835 0.0047499998472630986 0.007299999939277769 0.0023000000510364775 0.0027499999850988392 0.72749999165534984 0.75000000000000011 -0.0037500001490116115
decision_type=2 2 2 2 2 2 2 2 2 2 2 2 2 2
left_child=1 -1 -3 -4 5 12 -6 8 9 10 -8 -10 -5 -14
right_child=-2 2 3 4 6 -7 7 -9 11 -11 -12 -13 13 -15
leaf_value=0.067271231871517734 -0.066305064845094908 -0.041567131610697486 0.049713351292344131 -0.055173923244072144 0.07523803897834716 -0.078494830578791891 -0.058095432209093245 -0.065049665320338124 -0.061407634272602346 0.045373453318469377 0.033378806679412676 0.010249485754683244 0.032450006916009314 -0.041148950155897923
leaf_weight=1.5119420439004887 1.4588966891169537 2.9871095679700366 3.8194446228444603 1.564959544688463 1.4788850136101288 2.0052787736058253 1.7303209453821127 1.1960411220788962 1.6227833256125439 5.4341108277440071 2.4058366939425468 2.958113893866539 3.2552077099680896 1.8733246549963953
leaf_count=19 19 22 38 11 22 17 10 17 11 50 17 24 24 18
internal_value=0 0.00421643 0.00126774 0.00562812 -0.000968625 -0.0247395 0.0113204 0.00516122 0.0110954 0.0236508 -0.00488854 -0.0151351 -0.00863507 0.00556615
internal_weight=0 33.8434 32.3314 29.3443 25.5249 8.69877 16.8261 15.3472 14.1512 9.57027 4.13616 4.5809 6.69349 5.12853
internal_count=319 300 281 259 221 70 151 129 112 77 27 35 53 42
is_linear=0
shrinkage=0.06


Tree=37
num_leaves=15
num_cat=0
split_feature=9 2 8 8 8 1 0 0 7 4 3 2 7 10
split_gain=1.80377 1.63952 1.52338 1.39562 1.50533 1.67057 1.51679 2.06038 0.862485 2.53867 2.95537 1.73602 1.35007 0.932186
threshold=0.013250000309199097 0.29950000345706945 0.0017500000540167095 0.0057500000111758718 0.0042499999981373557 0.61599999666214 0.53000000119209301 0.51399999856948864 -0.00070000000414438535 0.53999999165534984 0.54249998927116405 0.53749999403953563 0.0011000000522471967 -0.16933333873748777
decision_type=2 2 2 2 2 2 2 2 2 2 2 2 2 2
left_child=1 -1 -3 4 8 6 7 -6 9 -4 -11 -12 13 -10
right_child=-2 2 3 -5 5 -7 -8 -9 12 10 11 -13 -14 -15
leaf_value=0.066826231127924407 -0.065910897028871179 0.070155485524091968 0.076647303481517409 0.064074827380141836 -0.068605901196463689 0.0501757850674628 -0.067815399514493252 0.036419291022173825 -0.080222583604479078 0.051639183689098991 0.022622884532957497 -0.080153741730098427 0.005385060771652286 -0.01492946897096231
leaf_weight=1.4330866113305081 1.3819036632776249 1.1134772151708627 2.0852614715695461 1.1324761249124993 1.1498770788311952 0.85040428489446629 3.2040721066296101 1.6196200326085088 1.1775134280323984 2.0137975923717022 0.8997103646397594 1.7279967069625852 12.389707714319227 2.3746105358004579
leaf_count=19 19 11 18 21 8 6 41 13 7 18 9 12 101 16
internal_value=0 0.00405173 0.00121728 -0.0012892 -0.00379909 -0.0285052 -0.0397063 -0.00718648 0.00363823 0.0216552 -0.00305084 -0.0449637 -0.00396413 -0.0365738
internal_weight=0 33.1716 31.7385 30.625 29.4926 6.82397 5.97357 2.7695 22.6686 6.72677 4.6415 2.62771 15.9418 3.55212
internal_count=319 300 281 270 249 68 62 21 181 57 39 21 124 23
is_linear=0
shrinkage=0.06


Tree=38
num_leaves=15
num_cat=0
split_feature=2 8 8 4 0 2 0 7 7 0 5 1 0 2
split_gain=1.67097 1.53331 1.18644 1.97079 1.10941 1.89934 1.65781 0.822764 1.59215 1.91349 1.59463 1.34989 1.14588 2.31561
threshold=0.29950000345706945 0.0017500000540167095 0.0042499999981373557 0.45299999415874487 0.53000000119209301 0.9025000035762788 0.51399999856948864 -0.0071000000461935988 -0.00070000000414438535 0.57749998569488536 0.49599999189376837 0.51850000023841869 0.58250001072883617 0.54050001502037059
decision_type=2 2 2 2 2 2 2 2 2 2 2 2 2 2
left_child=-1 -2 7 -4 6 -6 -5 -3 9 -9 11 -10 13 -12
right_child=1 2 3 4 5 -7 -8 8 10 -11 12 -13 -14 -15
leaf_value=0.066410050328086986 0.069511199652328576 -0.05048514913728689 0.063060368839335829 -0.05533420629243016 -0.066734142255221535 0.023096520548836468 0.036439447317860869 0.068278250061146531 -0.0046441556048042515 -0.0022613427073522037 0.012149770826515147 -0.087808370014280671 0.01616937175131344 -0.087438112101168419
leaf_weight=1.3578307330608357 1.0580565333366383 0.9734844714403178 0.8773353211581697 1.2187149152159675 4.1188919991254807 1.0667946487665174 1.6929182857275007 2.8169671073555991 1.4582544341683399 2.7222578898072243 2.3550045453011985 1.3559990823268888 9.4003251045942289 1.3070328906178472
leaf_count=19 11 7 19 9 58 8 14 31 11 19 21 8 77 7
internal_value=0 -0.00152942 -0.00392596 -0.0223579 -0.0316128 -0.0482543 -0.00197402 0.00346238 0.00591463 0.0336115 -0.00374858 -0.0447154 0.00507761 -0.0233946
internal_weight=0 32.422 31.364 8.97466 8.09732 5.18569 2.91163 22.3893 21.4158 5.53922 15.8766 2.81425 13.0624 3.66204
internal_count=319 300 289 108 89 66 23 181 174 50 124 19 105 28
is_linear=0
shrinkage=0.06


Tree=39
num_leaves=15
num_cat=0
split_feature=8 0 3 0 7 4 9 1 8 0 9 3 5 6
split_gain=2.5923 1.74426 1.42973 1.80618 1.35373 2.30882 1.22766 1.84976 1.85195 1.4265 1.02038 1.02014 1.48478 1.01064
threshold=0.0032500000670552258 0.65549999475479137 0.36299999058246618 0.54150000214576732 0.0016999999643303456 0.53999999165534984 0.013250000309199097 0.6225000023841859 0.0057500000111758718 0.47650000452995306 -1.0000000180025095e-35 0.49449999630451208 0.47050000727176672 -1.0000000180025095e-35
decision_type=2 2 2 2 2 2 2 2 2 2 2 2 2 2
left_child=2 6 -1 -4 10 -6 7 8 9 -2 -5 -11 13 -13
right_child=1 -3 3 4 5 -7 -8 -9 -10 11 -12 12 -14 -15
leaf_value=0.068308049015320976 0.038137115411438618 -0.07755797214670905 0.050581967424795572 -0.0065342560709078503 -0.044819106412974971 0.038185456521018638 -0.065073418912100167 0.056604790644614489 0.063920288921020682 -0.055098246464174501 -0.077203836043287843 -0.039078426382813863 0.032082923936307788 0.026189230586218401
leaf_weight=1.8169541917741288 1.4145125672221244 1.5066308639943589 3.1140903085470191 1.8382776454091074 1.692253030836582 4.2018395736813545 1.3469612784683693 1.5595500394701947 1.0585790425539006 3.1003939025104037 1.2261318638920764 5.321962617337701 1.8823097161948679 1.0173632539808757
leaf_count=19 14 12 42 12 12 38 21 13 21 31 7 47 17 10
internal_value=0 -0.0157281 0.0186874 0.0112194 -0.00246358 0.014354 -0.0101505 -0.00533246 -0.0123345 -0.0186723 -0.0348106 -0.0257698 -0.01471 -0.028604
internal_weight=0 18.2083 13.8895 12.0726 8.9585 5.89409 16.7016 15.3547 13.7951 12.7365 3.06441 11.322 8.22164 6.33933
internal_count=316 186 130 111 69 50 174 153 140 119 19 105 74 57
is_linear=0
shrinkage=0.06


Tree=40
num_leaves=15
num_cat=0
split_feature=8 2 2 0 1 9 15 8 10 0 2 2 0 6
split_gain=2.35338 1.7308 2.03564 2.59882 1.77647 2.45287 1.43015 2.85971 1.3572 1.66906 1.33162 1.47696 2.70735 1.8945
threshold=0.0032500000670552258 0.66050001978874218 0.90150001645088207 0.65549999475479137 0.45299999415874487 -0.00075000003562308837 0.75000000000000011 0.0047499998472630986 0.58033335208892833 0.54150000214576732 0.65950000286102306 0.90049999952316295 0.64849999547004711 -0.00070000000414438535
decision_type=2 2 2 2 2 2 2 2 2 2 2 2 2 2
left_child=8 4 -3 -4 6 -6 -2 -8 9 -1 -11 13 -13 -12
right_child=1 2 3 -5 5 -7 7 -9 -10 10 11 12 -14 -15
leaf_value=0.049486254640551591 -0.084076844717852081 -0.062344966752800074 0.032675744372499572 -0.076670555126487461 0.047410578109761535 -0.035866360925599909 -0.060493398051399604 0.071504880129544826 0.067775731906385417 -0.046476906686563381 -0.022576709223020835 -0.085475882879429158 0.026300220587261742 0.067655066941893105
leaf_weight=2.995707560330632 1.2182708233594897 4.5246816799044591 2.4703866094350819 1.1452124714851377 4.1828105896711367 1.8305236585438232 1.3892532177269479 1.0281482487916944 1.7241728901863087 1.9246811717748622 1.2913076728582362 1.3255266398191454 1.8958229050040243 2.3845749683678172
leaf_count=42 8 60 20 9 50 18 12 9 19 11 8 7 16 27
internal_value=0 -0.0151479 -0.0355238 -0.00195883 0.00204206 0.0220602 -0.0310675 -0.00435303 0.0180467 0.0107914 -0.00234848 0.00996561 -0.0196936 0.0359574
internal_weight=0 17.7893 8.14028 3.6156 9.64901 6.01333 3.63567 2.4174 13.5418 11.8176 8.82191 6.89723 3.22135 3.67588
internal_count=316 186 89 29 97 68 29 21 130 111 69 58 23 35
is_linear=0
shrinkage=0.06


Tree=41
num_leaves=15
num_cat=0
split_feature=8 2 4 0 3 9 10 0 9 1 5 10 10 5
split_gain=2.1501 1.5939 2.06781 3.75863 1.6389 2.54665 1.28566 1.53883 1.2493 1.54521 1.19833 1.1741 1.35924 0.935215
threshold=0.0032500000670552258 0.66050001978874218 0.53999999165534984 0.63350000977516185 0.54749998450279247 -0.00075000003562308837 0.58033335208892833 0.54150000214576732 0.0062500000931322583 0.63150000572204601 0.59549999237060558 0.34550000727176672 0.041666666045784957 0.40899999439716345
decision_type=2 2 2 2 2 2 2 2 2 2 2 2 2 2
left_child=6 4 3 -3 5 13 7 -1 9 10 11 12 -9 -2
right_child=1 2 -4 -5 -6 -7 -8 8 -10 -11 -12 -13 -14 -15
leaf_value=0.048388274810496838 0.0095977522926000754 -0.054069216549514271 -0.062608604700458037 0.070605291793555194 -0.026707647596493529 -0.041184373750029771 0.067280551579071438 -0.030093720866794658 0.067500784772679456 -0.078908667019821882 0.038210943247436062 -0.064003476117093241 0.047122340684882184 0.072121057499604443
leaf_weight=2.8833274543285397 1.3230373747646837 2.0368470102548595 4.304540392011404 1.5202427133917806 4.0678107738494873 1.540714319795369 1.6353515684604634 1.9382277205586418 0.83551372587680806 1.010808080434799 2.1051354967057705 1.3296394944190977 1.42340462654829 2.4675266891717911
leaf_count=42 11 30 44 15 37 15 19 12 9 6 21 8 13 34
internal_value=0 -0.0146999 -0.0346359 -0.000785345 0.00197506 0.0238602 0.0174956 0.0104319 -0.00223082 -0.00969336 0.000600808 -0.0162762 0.00260162 0.0502983
internal_weight=0 17.2607 7.86163 3.55709 9.39909 5.33128 13.1614 11.5261 8.64273 7.80722 6.79641 4.69127 3.36163 3.79056
internal_count=316 186 89 45 97 60 130 111 69 60 54 33 25 45
is_linear=0
shrinkage=0.06


Tree=42
num_leaves=15
num_cat=0
split_feature=8 7 0 15 8 5 3 6 5 5 9 8 15 10
split_gain=1.5444 1.55887 1.27838 2.26865 2.92794 1.22039 0.999752 0.987856 0.975258 1.45275 1.01468 1.72541 1.43811 3.34496
threshold=0.0042499999981373557 0.009599999990314247 0.54150000214576732 0.75000000000000011 0.0047499998472630986 0.73750001192092907 0.33349999785423284 0.0042999999132007369 0.77549999952316295 0.66799998283386242 0.0022500000195577745 0.0027499999850988392 0.75000000000000011 0.016999999992549423
decision_type=2 2 2 2 2 2 2 2 2 2 2 2 2 2
left_child=1 6 3 -2 -5 -4 -1 8 9 10 11 -8 -13 -14
right_child=2 -3 5 4 -6 -7 7 -9 -10 -11 -12 12 13 -15
leaf_value=0.076761791305792526 -0.080639772258281367 -0.045333140146035643 -0.064015149857766282 -0.070675543271423863 0.056688474803477912 0.016940257895935503 0.056101707246072455 -0.036220264593617109 -0.034877695716018925 0.067029618856553647 -0.025630488635840026 0.040112473256405767 0.013172258995243992 -0.086076491625903029
leaf_weight=0.84157365188003552 0.96647047996520985 1.8103170208632935 3.1249720156192784 0.87778915464877938 2.5016240179538727 0.85344380140304554 3.2206181362271407 1.536989640444516 1.3722407445311535 1.9100586213171471 2.2551879957318297 3.0259650014340993 5.3640706464648114 1.5833301469683645
leaf_count=8 6 13 57 8 35 7 46 11 10 25 14 27 49 9
internal_value=0 0.00810031 -0.0220738 0.000423174 0.0236062 -0.0466487 0.0126826 0.0100219 0.0138163 0.0176655 0.0115624 0.0179196 0.00558972 -0.00944678
internal_weight=0 22.9204 8.3243 4.34588 3.37941 3.97842 21.11 20.2685 18.7315 17.3592 15.4492 13.194 9.97337 6.9474
internal_count=325 212 113 49 43 64 199 191 180 170 145 131 85 58
is_linear=0
shrinkage=0.06


Tree=43
num_leaves=15
num_cat=0
split_feature=2 8 7 9 15 9 8 2 5 5 6 9 8 15
split_gain=1.45734 1.46818 1.27692 1.04119 0.927856 2.02498 3.35694 1.21943 0.885987 1.91402 1.57905 0.941041 1.72883 1.69563
threshold=0.29950000345706945 0.0042499999981373557 0.009599999990314247 0.0067500001750886449 0.75000000000000011 -0.0017500000540167091 0.0047499998472630986 0.9025000035762788 0.77549999952316295 0.6615000069141389 0.0042999999132007369 0.0022500000195577745 0.0027499999850988392 0.75000000000000011
decision_type=2 2 2 2 2 2 2 2 2 2 2 2 2 2
left_child=-1 2 3 8 -3 6 -6 -7 9 10 11 12 -2 -14
right_child=1 4 -4 -5 5 7 -8 -9 -10 -11 -12 -13 13 -15
leaf_value=0.065753991215409688 0.054461297447283827 -0.077352219798628816 -0.04309071114310116 0.055409023676737272 -0.068995254942903747 -0.063956702866959148 0.067892155906707469 0.018400941872274919 -0.043234845312927338 0.067275696558947426 -0.074128145146784438 -0.02951260781642772 0.038332737766674251 -0.01665071263364952
leaf_weight=1.1691791340708757 2.855474799871458 1.0550458095967767 1.7908691614866246 1.6525765918195237 0.97895682603120837 2.9275238551199432 1.8902300894260404 0.83092042058706272 1.2425950691103924 1.8264195732772339 0.91540102288127023 2.1397054716944703 2.9779804646968921 6.2711694464087389
leaf_count=19 40 8 13 16 11 55 28 7 9 24 6 13 27 49
internal_value=0 -0.00255414 0.00543509 0.0098062 -0.0250911 -0.0167717 0.0211866 -0.045749 0.00567195 0.00924965 0.00225877 0.00716771 0.0136516 0.0010525
internal_weight=0 29.3549 21.6722 19.8813 7.68268 6.62763 2.86919 3.75844 18.2287 16.9862 15.1597 14.2443 12.1046 9.24915
internal_count=325 306 197 184 109 101 39 62 168 159 135 129 116 76
is_linear=0
shrinkage=0.06


Tree=44
num_leaves=15
num_cat=0
split_feature=2 8 7 10 15 9 8 5 5 5 6 6 7 7
split_gain=1.36329 1.36187 1.14373 0.959947 0.858133 1.87691 3.13735 1.16738 0.815874 1.22661 1.44737 1.13867 0.841439 1.07476
threshold=0.29950000345706945 0.0042499999981373557 0.009599999990314247 0.66999998688697826 0.75000000000000011 -0.0017500000540167091 0.0047499998472630986 0.73750001192092907 0.85249999165534984 0.6615000069141389 0.0042999999132007369 0.00090000001364387583 -0.0071000000461935988 -0.00070000000414438535
decision_type=2 2 2 2 2 2 2 2 2 2 2 2 2 2
left_child=-1 2 3 8 -3 6 -6 -7 9 10 12 -11 -2 -14
right_child=1 4 -4 -5 5 7 -8 -9 -10 11 -12 -13 13 -15
leaf_value=0.065412387868672497 -0.057027495626373916 -0.076161162444085898 -0.040934426440417483 0.075971890329927405 -0.068436397753738942 -0.063725702500357168 0.067416325543412606 0.017372326654297398 -0.050162502730413304 -0.022185147344379038 -0.071289846428035542 0.067106451400384376 0.03130357915116979 -0.0032020445653533811
leaf_weight=1.106666892766955 0.69489774852992248 1.0086672902107237 1.7726700529456128 0.74981922283768554 0.92924614623189006 2.7676684185862537 1.792333837598562 0.83080127090215672 0.86528259515762229 0.67562290653586332 0.89535795897245485 2.1510621421039104 5.4350333064794656 8.08184141293167
leaf_count=19 5 8 13 7 11 55 28 7 6 7 6 28 56 69
internal_value=0 -0.00245595 0.0052134 0.00939802 -0.0247685 -0.0165664 0.0210313 -0.0450021 0.00674266 0.00948826 0.00270067 0.0457643 0.00736216 0.0106724
internal_weight=0 28.6503 21.3216 19.5489 7.32872 6.32005 2.72158 3.59847 18.7991 17.9338 15.1071 2.82669 14.2118 13.5169
internal_count=325 306 197 184 109 101 39 62 177 171 136 35 130 125
is_linear=0
shrinkage=0.06


Tree=45
num_leaves=15
num_cat=0
split_feature=2 8 4 2 2 9 9 8 10 0 3 0 15 10
split_gain=1.20159 1.34371 2.20969 2.80057 1.92814 1.43573 1.56762 2.2407 1.3532 1.08001 2.61051 1.06497 0.933867 2.4264
threshold=0.29950000345706945 0.0037500001490116124 0.53999999165534984 0.69200000166893016 0.65950000286102306 0.0072500000242143878 0.0017500000540167095 0.0027499999850988392 0.59016665816307079 0.58250001072883617 0.42299999296665197 0.58949998021125805 0.75000000000000011 -0.047666667029261582
decision_type=2 2 2 2 2 2 2 2 2 2 2 2 2 2
left_child=-1 5 3 4 -3 6 7 -2 9 -8 -11 -4 -9 -14
right_child=1 2 11 -5 -6 -7 8 12 -10 10 -12 -13 13 -15
leaf_value=0.065270520566479945 0.065487874924188769 0.061973929776422625 -0.021075597097970883 0.07623053118576853 -0.063640794949361312 0.071900290420541524 -0.075687012947171978 0.031807280394552433 0.039694936921075889 -0.044123565324447257 0.071110282622156795 -0.06856777429471396 0.018303105727497777 -0.074619884664985814
leaf_weight=0.95228222385049122 2.6210195198655182 0.61672959476709266 4.5095395930111408 1.6530769877135751 1.5343021675944326 1.1581985726952542 1.5062633007764805 2.179279569536452 1.1272532120347021 2.8654548414051537 0.93986582756042469 2.7280813679099083 2.7120511382818262 1.6134595721959981
leaf_count=17 41 20 45 15 32 12 8 22 13 20 9 39 22 10
internal_value=0 -0.00327347 -0.0195176 0.0175053 -0.0276254 0.00745216 0.00265643 0.0186509 -0.0200127 -0.0326841 -0.0156623 -0.0389769 -0.000221414 -0.0163581
internal_weight=0 27.7646 11.0417 3.80411 2.15103 16.7228 15.5646 9.12581 6.43884 5.31158 3.80532 7.23762 6.50479 4.32551
internal_count=325 308 151 67 52 157 145 95 50 37 29 84 54 32
is_linear=0
shrinkage=0.06


Tree=46
num_leaves=15
num_cat=0
split_feature=2 8 4 2 2 9 7 0 1 9 8 7 0 4
split_gain=1.12375 1.22862 1.99912 2.588 1.81019 1.3441 1.5536 1.0576 1.02297 1.50093 2.00163 1.49824 1.5422 1.48196
threshold=0.29950000345706945 0.0037500001490116124 0.53999999165534984 0.69200000166893016 0.65950000286102306 0.0072500000242143878 0.0049000000581145295 0.58949998021125805 0.58849999308586132 0.0017500000540167095 0.0027499999850988392 -1.0000000180025095e-35 0.57749998569488536 0.53999999165534984
decision_type=2 2 2 2 2 2 2 2 2 2 2 2 2 2
left_child=-1 5 3 4 -3 6 8 -4 9 10 -2 12 -12 -13
right_child=1 2 7 -5 -6 -7 -8 -9 -10 -11 11 13 -14 -15
leaf_value=0.064958566309811949 0.065201655322420102 0.061855313346265386 -0.019902188442764129 0.074703894231097454 -0.063420092505008283 0.07122837695577186 -0.037217589510325354 -0.068061931926217317 0.057567914972155604 -0.039122692969132809 0.051932895362963256 -0.088300876178364962 -0.023466028179101355 0.0075351928527522738
leaf_weight=0.90100165084004658 2.2497793063521438 0.58189406991004844 4.4895298629999161 1.5876572206616399 1.4498270377516744 1.1007264479994763 2.8673394024372092 2.5877240300178528 1.5394202806055535 2.1855615973472586 2.4120295122265842 1.1294353976845715 1.6410064846277235 1.1959665678441525
leaf_count=17 37 20 45 15 32 12 20 39 22 13 24 7 11 11
internal_value=0 -0.00315706 -0.0189618 0.0173094 -0.0275407 0.00720106 0.0025707 -0.0375113 0.0118061 0.00529156 0.0165419 -0.000621237 0.0214051 -0.0390119
internal_weight=0 27.0179 10.6966 3.61938 2.03172 16.3213 15.2205 7.07725 12.3532 10.8138 8.62822 6.37844 4.05304 2.3254
internal_count=325 308 151 67 52 157 145 84 125 103 90 53 35 18
is_linear=0
shrinkage=0.06


Tree=47
num_leaves=15
num_cat=0
split_feature=2 8 4 2 2 0 3 3 5 1 0 6 5 7
split_gain=1.05115 1.12326 1.80773 2.39154 1.69979 1.04794 0.999916 0.9769 0.702249 1.99053 1.77471 1.32842 1.02595 1.18382
threshold=0.29950000345706945 0.0037500001490116124 0.53999999165534984 0.69200000166893016 0.65950000286102306 0.58949998021125805 0.33349999785423284 0.639499992132187 0.49599999189376837 0.54350000619888317 0.56999999284744274 -0.00029999999242136249 0.57499998807907116 0.0049000000581145295
decision_type=2 2 2 2 2 2 2 2 2 2 2 2 2 2
left_child=-1 6 3 4 -3 -4 -2 8 10 -10 11 -8 -11 -14
right_child=1 2 5 -5 -6 -7 7 -9 9 12 -12 -13 13 -15
leaf_value=0.064665530512388741 0.073389462321163806 0.061744027703272905 -0.018787686395549917 0.073201460829078385 -0.063213283607714263 -0.067586448665005405 0.066366140409300792 0.071006171281063457 0.062565825539596734 -0.045749016486163196 -0.055540837599151342 -0.024495912060345355 0.034002077709455195 -0.019148199912851781
leaf_weight=0.85225975327193992 0.7760137096047427 0.54896492511033868 4.4710898883640766 1.5249557867646215 1.3697270527482031 2.4536502510309219 1.0944477170705798 0.73560659214854318 2.0060028620064241 1.6954614408314226 2.3654535710811615 1.2305486202239961 2.9777658805251122 3.0577245242893696
leaf_count=17 8 20 45 15 32 39 16 8 21 12 16 12 38 26
internal_value=0 -0.00303938 -0.0184113 0.0171154 -0.0274612 -0.0360786 0.0069601 0.00356038 0.000121534 0.00930905 -0.0189509 0.0182757 -0.00450984 0.00707487
internal_weight=0 26.3074 10.3684 3.44365 1.91869 6.92474 15.939 15.163 14.4274 9.73695 4.69045 2.325 7.73095 6.03549
internal_count=325 308 151 67 52 84 157 149 141 97 44 28 76 64
is_linear=0
shrinkage=0.06


Tree=48
num_leaves=15
num_cat=0
split_feature=8 9 2 4 7 2 7 5 15 4 9 5 15 8
split_gain=1.1054 1.56708 1.0754 1.74166 1.86793 1.35214 1.07836 1.96323 1.05844 1.62991 0.933624 1.64192 1.84956 1.89868
threshold=0.0037500001490116124 0.0062500000931322583 0.54050001502037059 0.53999999165534984 0.00070000000414438557 0.65950000286102306 0.0079000000841915625 0.57499998807907116 0.75000000000000011 0.53999999165534984 -0.00075000003562308837 0.47050000727176672 0.75000000000000011 0.0047499998472630986
decision_type=2 2 2 2 2 2 2 2 2 2 2 2 2 2
left_child=1 2 3 4 -1 -4 7 8 -7 -10 11 12 -2 -14
right_child=10 -3 5 -5 -6 6 -8 -9 9 -11 -12 -13 13 -15
leaf_value=0.043006411640745708 -0.078657150207225482 0.068977998221850995 -0.04233639068670407 0.053102577889611556 -0.089733668233834898 0.040371322002755269 -0.058684634508113918 0.058887429500300015 0.024864571238624764 -0.066321327393422447 -0.035722241130505615 0.074729705763066367 -0.024188723761577682 0.062245173502599269
leaf_weight=0.75093556940556172 1.1628132946789262 1.5330526717007149 2.6960145607590658 3.2841343060135841 0.77605760097503662 1.0945745185017592 0.78874015063047398 2.3766389824450016 1.1984794586896887 1.7162414938211441 4.1839985828846675 0.92474116757512081 2.4992292858660226 1.4432904645800588
leaf_count=11 9 18 19 53 5 10 6 31 10 11 72 22 30 16
internal_value=0 0.0112547 0.00522728 0.0284866 -0.0244555 -0.00610967 0.00750319 0.0156782 -0.00993549 -0.0288274 -0.013945 0.00116528 -0.0121596 0.00745328
internal_weight=0 16.2149 14.6818 4.81113 1.52699 9.87069 7.17467 6.38593 4.0093 2.91472 10.2141 6.03007 5.10533 3.94252
internal_count=323 174 156 69 16 87 68 62 31 21 149 77 55 46
is_linear=0
shrinkage=0.06


Tree=49
num_leaves=15
num_cat=0
split_feature=9 5 2 4 8 9 7 5 8 6 1 5 3 1
split_gain=1.02652 1.15414 2.02976 3.10017 1.33064 0.919846 1.20035 1.34883 0.951774 1.13759 1.11381 1.05251 1.13814 0.912824
threshold=0.013250000309199097 0.49599999189376837 0.5365000069141389 0.53999999165534984 0.0047499998472630986 -0.0012500000302679835 0.009599999990314247 0.66799998283386242 0.0037500001490116124 -0.00029999999242136249 0.54550001025199901 0.57499998807907116 0.43750000000000006 0.51649999618530285
decision_type=2 2 2 2 2 2 2 2 2 2 2 2 2 2
left_child=1 2 13 -4 -5 -3 7 8 9 -7 -11 -12 -13 -1
right_child=-2 5 3 4 -6 6 -8 -9 -10 10 11 12 -14 -15
leaf_value=0.03452905252809272 -0.063244427333471173 0.074178319379906654 0.04644992438947175 -0.062823294407615388 0.015298427576084203 0.051418391574465039 -0.03391199497397937 0.043505344903400425 -0.063270896980773914 0.044573769281914144 -0.072446140981771934 0.045230953615516364 -0.057462618120075762 -0.044867830307675431
leaf_weight=3.568754002451902 0.85287579894065757 0.90051217377186077 1.5224092341959474 4.7572842240333557 0.94000480696558941 1.6177297122776511 1.8024520017206658 4.6144002843648195 0.73943376913666714 1.0281954333186094 1.1488822102546694 0.94039501249790169 0.66202942281961441 0.61046592891216267
leaf_count=52 21 22 17 48 11 19 18 57 17 11 7 13 4 6
internal_value=0 0.00370082 -0.0103463 -0.0296095 -0.0499339 0.0156022 0.0114003 0.0189971 0.000568371 0.00931451 -0.0087071 -0.0286188 0.00280389 0.0229314
internal_weight=0 24.8529 11.3989 7.2197 5.69729 13.454 12.5535 10.7511 6.13667 5.39723 3.7795 2.75131 1.60242 4.17922
internal_count=323 302 134 76 59 168 146 128 71 54 35 24 17 58
is_linear=0
shrinkage=0.06


Tree=50
num_leaves=15
num_cat=0
split_feature=8 9 2 4 7 2 15 8 0 0 2 9 5 15
split_gain=0.980375 1.43508 0.994651 1.53238 1.66486 1.15144 0.94059 1.08367 1.26762 0.879309 1.45331 1.77078 1.44701 1.72371
threshold=0.0037500001490116124 0.0062500000931322583 0.54050001502037059 0.53999999165534984 0.00070000000414438557 0.65950000286102306 0.75000000000000011 0.0027499999850988392 0.62950000166893016 0.65549999475479137 0.9025000035762788 -0.00075000003562308837 0.47050000727176672 0.75000000000000011
decision_type=2 2 2 2 2 2 2 2 2 2 2 2 2 2
left_child=1 2 3 4 -1 -4 -7 8 -8 10 11 12 13 -2
right_child=9 -3 5 -5 -6 6 7 -9 -10 -11 -12 -13 -14 -15
leaf_value=0.041876780459162904 -0.077189960465576538 0.068222735361509468 -0.039872416714280642 0.052030657542885224 -0.086131309987355784 0.04780009782637485 0.067802082834098068 -0.025354132397939481 -0.03717171466789207 -0.069973635059031092 0.059273246758233478 -0.063860554974523615 0.073570205036293662 0.0076669842703031609
leaf_weight=0.72698050364852196 1.1184288337826718 1.424023326486348 2.625781409442423 3.0841771028935909 0.73614909499883652 1.5602473206818075 1.208532497286799 3.3975444696843624 0.6300024241209029 0.90032124519348222 1.0295478515326975 2.0876844134181711 0.83745618164539326 3.7552650552242994
leaf_count=11 9 18 19 53 5 19 17 27 5 11 12 49 22 46
internal_value=0 0.0108439 0.00499481 0.0280407 -0.0225283 -0.00612764 0.00690975 -0.00527476 0.0318312 -0.0134882 -0.00772782 -0.0165728 0.000712974 -0.0118062
internal_weight=0 15.3934 13.9694 4.54731 1.46313 9.42211 6.79633 5.23608 1.83853 9.7287 8.82838 7.79883 5.71115 4.87369
internal_count=323 174 156 69 16 87 68 49 22 149 138 126 77 55
is_linear=0
shrinkage=0.06


Tree=51
num_leaves=15
num_cat=0
split_feature=9 8 2 4 3 9 3 8 1 2 2 2 10 1
split_gain=0.91196 0.833764 0.870153 2.15319 1.90178 2.14685 1.74584 1.37402 1.1563 1.74113 1.15004 1.35935 2.16059 0.946824
threshold=0.013250000309199097 0.0017500000540167095 0.5365000069141389 0.53999999165534984 0.45650000870227819 0.0057500000111758718 0.56149998307228099 0.0037500001490116124 0.58849999308586132 0.54050001502037059 0.41799999773502355 0.35800001025199896 0.050166666507720954 0.44850000739097601
decision_type=2 2 2 2 2 2 2 2 2 2 2 2 2 2
left_child=1 -1 10 4 5 -4 7 8 9 -5 11 12 -3 -9
right_child=-2 2 3 6 -6 -7 -8 13 -10 -11 -12 -13 -14 -15
leaf_value=0.067713962661686666 -0.062819751037178559 0.065150392086625764 -0.056840696907983851 0.06608388007825132 0.062704351404192574 0.06542139453373802 -0.070779508003958491 0.010133070668162545 0.036450909258805647 -0.02873352883707421 0.051542448800664858 -0.07042596545420618 -0.071080392037668028 -0.066285580411049649
leaf_weight=0.69562793523073807 0.78294850885867973 1.3386583272367745 1.4243177715688955 0.83881814405321886 2.6458313353359699 0.81167760118842114 1.956283567473293 0.81691353954374823 2.6338374949991703 4.1295319944620132 2.5294725820422173 0.79909733310341824 0.61012415587902058 2.0443402864038944
leaf_count=10 22 28 13 11 41 12 21 9 34 33 37 8 3 37
internal_value=0 0.00301531 0.00102202 -0.00548321 0.0282777 -0.0124589 -0.0187536 -0.0090267 0.00431219 -0.0127253 0.0223491 -0.00452383 0.0224993 -0.0444674
internal_weight=0 23.2745 22.5789 17.3016 4.88183 2.236 12.4197 10.4634 7.60219 4.96835 5.27735 2.74788 1.94878 2.86125
internal_count=319 297 287 211 66 25 145 124 78 44 76 39 31 46
is_linear=0
shrinkage=0.06


Tree=52
num_leaves=15
num_cat=0
split_feature=0 8 9 6 9 9 0 4 0 3 3 3 10 6
split_gain=1.04258 0.896382 0.737377 0.553396 0.999726 0.800209 1.83591 1.69165 2.26357 2.07243 1.29488 1.24091 1.03866 0.892998
threshold=0.45849999785423284 0.0017500000540167095 0.013250000309199097 0.0054999999701976785 0.0072500000242143878 1.0000000180025095e-35 0.58250001072883617 0.53999999165534984 0.58049997687339794 0.5365000069141389 0.42299999296665197 0.38250000774860388 -0.024666666053235527 0.0025000000605359678
decision_type=2 2 2 2 2 2 2 2 2 2 2 2 2 2
left_child=-1 -2 3 4 5 7 -7 13 9 -9 11 -8 -10 -3
right_child=1 2 -4 -5 -6 6 10 8 12 -11 -12 -13 -14 -15
leaf_value=0.06479311617013836 0.067245112009552674 0.072694196182802567 -0.062651125133884988 -0.035123224431105431 0.050474289601256189 -0.05501056964297573 0.019780623094185927 0.067750976361168308 -0.070348497483191968 -0.009479488973277661 0.053841454455801137 -0.055879749974152154 0.018005412808739196 -0.016628834194776135
leaf_weight=0.88319811038673179 0.6595463883131768 1.825626768171799 0.73927750438451667 1.6426033340394486 1.3743521645665158 2.8974573761224738 1.6797193549573424 1.9086538404226301 2.0711130276322369 3.6294058859348297 1.410718126222491 1.4575261920690534 0.62309178709983815 0.51704103872179974
leaf_count=20 10 32 22 20 20 31 17 26 27 43 20 14 11 6
internal_value=0 -0.00166709 -0.00375423 -0.00168452 0.00114752 -0.00261447 -0.0176828 0.00799459 -0.00480699 0.0171375 0.00609829 -0.0153703 -0.0499148 0.0529801
internal_weight=0 22.4361 21.7766 21.0373 19.3947 18.0204 7.44542 10.5749 8.23226 5.53806 4.54796 3.13725 2.6942 2.34267
internal_count=319 299 289 267 247 227 82 145 107 69 51 31 38 38
is_linear=0
shrinkage=0.06


Tree=53
num_leaves=15
num_cat=0
split_feature=0 8 9 2 2 4 3 9 3 8 0 2 2 1
split_gain=0.976857 0.836302 0.695075 0.743342 1.84427 1.85348 1.64968 1.93718 1.58808 1.24254 1.59875 1.30003 1.28618 1.81962
threshold=0.45849999785423284 0.0017500000540167095 0.013250000309199097 0.41799999773502355 0.5365000069141389 0.53999999165534984 0.45650000870227819 0.0057500000111758718 0.56149998307228099 0.0037500001490116124 0.6525000035762788 0.54050001502037059 0.65950000286102306 0.52549999952316295
decision_type=2 2 2 2 2 2 2 2 2 2 2 2 2 2
left_child=-1 -2 3 -3 -5 6 7 -6 9 10 11 -7 -13 -14
right_child=1 2 -4 4 5 8 -8 -9 -10 -11 -12 12 13 -15
leaf_value=0.064518715478543931 0.066805865816588164 -0.039261248476525512 -0.062492836724623101 0.050414514772884139 -0.054873953806281538 0.065330778678756765 0.060585540132744205 0.065063379832463936 -0.069711303383303433 -0.043333444304858387 0.06559254664773026 -0.076947730565311928 -0.069593280374581068 0.019707870799548468
leaf_weight=0.8351948000490691 0.62509709224105137 1.7289651576429665 0.69793527387082477 2.4488212317228344 1.3505771756172191 0.75086731091141512 2.4500746615231037 0.75626943260431279 1.8063679169863469 2.707291305065155 1.264875456690788 1.0951228253543375 1.11775317043066 3.0984828844666481
leaf_count=20 10 19 22 37 13 11 41 12 21 46 19 7 8 33
internal_value=0 -0.00159637 -0.0036063 -0.00160883 0.00184538 -0.00540791 0.0271089 -0.0118215 -0.017922 -0.00859902 0.00423501 -0.00856716 -0.0190141 -0.00396648
internal_weight=0 21.8985 21.2734 20.5755 18.8465 16.3977 4.55692 2.10685 11.8408 10.0344 7.3271 6.06223 5.31136 4.21624
internal_count=319 299 289 267 248 211 66 25 145 124 78 59 48 41
is_linear=0
shrinkage=0.06


Tree=54
num_leaves=15
num_cat=0
split_feature=0 8 10 0 2 3 5 10 2 0 2 3 5 1
split_gain=1.00907 0.787325 1.17287 1.04699 1.40609 0.972759 1.4619 1.07764 1.00296 0.925683 1.31355 0.835337 0.812795 0.758506
threshold=0.45849999785423284 0.0032500000670552258 0.52983331680297863 0.54150000214576732 0.65950000286102306 0.43250000476837164 0.58199998736381542 -0.01283333310857415 0.90150001645088207 0.65549999475479137 0.9025000035762788 0.48200000822544103 0.47050000727176672 0.55450001358985912
decision_type=2 2 2 2 2 2 2 2 2 2 2 2 2 2
left_child=-1 2 3 13 -5 6 -6 -7 -8 10 11 -3 -13 -2
right_child=1 9 -4 4 5 7 8 -9 -10 -11 -12 12 -14 -15
leaf_value=0.064493355898810528 0.064596707143039833 -0.043230516503551572 0.053131774337173969 -0.050844282790174916 -0.09490633771348278 -0.019611316033341483 0.066958640900545735 0.066975427080439409 -0.025894020938589068 -0.068951629294442346 0.057732790960417418 -0.015854405756972296 0.026993363908739687 -0.029318596184804636
leaf_weight=0.86539477296173828 1.3282923623919503 2.5535985101014322 1.9104169663041819 2.0642364174127579 0.64959585666656527 0.79542206227779289 0.68782344833016384 1.4807339869439613 1.0707013607025144 0.94074761494994241 1.0261406935751445 5.6310136206448078 2.2229463141411543 0.40367884002625931
leaf_count=21 26 41 28 14 3 6 10 21 12 12 15 72 46 6
internal_value=0 -0.00151626 0.0106604 0.00109276 -0.00958743 0.00859337 -0.0179891 0.036717 0.0104241 -0.0117411 -0.00703386 -0.0134196 -0.00372698 0.0427074
internal_weight=0 22.7653 10.3909 8.48048 6.74851 4.68428 2.40812 2.27616 1.75852 12.3744 11.4337 10.4076 7.85396 1.73197
internal_count=333 312 126 98 66 52 25 27 22 186 174 159 118 32
is_linear=0
shrinkage=0.06


Tree=55
num_leaves=15
num_cat=0
split_feature=0 8 7 9 0 4 2 9 4 3 15 9 15 1
split_gain=0.945626 0.748319 0.51356 0.821327 1.04535 2.07729 1.04805 1.87531 1.64193 2.04519 2.14729 1.38212 0.739912 0.94686
threshold=0.45849999785423284 0.0017500000540167095 -0.014599999878555535 -0.0077500001061707726 0.51850000023841869 0.53999999165534984 0.78049999475479137 0.0017500000540167095 0.53999999165534984 0.54749998450279247 0.75000000000000011 -0.00575000001117587 0.75000000000000011 0.55950000882148754
decision_type=2 2 2 2 2 2 2 2 2 2 2 2 2 2
left_child=-1 -2 -3 -4 5 -5 7 8 -6 10 -10 -12 -8 -14
right_child=1 2 3 4 6 -7 12 -9 9 -11 11 -13 13 -15
leaf_value=0.064233158972795884 0.066959287919536037 0.070244852960468201 -0.048515302333507218 -0.041174662423165094 0.048893438296809734 0.06616878447810555 0.066175814348644821 -0.06852695227960108 0.073457569721249907 -0.070184953123157215 0.049173377781861927 -0.063503676714674329 -0.041582180835272382 0.013056745773399381
leaf_weight=0.8181992936879422 0.56125850044191139 0.3373232781887151 1.4166820272803402 0.95741012692450356 1.547618748620154 2.0147727150470018 0.72777173481881607 2.2575396820902824 1.1495175585150894 1.9301227927207945 0.55417390912772457 1.3383956532925068 1.4054241571575383 6.0866818595677614
leaf_count=21 9 3 14 11 32 35 11 38 14 25 6 23 16 75
internal_value=0 -0.00144353 -0.00321082 -0.00436944 -0.00123762 0.0315909 -0.00697811 -0.0213961 -0.00507664 -0.021875 0.00877632 -0.0305101 0.00841771 0.00280718
internal_weight=0 22.2847 21.7234 21.3861 19.9694 2.97218 16.9972 8.77737 6.51983 4.97221 3.04209 1.89257 8.21988 7.49211
internal_count=333 312 303 300 286 46 240 138 100 68 43 29 102 91
is_linear=0
shrinkage=0.06


Tree=56
num_leaves=15
num_cat=0
split_feature=0 8 10 0 2 3 5 4 10 0 2 3 1 5
split_gain=0.886759 0.697911 1.02306 0.904805 1.19079 0.903875 1.25165 2.11317 0.988844 0.879527 1.17528 0.754054 0.697891 0.683183
threshold=0.45849999785423284 0.0032500000670552258 0.52983331680297863 0.54150000214576732 0.65950000286102306 0.43250000476837164 0.58199998736381542 0.53999999165534984 -0.01283333310857415 0.65549999475479137 0.9025000035762788 0.48200000822544103 0.55450001358985912 0.52849999070167553
decision_type=2 2 2 2 2 2 2 2 2 2 2 2 2 2
left_child=-1 2 3 12 -5 6 -6 -8 -7 10 11 -3 -2 -13
right_child=1 9 -4 4 5 8 7 -9 -10 -11 -12 13 -14 -15
leaf_value=0.063988032111535226 0.06413721650955094 -0.04158479459279564 0.051349400800157784 -0.047951141649418057 -0.090717416395179162 -0.018432602957823632 -0.069874642900990672 0.06564295796193402 0.06657738882504069 -0.068364288895410019 0.05627321047780813 -0.01132760565374418 -0.027419967900033516 0.037264357056152261
leaf_weight=0.77341333217919128 1.2115989308804289 2.4503494352102226 1.7971544656902541 1.9492749273777006 0.61967121064662967 0.76512806117534515 0.71280930936336495 0.98892730660736561 1.3829498179256929 0.89568589255213815 0.97716949321329671 6.275732196867466 0.39822002314031113 1.2489136401563881
leaf_count=21 26 41 28 14 3 6 6 16 21 12 15 86 6 32
internal_value=0 -0.00139455 0.0104283 0.00126837 -0.00881887 0.00824787 -0.0177074 0.00887847 0.0362975 -0.0111996 -0.00652454 -0.0126763 0.0414888 -0.00326249
internal_weight=0 21.6736 9.82573 8.02858 6.41876 4.46949 2.32141 1.70174 2.14808 11.8479 10.9522 9.975 1.60982 7.52465
internal_count=333 312 126 98 66 52 25 22 27 186 174 159 32 118
is_linear=0
shrinkage=0.06


Tree=57
num_leaves=15
num_cat=0
split_feature=8 9 9 8 4 0 1 5 15 5 7 8 8 3
split_gain=0.750499 0.684568 0.952962 1.21959 0.842938 1.87193 1.53953 0.703326 1.40078 0.987738 1.10268 1.0562 0.948189 1.54999
threshold=0.0017500000540167095 -0.0077500001061707726 -0.0012500000302679835 0.0047499998472630986 0.53999999165534984 0.51949998736381542 0.51850000023841869 0.57100000977516185 0.75000000000000011 0.77549999952316295 0.0088999997824430483 0.0022500000195577745 0.0027499999850988392 0.46850000321865087
decision_type=2 2 2 2 2 2 2 2 2 2 2 2 2 2
left_child=-1 -2 4 7 -3 -6 -7 8 -4 10 11 -9 13 -10
right_child=1 2 3 -5 5 6 -8 9 12 -11 -12 -13 -14 -15
leaf_value=0.066363926180566732 -0.043822288566199165 0.05343171858643684 0.03308425538341031 -0.062317478971010191 0.053009745638648124 -0.055816032929082132 0.042864035292903585 -0.020784519530130992 -0.070915776935272373 -0.021083643490822548 -0.038649488712912954 0.058026463796237236 -0.054937560248733371 0.067126068763303015
leaf_weight=0.59138070233166473 1.330996766686442 1.8836806742474514 1.4161670729517934 1.3582271747291095 1.8002981878817079 1.8828583154827359 0.81573788821697224 0.7795114312320951 0.50834772177039667 2.3092328570783138 0.75353094190359104 2.8516890276223421 2.867755139246583 0.6906837522983551
leaf_count=11 14 36 18 44 40 26 8 10 4 25 9 45 32 12
internal_value=0 -0.0021618 0.000622154 -0.00839015 0.019734 0.00562482 -0.0259868 -0.00237503 -0.0183079 0.0106754 0.0274015 0.0411081 -0.0362041 0.00860112
internal_weight=0 21.2487 19.9177 13.5351 6.38258 4.49889 2.6986 12.1769 5.48295 6.69396 4.38473 3.6312 4.06679 1.19903
internal_count=334 323 309 199 110 74 34 155 66 89 64 55 48 16
is_linear=0
shrinkage=0.06


Tree=58
num_leaves=15
num_cat=0
split_feature=8 2 1 9 10 9 2 2 4 8 4 10 2 9
split_gain=0.701776 0.738723 0.666759 0.565449 0.45588 0.611783 0.828636 1.31701 1.90652 0.738747 0.939439 1.39113 0.685124 0.882134
threshold=0.0017500000540167095 0.29950000345706945 0.41399998962879186 0.013250000309199097 -0.65283334255218495 -0.0012500000302679835 0.78049999475479137 0.54050001502037059 0.53999999165534984 0.0047499998472630986 0.53999999165534984 -0.29066666960716242 0.84049999713897716 0.0057500000111758718
decision_type=2 2 2 2 2 2 2 2 2 2 2 2 2 2
left_child=-1 -2 -3 4 -4 9 7 8 -7 10 -6 -12 -8 -14
right_child=1 2 3 -5 5 6 12 -9 -10 -11 11 -13 13 -15
leaf_value=0.065985415966206662 0.063489150102416944 -0.066006709136459674 -0.041031800041232698 -0.062117198161591003 0.047403410655873439 -0.046377775912525544 0.059227577515743979 -0.051055507310141947 0.056538673776202385 0.05979505944912282 -0.056267822056548532 0.027675751568434923 -0.020091509808004344 0.024983863207336591
leaf_weight=0.56003903411329048 0.60060143470764416 0.60625659301877277 0.94339925795794854 0.54945209808647533 1.3763013873249441 1.2290570046752478 0.8301945887506007 2.8734627943485975 1.3706498183310032 1.2152131861075757 1.3781093899160621 1.4675565641373398 3.3050432894378901 2.9653502479195595
leaf_count=11 19 8 12 21 15 12 15 40 28 31 20 22 39 41
internal_value=0 -0.00208138 -0.0040397 -0.00211351 -0.000374111 0.00175551 -0.00551619 -0.0230602 0.00788312 0.0185717 0.00670633 -0.0129767 0.0080068 0.00122522
internal_weight=0 20.7106 20.11 19.5038 18.9543 18.0109 12.5738 5.47317 2.59971 5.43718 4.22197 2.84567 7.10059 6.27039
internal_count=334 323 304 296 275 263 175 80 40 88 57 42 95 80
is_linear=0
shrinkage=0.06


Tree=59
num_leaves=15
num_cat=0
split_feature=9 9 5 15 7 2 3 5 4 0 1 2 3 9
split_gain=0.63947 0.637921 0.763895 1.46344 0.978895 1.06603 1.67344 1.23587 0.714482 1.66713 1.37953 0.830141 0.613713 0.588313
threshold=-0.0077500001061707726 -0.0012500000302679835 0.57100000977516185 0.75000000000000011 0.009599999990314247 0.77949997782707225 0.43750000000000006 0.89149999618530285 0.53999999165534984 0.51949998736381542 0.51850000023841869 0.54150000214576732 0.44399999082088476 0.00075000003562308859
decision_type=2 2 2 2 2 2 2 2 2 2 2 2 2 2
left_child=-1 8 3 13 5 6 -4 -7 11 -10 -11 -2 -5 -3
right_child=1 2 4 12 -6 7 -8 -9 9 10 -12 -13 -14 -15
leaf_value=-0.041777035064916833 -0.029039150354826387 0.066240851182014698 0.065303218819905848 -0.081617679507675719 -0.036094226961288049 0.047291132839806869 -0.053894284298863886 -0.054744885809772152 0.051838152501022715 -0.054560720908578934 0.040674888024699381 0.071394194657023929 -0.026547467338069081 -0.012872291007885289
leaf_weight=1.2557460106909299 0.37461379542947248 0.79923450574278809 0.60842608101666007 0.91558672115206352 1.4854446090757845 3.6844075229018927 1.3989306651055811 0.48340071737766255 1.6708257449790833 1.7744246199727061 0.79194685071706761 1.4168321872130034 3.5654003154486418 0.58685491234064102
leaf_count=14 6 12 13 6 25 61 20 4 40 26 8 30 63 6
internal_value=0 0.00239265 -0.00484153 -0.0211336 0.0076362 0.0181556 -0.0177657 0.0354565 0.0186254 0.0051947 -0.0251723 0.0503923 -0.0377998 0.0327452
internal_weight=0 19.5563 13.5277 5.86708 7.66061 6.17516 2.00736 4.16781 6.02864 4.2372 2.56637 1.79145 4.48099 1.38609
internal_count=334 320 210 87 123 98 33 65 110 74 34 36 69 18
is_linear=0
shrinkage=0.06


Tree=60
num_leaves=15
num_cat=0
split_feature=8 0 8 4 2 5 7 6 1 6 0 4 4 2
split_gain=0.813547 0.367712 1.04905 1.66303 0.689654 0.643398 0.642513 0.597712 0.525308 0.457622 1.11597 1.12646 0.845533 1.26998
threshold=0.0022500000195577745 0.64049997925758373 0.0032500000670552258 0.53999999165534984 0.29950000345706945 0.89149999618530285 -0.014599999878555535 -0.0064999999012798062 0.41399998962879186 -0.0019000000320374963 0.5600000023841859 0.53999999165534984 0.53999999165534984 0.5365000069141389
decision_type=2 2 2 2 2 2 2 2 2 2 2 2 2 2
left_child=-1 4 5 -4 -2 -3 -6 -8 -9 10 -10 -12 -11 -14
right_child=1 2 3 -5 6 -7 7 8 9 12 11 -13 13 -15
leaf_value=0.042914277150165075 0.063371546929822414 0.065589765319666912 0.068677497394181705 -0.0499142643788155 0.070592487653663202 -0.010225719311064181 -0.068227750239248083 -0.065586406191172286 0.046905451503836411 -0.039046460310615018 0.033195319145996473 -0.067008270706094816 0.05072971742852412 -0.015598268857595323
leaf_weight=1.514628473669293 0.47904973104596393 1.4299121890217055 0.5924675650894643 1.5122307408601046 0.34829580783844249 0.56108337640762318 0.64666758105158884 0.56639064475893341 1.6793501861393445 3.0705064609646779 0.72395049966871716 0.91350395418703556 1.3555912151932714 4.4528418257832527
leaf_count=30 16 23 7 20 3 5 11 8 43 48 12 15 24 58
internal_value=0 -0.00283963 0.0130033 -0.016531 -0.00739759 0.0442242 -0.00986191 -0.0119517 -0.00910018 -0.00647686 0.0125392 -0.0227063 -0.0135805 -0.000118425
internal_weight=0 18.3318 4.09569 2.1047 14.2361 1.991 13.7571 13.4088 12.7621 12.1957 3.3168 1.63745 8.87894 5.80843
internal_count=323 293 55 27 238 28 222 219 208 200 70 27 130 82
is_linear=0
shrinkage=0.06


Tree=61
num_leaves=15
num_cat=0
split_feature=8 9 9 8 4 7 7 9 4 8 5 3 5 0
split_gain=0.738981 0.532888 0.465188 0.813167 1.52511 0.525063 0.589931 0.783238 1.49038 1.09709 1.42596 0.791749 0.668688 0.674256
threshold=0.0022500000195577745 0.013250000309199097 0.0062500000931322583 0.0037500001490116124 0.53999999165534984 -0.014599999878555535 -0.008499999996274708 -0.00075000003562308837 0.53999999165534984 0.0032500000670552258 0.49599999189376837 0.43750000000000006 0.49599999189376837 0.47650000452995306
decision_type=2 2 2 2 2 2 2 2 2 2 2 2 2 2
left_child=-1 2 5 -4 -5 -2 -7 11 -9 10 -10 -8 13 -13
right_child=1 -3 3 4 -6 6 7 8 9 -11 -12 12 -14 -15
leaf_value=0.041454439237253234 0.069884298810029374 -0.061864962797098813 0.067553167439517031 0.055884476580830546 -0.067618360703976838 -0.037621164367472038 -0.069601939679091146 -0.056243592655518967 -0.061648983191721879 -0.043299734086704886 0.040848388029015158 0.063238810675275564 0.067038129130866153 0.0007901159380685821
leaf_weight=1.4751240108162189 0.33123511075974121 0.5322436410933723 0.92912046052515451 0.73696140944957711 0.70363673381507397 1.9082169346511406 0.38213973864913331 2.2119778692722214 0.59751843661069903 1.2815086394548414 2.681504076346755 0.73829634301364411 0.9001145977526902 3.9655225537717342
leaf_count=30 3 23 15 11 9 25 4 25 4 27 40 23 26 58
internal_value=0 -0.00272798 -0.000915694 0.023788 -0.00443848 -0.00481893 -0.00650603 -0.00185235 -0.0158287 0.00377362 0.0221708 0.0139602 0.0196584 0.0105919
internal_weight=0 17.9 17.3678 2.36972 1.4406 14.998 14.6668 12.7586 6.77251 4.56053 3.27902 5.98607 5.60393 4.70382
internal_count=323 293 270 35 20 235 232 207 96 71 44 111 107 81
is_linear=0
shrinkage=0.06


Tree=62
num_leaves=15
num_cat=0
split_feature=8 9 9 8 4 1 6 8 1 5 2 4 0 9
split_gain=0.670449 0.502116 0.429543 0.763252 1.41451 0.507942 0.484644 0.605437 0.656554 1.34253 0.513599 0.916106 1.68465 0.629467
threshold=0.0022500000195577745 0.013250000309199097 0.0062500000931322583 0.0037500001490116124 0.53999999165534984 0.61349999904632579 0.0042999999132007369 0.0027499999850988392 0.52150002121925365 0.47499999403953558 0.41799999773502355 0.53999999165534984 0.47650000452995306 -0.01074999989941716
decision_type=2 2 2 2 2 2 2 2 2 2 2 2 2 2
left_child=-1 2 5 -4 -5 6 7 8 9 -2 11 -9 -13 -12
right_child=1 -3 3 4 -6 -7 -8 10 -10 -11 13 12 -14 -15
leaf_value=0.03999200096110072 0.062883834244224224 -0.061754766502336911 0.067130267532762189 0.054471807243700848 -0.06713589900744768 -0.041934639693191701 -0.037893228710032374 -0.088819700566492604 0.065812327884489125 -0.086034487100269078 0.068778590066541703 0.064098983512550542 -0.067530568304900992 -0.00097278419424124665
leaf_weight=1.4384701456874633 0.47963526099920883 0.50211548618972202 0.88035757653415148 0.71149857528507687 0.66727717220783234 1.2053183447569598 1.187318643555044 0.6560594439506523 1.0299920123070476 0.39943049848079681 0.49512237310409712 0.6876565832644701 0.71292080730199814 7.8562986887991393
leaf_count=30 17 23 15 11 9 14 17 3 20 2 5 17 9 131
internal_value=0 -0.00262319 -0.000873468 0.0234856 -0.00438189 -0.00461454 -0.00128359 0.00224542 0.0333058 -0.00478177 -0.0034517 -0.0303101 -0.00290299 0.0031625
internal_weight=0 17.471 16.9689 2.25913 1.37878 14.7098 13.5044 12.3171 1.90906 0.879066 10.4081 2.05664 1.40058 8.35142
internal_count=323 293 270 35 20 235 221 204 39 19 165 29 26 136
is_linear=0
shrinkage=0.06


Tree=63
num_leaves=15
num_cat=0
split_feature=5 6 9 5 7 2 15 9 5 7 1 9 7 3
split_gain=0.569582 0.502104 0.621664 0.54772 0.591818 0.631425 0.472122 1.18845 0.899817 0.972643 0.83941 0.552116 0.607843 0.456777
threshold=0.24550000578165057 -0.0039000001270323987 -0.0012500000302679835 0.49349999427795416 -0.0041000000201165667 0.41949999332427984 0.75000000000000011 0.0017500000540167095 0.57100000977516185 0.0049000000581145295 0.63150000572204601 0.0067500001750886449 0.011099999770522119 0.44399999082088476
decision_type=2 2 2 2 2 2 2 2 2 2 2 2 2 2
left_child=-1 -2 3 4 -3 -6 7 -4 13 10 -10 -11 -13 -8
right_child=1 2 6 -5 5 -7 8 -9 9 11 -12 12 -14 -15
leaf_value=-0.045869060664590774 -0.035354755175013429 0.04172643605477163 0.065225859757705729 0.072322297753553352 0.038571636492637264 -0.029820766828437244 -0.078001066029686345 -0.020010011903100519 0.056010052822183201 -0.035896188566494139 -0.052043418764859004 0.030160421650903615 -0.042811165077606669 -0.024200146224437346
leaf_weight=1.0801882278174186 1.4072963139042283 1.4882871489971878 1.0813919808715611 0.64798903558403242 0.72505597770214913 1.4737525340169666 0.70885128341614168 1.2930588424205778 1.5989096853882072 1.9934698697179558 0.30880875326693047 1.4042631257325409 0.580961707048118 2.8611536975950003
leaf_count=15 26 22 19 22 21 23 6 12 38 22 6 25 13 48
internal_value=0 -0.000980767 0.00201159 0.021449 0.0125082 -0.00726841 -0.00511068 0.0188088 -0.0111167 0.00329693 0.0385191 -0.0135915 0.00880581 -0.0348827
internal_weight=0 17.5732 16.166 4.33508 3.6871 2.19881 11.8309 2.37445 9.45642 5.88641 1.90772 3.97869 1.98522 3.57
internal_count=318 303 277 88 66 44 189 31 158 104 44 60 38 54
is_linear=0
shrinkage=0.06


Tree=64
num_leaves=15
num_cat=0
split_feature=1 9 0 4 10 8 6 1 1 0 7 3 0 9
split_gain=0.477116 0.559007 0.877222 0.928803 1.03245 0.854813 0.717307 0.717011 0.72723 0.646098 1.09228 0.745833 0.628011 0.582039
threshold=0.44249999523162847 -0.00075000003562308837 0.56999999284744274 0.53999999165534984 -0.087500002235174165 0.0047499998472630986 0.0025000000605359678 0.52449998259544384 0.54350000619888317 0.58250001072883617 0.007299999939277769 0.44550000131130224 0.65549999475479137 0.0067500001750886449
decision_type=2 2 2 2 2 2 2 2 2 2 2 2 2 2
left_child=-1 2 6 -4 -5 7 -2 -3 -9 11 12 -10 -11 -12
right_child=1 5 3 4 -6 -7 -8 8 9 10 13 -13 -14 -15
leaf_value=-0.03044570769641693 0.054749509273711097 -0.043386198448436511 0.050802249128892307 -0.066103905286145598 0.033467761079218443 -0.061857824024942616 -0.013320053725271041 0.059319584718448316 0.020416088051689027 0.051790820541730301 -0.046595778966267258 -0.050375128402224356 -0.024982178529532766 0.0084660865432532699
leaf_weight=2.0839685536921051 2.2237684270367093 1.3374076634645398 0.63283837586641323 1.1700919065624475 0.55162415839731682 0.95805285871028978 0.74370079115033139 0.77396850846707632 0.79516621679067645 2.1291008852422242 1.2468536123633387 1.64245936460793 0.46786788851022709 1.5506015438586471
leaf_count=28 66 18 6 20 6 39 8 12 15 39 12 16 9 24
internal_value=0 5.14745e-05 0.0159916 -0.0113552 -0.0342019 -0.00773038 0.0376901 -0.00251518 0.00383633 -0.00164657 0.00993784 -0.0272827 0.0379595 -0.0160755
internal_weight=0 16.2235 5.32202 2.35455 1.72172 10.9015 2.96747 9.94343 8.60602 7.83205 5.39442 2.43763 2.59697 2.79746
internal_count=318 290 106 32 26 184 74 145 127 115 84 31 48 36
is_linear=0
shrinkage=0.06


Tree=65
num_leaves=15
num_cat=0
split_feature=5 6 5 5 7 10 2 7 0 1 6 7 3 1
split_gain=0.47719 0.437849 0.413272 0.702467 0.771705 0.82619 0.703878 0.583572 0.767857 0.648337 0.789597 0.527553 0.485856 0.45913
threshold=0.24550000578165057 -0.0064999999012798062 0.82150000333786022 0.72050002217292797 0.0079000000841915625 0.52033331990242015 0.66050001978874218 -0.00090000001364387561 0.60150000452995311 0.58849999308586132 0.00090000001364387583 0.0025000000605359678 0.48049999773502355 0.47699999809265142
decision_type=2 2 2 2 2 2 2 2 2 2 2 2 2 2
left_child=-1 -2 3 4 5 7 -6 8 13 10 12 -12 -9 -3
right_child=1 2 -4 -5 6 -7 -8 9 -10 -11 11 -13 -14 -15
leaf_value=-0.042523251712765754 -0.06672892362570175 0.00026686361560318182 -0.028902161953691451 0.037980243243622001 0.060630137698305768 0.065362984832879806 -0.070771220238112151 0.042545113745218473 -0.063463770904541139 0.049923126562681094 -0.056675205744196246 -0.0017994118345210028 -0.010864278995078478 0.040703527169394113
leaf_weight=1.0504843201488281 0.35543335042894142 1.7635342711582804 1.55071511119604 1.8752583097666491 0.1748458920046676 0.72117311134934503 0.91354258358478546 0.82937139365821844 0.40154449641704548 0.55617425031959999 2.0679230690002446 0.90742301195859898 2.3520540716126561 2.3684206726029515
leaf_count=15 7 36 21 37 17 14 20 16 11 11 24 13 33 43
internal_value=0 -0.000841687 0.000579169 0.00364101 -0.0012912 0.00310786 -0.049662 -0.00088422 0.0157473 -0.0121161 -0.0177204 -0.0399391 0.00305911 0.023445
internal_weight=0 16.8374 16.482 14.9313 13.056 11.9676 1.08839 11.2464 4.5335 6.71295 6.15677 2.97535 3.18143 4.13195
internal_count=318 303 296 275 238 201 37 187 90 97 86 37 49 79
is_linear=0
shrinkage=0.06


Tree=66
num_leaves=15
num_cat=0
split_feature=8 7 7 9 5 0 0 4 7 4 5 10 8 0
split_gain=0.50913 0.465358 0.460369 0.451931 0.364775 0.435092 0.358122 1.07353 0.936853 0.852243 1.40656 1.16098 0.901214 2.12025
threshold=0.0017500000540167095 -0.014599999878555535 -0.008499999996274708 0.013250000309199097 0.24550000578165057 0.51399999856948864 0.54150000214576732 0.53999999165534984 0.00070000000414438557 0.53999999165534984 0.48950000107288366 0.49766665697097784 0.0032500000670552258 0.60449999570846569
decision_type=2 2 2 2 2 2 2 2 2 2 2 2 2 2
left_child=-1 -2 4 6 -3 -6 7 8 -4 11 -11 -8 13 -12
right_child=1 2 3 -5 5 -7 9 -9 -10 10 12 -13 -14 -15
leaf_value=0.064527669792832976 0.069693922224750932 -0.069321790877851952 0.031447093694342891 -0.061512160987044658 -0.057727309962286283 0.018916451451409362 0.053365163018992905 0.039427173154679106 -0.055318635479817725 -0.062341526593454079 -0.042593487590603621 -0.028176987535558189 -0.029916930344451316 0.05068708474719779
leaf_weight=0.43367782793939369 0.3265268430113818 0.61025756597519709 0.76424704678355837 0.41030117962509471 0.44303093105554558 0.66972398106008768 1.7979234531521782 2.8213340966030955 1.0826404392719267 1.6916117724031208 1.3643919527530672 0.96648430079221714 2.337516681291163 2.4567683581262827
leaf_count=11 3 7 15 22 6 13 29 65 26 28 13 12 38 44
internal_value=0 -0.00127232 -0.00260282 0.000629505 -0.0320429 -0.0115984 0.00229783 0.0161476 -0.0194147 -0.00379313 -0.0138819 0.0248566 -0.000571407 0.0173801
internal_weight=0 17.7428 17.4162 15.6932 1.72301 1.11275 15.2829 4.66822 1.84689 10.6147 7.85029 2.76441 6.15868 3.82116
internal_count=332 321 318 292 26 19 270 106 41 164 123 41 95 57
is_linear=0
shrinkage=0.06


Tree=67
num_leaves=15
num_cat=0
split_feature=9 8 7 9 7 5 6 1 5 9 1 0 1 0
split_gain=0.433621 0.456368 0.416222 0.484618 0.528093 0.790697 0.450182 0.42076 0.606002 0.66967 0.582821 0.880561 0.509837 0.742617
threshold=0.013250000309199097 0.0017500000540167095 -0.014599999878555535 -0.0077500001061707726 -0.0088999997824430448 0.30650000274181372 -0.0039000001270323987 0.48849999904632574 0.49599999189376837 -0.0012500000302679835 0.52250000834465038 0.51949998736381542 0.54550001025199901 0.60449999570846569
decision_type=2 2 2 2 2 2 2 2 2 2 2 2 2 2
left_child=1 -1 -3 -4 -5 -6 -7 -8 10 -10 11 -9 -11 -14
right_child=-2 2 3 4 5 6 7 8 9 12 -12 -13 13 -15
leaf_value=0.06425975924823682 -0.06140347431135372 0.069052835083648359 -0.039407077357644087 -0.04872489165070424 0.053891467892820656 -0.047082016046674023 0.037563452656616911 0.062006273072760382 0.072131078361891768 0.036134868006956998 -0.073395180333715532 -0.030485009594671163 -0.032507406166190522 0.009285397267787366
leaf_weight=0.41007347311825171 0.40087232924997707 0.31027920916677487 1.1086932737380362 0.7144592851400472 1.0650596916675308 0.68787219561637059 1.1387318437918938 0.47917942982166994 0.53322922252118843 1.3866436984389965 0.67954919673502434 1.6347707705572245 2.2134353574365377 4.961597497574985
leaf_count=11 23 3 14 11 20 17 26 17 22 23 6 26 33 80
internal_value=0 0.00171714 0.000200769 -0.00108593 0.00165609 0.00409148 0.000224187 0.0027221 -0.000615184 0.00689242 -0.025058 -0.00951956 0.0028293 -0.00360732
internal_weight=0 17.3236 16.9135 16.6032 15.4945 14.7801 13.715 13.0271 11.8884 9.09491 2.7935 2.11395 8.56168 7.17503
internal_count=332 309 298 295 281 270 250 233 207 158 49 43 136 113
is_linear=0
shrinkage=0.06


Tree=68
num_leaves=15
num_cat=0
split_feature=9 6 9 3 5 8 9 7 1 8 7 5 0 7
split_gain=0.407321 0.256084 0.560375 0.534303 0.531181 0.487844 1.10121 1.10045 0.673279 0.462933 0.73032 0.802544 0.420202 0.441394
threshold=0.013250000309199097 0.0054999999701976785 0.0072500000242143878 0.33349999785423284 0.77549999952316295 0.0027499999850988392 0.0017500000540167095 0.0021000000415369873 0.55950000882148754 0.0052499999292194852 0.0082999998703598993 0.56149998307228099 0.53349998593330394 0.011900000274181368
decision_type=2 2 2 2 2 2 2 2 2 2 2 2 2 2
left_child=1 2 3 -1 5 6 -5 -8 -9 10 11 -7 -11 -14
right_child=-2 -3 -4 4 -6 9 7 8 -10 12 -12 -13 13 -15
leaf_value=0.065653825702997645 -0.061320850004299744 -0.021965767094475046 0.050341177011318301 0.063059996205580338 -0.05275861587972764 -0.012063030030724146 -0.080395336026018269 -0.021541307797168799 0.064129998189548218 0.063883604235163344 -0.074912576209351739 0.040226039154294527 -0.06446352934712099 0.060583178705131982
leaf_weight=0.44802518188953833 0.37802060600370069 1.5071152765303839 0.88362251222133714 1.3623540839180326 0.67702010646462518 7.4547068756073678 0.5368550270795821 0.65764254704117753 0.66333233658224344 0.63334652595221885 0.56736370176076967 1.2312178295105694 0.24919145088642836 0.17160072550177574
leaf_count=8 23 22 19 45 8 121 3 5 16 12 5 20 7 18
internal_value=0 0.00164796 0.00393864 0.00114035 -0.000894456 0.0017012 0.0220864 -0.00795962 0.0214788 -0.00466743 -0.00895919 -0.00465113 0.0330059 -0.013469
internal_weight=0 17.0434 15.5363 14.6527 14.2046 13.5276 3.22018 1.85783 1.32097 10.3074 9.25329 8.68592 1.05414 0.420792
internal_count=332 309 287 268 260 252 69 24 21 183 146 141 37 25
is_linear=0
shrinkage=0.06


Tree=69
num_leaves=15
num_cat=0
split_feature=2 3 10 3 5 5 9 8 0 7 0 2 4 5
split_gain=0.484386 0.416439 0.452379 0.536633 0.486144 0.602415 0.479705 0.948916 0.68488 0.865159 0.667199 0.843499 0.966804 1.39752
threshold=0.29950000345706945 0.31749999523162847 0.6185000240802766 0.35950000584125524 0.85249999165534984 0.72050002217292797 0.0022500000195577745 0.0027499999850988392 0.60899999737739574 0.007299999939277769 0.50549998879432689 0.5365000069141389 0.53999999165534984 0.51300001144409191
decision_type=2 2 2 2 2 2 2 2 2 2 2 2 2 2
left_child=-1 -2 3 -3 5 6 7 -5 -8 -10 -9 -12 -13 -14
right_child=1 2 -4 4 -6 -7 8 10 9 -11 11 12 13 -15
leaf_value=0.062735263670653255 0.038559962085733847 0.06422609144586755 -0.059734602787531725 0.046779919738402037 -0.052603561703940031 0.041242924661057154 -0.073173199858501264 -0.036878044816533333 0.017444161095451105 -0.066703013063054387 0.066405758257276723 0.045031357495079159 -0.035908477696404685 0.036372345441336031
leaf_weight=0.42948439624160784 0.87168469559401529 0.42575592547654828 0.50816005934029895 1.3991321837529493 0.70820412784814912 1.0872935084626085 0.8209799369797105 1.9988675210624913 1.4323365893214943 0.63481413945555676 0.67161744646728028 1.1476417463272808 3.5320111466571689 1.3239367380738256
leaf_count=19 16 10 8 37 9 27 20 25 23 8 11 32 59 25
internal_value=0 -0.00180523 -0.00404768 -0.00218385 -0.00409987 -0.00165475 -0.00525333 0.000927375 -0.0268104 -0.00839712 -0.00646866 0.00263732 -0.00449641 -0.0162017
internal_weight=0 16.5624 15.6908 15.1826 14.7568 14.0486 12.9613 10.0732 2.88813 2.06715 8.67407 6.67521 6.00359 4.85595
internal_count=329 310 294 286 276 267 240 189 51 31 152 127 116 84
is_linear=0
shrinkage=0.06


Tree=70
num_leaves=15
num_cat=0
split_feature=3 2 10 3 5 7 7 10 10 10 5 1 0 1
split_gain=0.344131 0.484841 0.411459 0.501711 0.457572 0.389974 0.57675 0.376284 0.456773 0.426375 0.378277 0.608343 0.53707 0.425785
threshold=0.31749999523162847 0.29950000345706945 0.6185000240802766 0.35950000584125524 0.89149999618530285 -0.014599999878555535 -0.0081000002101063711 0.56949999928474437 0.52983331680297863 0.49766665697097784 0.66799998283386242 0.58550000190734874 0.61950001120567333 0.55950000882148754
decision_type=2 2 2 2 2 2 2 2 2 2 2 2 2 2
left_child=-1 -2 3 -3 5 -5 -7 8 9 10 11 13 -12 -8
right_child=1 2 -4 4 -6 6 7 -9 -10 -11 12 -13 -14 -15
leaf_value=0.036834536899208972 0.062580009916559515 0.063974417309429932 -0.057720515848179235 0.068022501860036333 -0.06908670083869288 -0.038826710393940096 -0.0013560110250084001 -0.053661071104722742 0.063279436484707324 -0.044172959574833803 -0.024112733888147875 -0.063998838508561848 0.055590496376043096 0.045988434949945603
leaf_weight=0.85819250810891645 0.40544619411229987 0.4024913012981387 0.49475669488310892 0.27912600710987767 0.3779838904738434 1.4929761299863411 7.9680938823148537 0.44245579652488309 0.43167188391089517 0.72351608984172422 0.43345666304230768 0.5216310843825348 1.0218768212944267 0.74803924188017834
leaf_count=16 19 10 8 3 4 24 140 6 11 9 11 8 25 35
internal_value=0 -0.00218179 -0.0038937 -0.00209954 -0.00394114 -0.00219015 -0.00361198 0.000665608 0.00269435 0.00040358 0.00341972 -0.0010595 0.0318517 0.0027072
internal_weight=0 15.7435 15.3381 14.8433 14.4408 14.0628 13.7837 12.2907 11.8483 11.4166 10.6931 9.23776 1.45533 8.71613
internal_count=329 313 294 286 276 272 269 245 239 228 219 183 36 175
is_linear=0
shrinkage=0.06


Tree=71
num_leaves=15
num_cat=0
split_feature=8 10 0 9 6 8 4 0 2 6 9 0 9 7
split_gain=0.311046 0.74141 0.606501 0.581911 0.860094 0.912578 0.727125 1.27732 0.560662 0.909134 0.769239 0.681432 0.623153 0.531712
threshold=0.0032500000670552258 0.58033335208892833 0.65549999475479137 0.0022500000195577745 -1.0000000180025095e-35 0.0027499999850988392 0.53999999165534984 0.60899999737739574 0.9025000035762788 -0.00029999999242136249 -0.0077500001061707726 0.60150000452995311 -0.0072500000242143861 -0.0081000002101063711
decision_type=2 2 2 2 2 2 2 2 2 2 2 2 2 2
left_child=1 3 8 4 5 -1 -5 -8 9 10 -2 13 -11 -12
right_child=2 -3 -4 6 -6 -7 7 -9 -10 12 11 -13 -14 -15
leaf_value=0.062284630727774876 -0.035153420266654932 0.064261714228468686 -0.065653590493055691 -0.068443492433616207 0.049942552138407051 -0.032957058140603838 -0.05923649780643174 0.03926940870022947 0.052749925618033787 0.041294495685733033 -0.030142984256409312 -0.037533183148244886 -0.040899510226023325 0.043582776051046934
leaf_weight=0.48407127894461166 1.0762383695691808 0.78531443420797575 0.60188004374504167 0.75566532462835323 1.6643370119854832 1.4382548667490482 0.7789113186299802 1.2101382007822392 0.59678882826119739 0.37435859069228206 0.4059419678524131 0.57183674722909916 2.9388732239603952 2.6581017589196581
leaf_count=22 14 19 11 8 38 17 7 25 14 5 11 18 56 64
internal_value=0 0.00927362 -0.0074219 0.00245315 0.0183655 -0.00897374 -0.0183403 0.000694519 -0.00335695 -0.00752923 0.00940444 0.0225938 -0.0316125 0.0338152
internal_weight=0 7.11669 9.22402 6.33138 3.58666 1.92233 2.74471 1.98905 8.62214 8.02535 4.71212 3.63588 3.31323 3.06404
internal_count=329 136 193 117 77 39 40 32 182 168 107 93 61 75
is_linear=0
shrinkage=0.06


Tree=72
num_leaves=15
num_cat=0
split_feature=7 7 0 8 7 4 5 0 0 10 3 8 1 0
split_gain=0.365889 0.45446 0.426937 0.32027 0.469296 0.917484 0.791332 1.14504 0.730151 0.686274 0.742155 0.638991 0.616703 0.395442
threshold=-0.014599999878555535 -0.0088999997824430448 0.45849999785423284 0.0042499999981373557 -0.00070000000414438535 0.53999999165534984 0.52549999952316295 0.57749998569488536 0.49150000512599951 -0.16933333873748777 0.49449999630451208 0.0037500001490116124 0.52549999952316295 0.54150000214576732
decision_type=2 2 2 2 2 2 2 2 2 2 2 2 2 2
left_child=-1 -2 -3 4 5 -4 7 11 -6 -10 12 -7 -11 -5
right_child=1 2 3 13 8 6 -8 -9 9 10 -12 -13 -14 -15
leaf_value=0.067767330255457406 -0.039064042291397684 0.062004023323298935 0.069602731957012734 0.0074987650480041945 -0.063550202542363293 0.063271969152157312 0.073827381263820338 -0.065237511201241508 -0.05893802620830664 -0.07864930179650037 0.055193613952671867 -0.038924656353891737 0.0030724239307555381 -0.041456726486132689
leaf_weight=0.27215569093823511 1.1293736184015859 0.39463931880891223 1.0112718716263729 1.0195267787203186 0.69631896540522742 0.65124005358666204 0.43648867495357979 0.88899852335453033 0.6379357166588252 0.35310180857778117 0.95582073740661133 0.33281479775905609 5.6790819223970175 1.423139971680939
leaf_count=3 20 19 14 32 8 20 5 16 8 3 17 3 96 61
internal_value=0 -0.00240574 0.000453368 -0.00127109 0.00287289 0.0219424 0.0010735 -0.0158808 -0.00473638 0.000633871 0.0060722 0.0287083 -0.00171126 -0.0210236
internal_weight=0 15.6098 14.4804 14.0857 11.6431 3.32081 2.30954 1.87305 8.32226 7.62594 6.988 0.984055 6.03218 2.44267
internal_count=325 322 302 283 190 58 44 39 132 124 116 23 99 93
is_linear=0
shrinkage=0.06


Tree=73
num_leaves=15
num_cat=0
split_feature=0 2 2 4 4 3 9 2 3 8 1 3 7 3
split_gain=0.421107 0.376076 0.721753 0.750252 0.483612 1.32257 1.19182 1.0206 0.548305 1.31341 0.847575 0.777014 0.490163 0.361023
threshold=0.45849999785423284 0.41799999773502355 0.5365000069141389 0.53999999165534984 0.53999999165534984 0.56149998307228099 -0.0012500000302679835 0.9025000035762788 0.53900000452995311 0.0037500001490116124 0.58849999308586132 0.44399999082088476 -0.00070000000414438535 0.39699999988079077
decision_type=2 2 2 2 2 2 2 2 2 2 2 2 2 2
left_child=-1 -2 3 -3 6 8 -4 13 9 10 12 -12 -6 -8
right_child=1 2 4 -5 5 -7 7 -9 -10 -11 11 -13 -14 -15
leaf_value=0.061886699721000651 -0.036992594827998444 -0.022696141930817992 0.068438333476465857 0.065275285594860524 0.037495296770063219 -0.067471863231192405 -0.067915537838571516 0.063471291077391565 0.045603296304510467 -0.053054060942209075 0.057156504399722363 -0.035915501706725757 -0.022162972878607388 -0.011056845670563472
leaf_weight=0.37234052503481585 1.0700372401624907 0.50919503532349941 1.0248395791277292 1.1093374881893396 0.60426177270710013 1.3266081148758528 0.63232427928596502 0.52836583927273739 0.76368900388479222 1.7478239592164753 1.5716265207156537 0.40642635896801937 2.7620138842612554 1.1037611030042169
leaf_count=19 20 9 27 28 11 24 11 13 15 39 35 6 32 36
internal_value=0 -0.00270042 -9.62198e-05 0.0375992 -0.00498818 -0.0120596 0.0147526 -0.00954434 -0.00270222 -0.0079038 0.00686227 0.0380332 -0.011454 -0.0317662
internal_weight=0 15.1603 14.0903 1.61853 12.4717 9.18245 3.28929 2.26445 7.85584 7.09215 5.34433 1.97805 3.36628 1.73609
internal_count=325 306 286 37 249 162 87 60 138 123 84 41 43 47
is_linear=0
shrinkage=0.06


Tree=74
num_leaves=15
num_cat=0
split_feature=2 10 9 4 3 9 2 8 3 1 3 9 15 2
split_gain=0.236865 1.01949 0.732134 0.441435 1.24715 1.11595 0.942745 0.49689 1.13558 0.722662 0.718471 0.51483 1.23391 0.376953
threshold=0.5365000069141389 0.050166666507720954 -0.0072500000242143861 0.53999999165534984 0.56149998307228099 -0.0012500000302679835 0.9025000035762788 0.0037500001490116124 0.53900000452995311 0.58849999308586132 0.44399999082088476 0.0017500000540167095 0.75000000000000011 0.41949999332427984
decision_type=2 2 2 2 2 2 2 2 2 2 2 2 2 2
left_child=1 2 -1 5 7 -2 -7 9 -9 11 -11 12 -5 -3
right_child=3 13 -4 4 -6 6 -8 8 -10 10 -12 -13 -14 -15
leaf_value=-0.011489444258301009 0.067964672302971582 -0.075881810711716319 0.063788873317806499 0.063738399088198533 -0.067046211720693805 -0.030512851792031032 0.063262657522444851 -0.051687435544789148 0.041104317748637008 0.056142811982848442 -0.034276435322526264 -0.031962447245487427 -0.038241078470739889 0.0011528826180376435
leaf_weight=0.71321371011436041 0.97167957248166237 0.47184554487466801 1.3370102657936522 0.88371672108769128 1.2570431325584648 1.7011655489914095 0.49918738938868035 1.6882433164864781 0.66055895201861847 1.5060218488797543 0.40049739554524411 1.7315248213708399 0.82670044153929068 0.44371590670198202
leaf_count=12 27 3 48 21 24 47 13 39 12 35 6 14 11 13
internal_value=0 0.0140937 0.0376017 -0.00482281 -0.0116363 0.0144111 -0.00923829 -0.00258734 -0.0255914 0.007515 0.0371487 -0.00889934 0.0144484 -0.0385479
internal_weight=0 2.96579 2.05022 12.1263 8.95431 3.17203 2.20035 7.69726 2.3488 5.34846 1.90652 3.44194 1.71042 0.915561
internal_count=325 76 60 249 162 87 60 138 51 87 41 46 32 16
is_linear=0
shrinkage=0.06


Tree=75
num_leaves=15
num_cat=0
split_feature=2 2 3 0 4 9 9 0 3 3 5 7 10 5
split_gain=0.208025 0.956723 0.786391 0.501505 0.381894 1.11286 1.09592 1.05398 1.03119 0.426546 0.920246 0.444512 0.658226 0.624066
threshold=0.5365000069141389 0.41799999773502355 0.51049998402595531 0.49150000512599951 0.53999999165534984 0.0012500000302679839 0.0057500000111758718 0.63350000977516185 0.56149998307228099 0.51949998736381542 0.49599999189376837 0.010299999732524158 0.37466666102409368 0.55599999427795421
decision_type=2 2 2 2 2 2 2 2 2 2 2 2 2 2
left_child=1 2 -1 -3 5 -2 -7 -8 9 10 -6 12 13 -12
right_child=4 3 -4 -5 8 6 7 -9 -10 -11 11 -13 -14 -15
leaf_value=0.06606812962990713 0.05633772777968292 -0.01900003241388817 -0.037592330752633005 0.065355804849453594 -0.061679252514858521 -0.066039678041513922 -0.061207042655456012 0.064671461585459153 -0.067036295311092842 0.026424438550639438 0.021169685931107015 -0.055156338486669558 0.027342648604242775 -0.045110996606886666
leaf_weight=0.32445560116320971 1.2773848176002478 0.32277762331068505 1.4014297970570622 1.1858006976544855 1.0454770810902116 0.86672255396842945 0.35287924064323284 0.74502432160079479 1.0530451713129876 1.3860464850440619 0.85642000101506743 0.47306605055928219 2.4216529438272119 1.2694005127996204
leaf_count=9 36 9 30 27 18 16 24 16 20 23 16 6 51 21
internal_value=0 0.0124037 -0.0181048 0.0473069 -0.00478015 0.0127421 -0.0156035 0.0242126 -0.0114593 -0.00360581 -0.0104675 0.000196798 0.00595509 -0.0184088
internal_weight=0 3.23446 1.72589 1.50858 11.7471 3.24201 1.96463 1.0979 8.50511 7.45206 6.06602 5.02054 4.54747 2.12582
internal_count=322 75 39 36 247 92 56 40 155 135 112 94 88 37
is_linear=0
shrinkage=0.06


Tree=76
num_leaves=15
num_cat=0
split_feature=8 0 8 0 10 7 7 10 1 5 1 5 9 0
split_gain=0.195311 0.54979 0.895956 0.469486 0.377725 0.503461 0.417996 0.588468 0.466476 1.01673 0.657842 0.503393 0.629463 0.435845
threshold=0.0042499999981373557 0.53000000119209301 0.0047499998472630986 0.51649999618530285 -0.59299999475479115 -0.008499999996274708 -0.00070000000414438535 -0.17616666853427884 0.51850000023841869 0.49349999427795416 0.54350000619888317 0.57100000977516185 0.0032500000670552258 0.61349999904632579
decision_type=2 2 2 2 2 2 2 2 2 2 2 2 2 2
left_child=4 2 -2 -4 -1 -6 -7 -8 -9 -10 -11 -12 -13 -14
right_child=1 -3 3 -5 5 6 7 8 9 10 11 12 13 -15
leaf_value=0.054256061464264177 -0.064233666301833886 -0.038606830609590706 -0.011174338300367154 0.06672933791503273 -0.071250654943599709 0.02518739665194674 -0.0652934774965679 0.065882818401600859 -0.07703750771349091 0.064948621796457634 -0.032962674410162852 0.062951717375733338 -0.040041325145369261 0.0089496815830854993
leaf_weight=0.48912104684859414 0.42231689207255962 1.6288381107151506 0.44561740942299344 0.74254626780748367 0.34234384447336097 2.3159983223304126 0.52254939358681074 0.37383772479370581 0.6091666892170905 0.58087720908224572 1.433636028319597 0.64021343737840641 0.82296488992869843 3.1791142486035824
leaf_count=11 9 85 9 10 4 51 8 9 4 13 15 24 9 61
internal_value=0 -0.014028 0.010831 0.0375118 0.00268209 0.000350824 0.00269015 -0.00369324 0.000520103 -0.00284284 0.00394674 -0.00188522 0.00771214 -0.00112455
internal_weight=0 3.23932 1.61048 1.18816 11.3098 10.8207 10.4784 8.16236 7.63981 7.26597 6.65681 6.07593 4.64229 4.00208
internal_count=322 113 28 19 209 198 194 143 135 126 122 109 94 70
is_linear=0
shrinkage=0.06


Tree=77
num_leaves=15
num_cat=0
split_feature=8 9 0 2 3 4 3 0 2 2 6 1 7 7
split_gain=0.381733 0.232345 0.703149 0.6083 0.922812 0.561442 0.737662 1.11559 0.648888 0.582395 0.577649 0.471373 0.678071 0.725273
threshold=0.0017500000540167095 -0.00075000003562308837 0.57749998569488536 0.54050001502037059 0.51049998402595531 0.53999999165534984 0.56149998307228099 0.58949998021125805 0.53749999403953563 0.41799999773502355 0.0023000000510364775 0.52449998259544384 0.0049000000581145295 0.0014999999548308553
decision_type=2 2 2 2 2 2 2 2 2 2 2 2 2 2
left_child=-1 5 3 4 -3 10 7 -7 9 -8 -2 -4 13 -13
right_child=1 2 11 -5 -6 6 8 -9 -10 -11 -12 12 -14 -15
leaf_value=0.063973192659032882 0.066626779129427743 0.046693050032155278 -0.052382401059930826 -0.065030859971931518 -0.055390313653088864 0.037246461604997068 -0.031694391455749218 -0.064077921647683 -0.066557061593446945 0.064377167019301268 -0.031998468232072488 -0.010500820115692092 -0.010382768045009158 0.060531108861175381
leaf_weight=0.31829377636313516 0.91117316856980213 0.6158935166895374 0.50864070653915394 1.2497706944122908 0.66085232980549335 2.0820997557602827 0.62624739389866568 0.48167979437857855 0.94098873529583216 0.35645763948559761 0.27933209389448166 0.83561577461659942 3.0044395131990314 1.3592381477355955
leaf_count=11 30 17 8 33 7 45 14 13 18 9 5 19 57 36
internal_value=0 -0.00248205 -0.00892072 -0.0352741 -0.00614599 0.00685559 -0.00286229 0.0182098 -0.0309458 0.00315375 0.043486 0.00274413 0.00813709 0.0334881
internal_weight=0 13.9124 8.23445 2.52652 1.27675 5.67798 4.48747 2.56378 1.92369 0.982705 1.19051 5.70793 5.19929 2.19485
internal_count=322 311 177 57 24 134 99 58 41 23 35 120 112 55
is_linear=0
shrinkage=0.06


Tree=78
num_leaves=15
num_cat=0
split_feature=3 10 3 5 2 5 10 9 6 8 7 8 9 2
split_gain=0.261285 0.39307 0.360378 0.38477 0.317722 0.319889 0.729351 0.471597 0.527662 0.547049 0.405516 0.357876 0.748731 0.375663
threshold=0.31749999523162847 0.6185000240802766 0.35950000584125524 0.85249999165534984 0.29950000345706945 0.68149998784065258 0.30550000071525579 0.0022500000195577745 0.0014999999548308553 0.0042499999981373557 0.0084999999962747114 0.0027499999850988392 0.0017500000540167095 0.41799999773502355
decision_type=2 2 2 2 2 2 2 2 2 2 2 2 2 2
left_child=-1 2 -2 4 -4 7 -7 11 9 -9 -8 12 -6 -13
right_child=1 -3 3 -5 5 6 10 8 -10 -11 -12 13 -14 -15
leaf_value=0.036098505901292141 0.063535120842096851 -0.057916552724241399 0.062702586410689376 -0.049134711170761909 0.062369450487690575 -0.064760883481086703 0.063502471960008799 0.040965252673098106 -0.061480064123831543 -0.061347963786921526 -0.014893788066300932 -0.032966807391569639 -0.038080364813680385 0.0034075323679830225
leaf_weight=0.7227302244864412 0.32265624869614562 0.4221353414468475 0.29875103430822214 0.56349275633692819 0.87311767600476542 0.26721056830137868 0.96563550643622853 0.51929588615894207 0.97834819043055177 0.29501122515648603 0.3150208992883563 1.2471976969391105 0.38489465042948723 5.6644231555983424
leaf_count=16 10 8 16 9 35 6 29 6 11 17 12 16 4 131
internal_value=0 -0.000958228 0.000935748 -0.000696764 0.00161458 2.90139e-05 0.025405 -0.00391372 -0.031782 0.00389871 0.0442183 0.00220139 0.0316364 -0.00315619
internal_weight=0 13.1172 12.6951 12.3724 11.8089 11.5102 1.54787 9.96229 1.79266 0.814307 1.28066 8.16963 1.25801 6.91162
internal_count=326 310 302 292 283 267 47 220 34 23 41 186 39 147
is_linear=0
shrinkage=0.06


Tree=79
num_leaves=15
num_cat=0
split_feature=3 10 3 5 2 10 3 10 2 7 1 9 8 4
split_gain=0.234387 0.357787 0.338211 0.366364 0.304145 0.266452 0.504557 0.254774 0.231042 0.284952 0.287229 0.330527 0.542527 0.51597
threshold=0.31749999523162847 0.6185000240802766 0.35950000584125524 0.89149999618530285 0.29950000345706945 0.56949999928474437 0.38599999248981481 0.75949999690055858 0.9025000035762788 -0.014599999878555535 0.42249999940395361 -0.00075000003562308837 0.0042499999981373557 0.53999999165534984
decision_type=2 2 2 2 2 2 2 2 2 2 2 2 2 2
left_child=7 2 -2 4 -4 6 -6 -1 9 -8 -11 13 -13 -12
right_child=1 -3 3 -5 5 -7 8 -9 -10 10 11 12 -14 -15
leaf_value=0.06848808137364118 0.063327319692804904 -0.056016615205194839 0.062548495347742206 -0.066619397557917362 0.063179254046056885 -0.050696972181666092 0.065657881960843864 -0.0033828806483583562 0.037564532017145977 -0.058610153046042661 0.044239588483557142 -0.0054756446115177505 -0.061308783791699094 -0.0027319331310716858
leaf_weight=0.37490757182240564 0.30483304802328071 0.41062516951933581 0.28202523943036517 0.29577381908893663 0.45281461998820027 0.36876948643475849 0.21032487601040983 0.33732589799910784 0.51933367829769927 0.34617610368878082 1.1152593698352475 4.3923700368031939 0.73076317459344853 3.4347221730276942
leaf_count=6 10 8 16 4 13 6 3 10 16 9 36 76 43 70
internal_value=0 -0.000910936 0.000906094 -0.000660216 0.000985758 -0.000514799 0.00113723 0.0344488 -0.00147638 -0.00345839 -0.00490928 -0.00298746 -0.0134397 0.00878139
internal_weight=0 12.8638 12.4532 12.1483 11.8526 11.5705 11.2018 0.712233 10.7489 10.2296 10.0193 9.67311 5.12313 4.54998
internal_count=326 310 302 292 288 272 266 16 253 237 234 225 119 106
is_linear=0
shrinkage=0.06


end of trees

feature_importances:
Column_8=162
Column_2=154
Column_0=141
Column_9=123
Column_7=90
Column_5=87
Column_4=86
Column_10=74
Column_3=62
Column_1=61
Column_6=42
Column_15=29
Column_13=6
Column_12=3

parameters:
[boosting: gbdt]
[objective: binary]
[metric: binary_logloss]
[tree_learner: serial]
[device_type: cpu]
[data_sample_strategy: bagging]
[data: ]
[valid: ]
[num_iterations: 80]
[learning_rate: 0.06]
[num_leaves: 15]
[num_threads: 0]
[seed: 0]
[deterministic: 0]
[force_col_wise: 0]
[force_row_wise: 0]
[histogram_pool_size: -1]
[max_depth: -1]
[min_data_in_leaf: 8]
[min_sum_hessian_in_leaf: 0.001]
[bagging_fraction: 0.9]
[pos_bagging_fraction: 1]
[neg_bagging_fraction: 1]
[bagging_freq: 3]
[bagging_seed: 3]
[feature_fraction: 0.9]
[feature_fraction_bynode: 1]
[feature_fraction_seed: 2]
[extra_trees: 0]
[extra_seed: 6]
[early_stopping_round: 0]
[early_stopping_min_delta: 0]
[first_metric_only: 0]
[max_delta_step: 0]
[lambda_l1: 0]
[lambda_l2: 0]
[linear_lambda: 0]
[min_gain_to_split: 0]
[drop_rate: 0.1]
[max_drop: 50]
[skip_drop: 0.5]
[xgboost_dart_mode: 0]
[uniform_drop: 0]
[drop_seed: 4]
[top_rate: 0.2]
[other_rate: 0.1]
[min_data_per_group: 100]
[max_cat_threshold: 32]
[cat_l2: 10]
[cat_smooth: 10]
[max_cat_to_onehot: 4]
[top_k: 20]
[monotone_constraints: ]
[monotone_constraints_method: basic]
[monotone_penalty: 0]
[feature_contri: ]
[forcedsplits_filename: ]
[refit_decay_rate: 0.9]
[cegb_tradeoff: 1]
[cegb_penalty_split: 0]
[cegb_penalty_feature_lazy: ]
[cegb_penalty_feature_coupled: ]
[path_smooth: 0]
[interaction_constraints: ]
[verbosity: -1]
[saved_feature_importance_type: 0]
[use_quantized_grad: 0]
[num_grad_quant_bins: 4]
[quant_train_renew_leaf: 0]
[stochastic_rounding: 1]
[linear_tree: 0]
[max_bin: 255]
[max_bin_by_feature: ]
[min_data_in_bin: 3]
[bin_construct_sample_cnt: 200000]
[data_random_seed: 1]
[is_enable_sparse: 1]
[enable_bundle: 1]
[use_missing: 1]
[zero_as_missing: 0]
[feature_pre_filter: 1]
[pre_partition: 0]
[two_round: 0]
[header: 0]
[label_column: ]
[weight_column: ]
[group_column: ]
[ignore_column: ]
[categorical_feature: ]
[forcedbins_filename: ]
[precise_float_parser: 0]
[parser_config_file: ]
[objective_seed: 5]
[num_class: 1]
[is_unbalance: 0]
[scale_pos_weight: 1]
[sigmoid: 1]
[boost_from_average: 1]
[reg_sqrt: 0]
[alpha: 0.9]
[fair_c: 1]
[poisson_max_delta_step: 0.7]
[tweedie_variance_power: 1.5]
[lambdarank_truncation_level: 30]
[lambdarank_norm: 1]
[label_gain: ]
[lambdarank_position_bias_regularization: 0]
[eval_at: ]
[multi_error_top_k: 1]
[auc_mu_weights: ]
[num_machines: 1]
[local_listen_port: 12400]
[time_out: 120]
[machine_list_filename: ]
[machines: ]
[gpu_platform_id: -1]
[gpu_device_id: -1]
[gpu_use_dp: 0]
[num_gpu: 1]

end of parameters

pandas_categorical:null
