tree
version=v4
num_class=1
num_tree_per_iteration=1
label_index=0
max_feature_idx=15
objective=binary sigmoid:1
feature_names=Column_0 Column_1 Column_2 Column_3 Column_4 Column_5 Column_6 Column_7 Column_8 Column_9 Column_10 Column_11 Column_12 Column_13 Column_14 Column_15
feature_infos=[0.46000000834465027:0.69199997186660767] [0.40200001001358032:0.69099998474121094] [0.29899999499320984:0.90200001001358032] [0.30000001192092896:0.69999998807907104] [0.5:0.69199997186660767] [0.16099999845027924:0.88300001621246338] [-0.0086000002920627594:0.0096000004559755325] [-0.0070000002160668373:0.0092000002041459084] [0.0010000000474974513:0.0044999998062849045] [-0.0040000001899898052:0.0065000001341104507] [-1:1] none [0:0.2199999988079071] none none [0:1]
tree_sizes=921 954 1164 961 965 1161 1065 1062 1159 1383 1381 1279 1068 1378 1278 1263 1175 1280 1270 1173 1275 1276 1273 1274 1388 1282 1283 1170 1173 1180 1073 1073 1173 1179 1279 1177 1277 1270 1284 1285 1381 1179 1300 1291 1401 1188 1400 1298 1398 1295 1514 1405 1297 1295 1302 1298 1304 1501 1302 1607 1517 1405 1411 1416 1410 1303 1511 1513 1408 1507 1506 1395 1527 1524 1301 1414 1412 1306 1418 1408

Tree=0
num_leaves=8
num_cat=0
split_feature=12 4 9 8 3 5 0
split_gain=35.8671 19.6114 8.72144 11.364 8.57143 2.29167 0.339674
threshold=0.15500000119209292 0.61949998140335094 0.0022500000195577745 0.0022500000195577745 0.53999999165534984 0.50450000166893016 0.6564999818801881
decision_type=2 2 2 2 2 2 2
left_child=-1 6 3 4 5 -3 -2
right_child=1 2 -4 -5 -6 -7 -8
leaf_value=0.50546511183345455 0.28671510042475301 0.33879843647444369 0.50546511183345455 0.48273783792086217 0.44296510857382548 0.25546509879493834 0.25546509879493828
leaf_weight=9.3599997907876986 1.9199999570846582 2.159999951720236 2.3999999463558188 2.6399999409914017 1.9199999570846555 2.6399999409914017 3.5999999195337296
leaf_count=39 8 9 10 11 8 11 15
internal_value=0.405465 0.359632 0.403424 0.37726 0.335822 0.292965 0.266335
internal_weight=0 17.28 11.76 9.36 6.72 4.8 5.52
internal_count=111 72 49 39 28 20 23
is_linear=0
shrinkage=1


Tree=1
num_leaves=8
num_cat=0
split_feature=12 4 9 8 3 5 7
split_gain=32.1537 16.7731 7.83492 10.0199 7.38156 1.91917 0.329758
threshold=0.15500000119209292 0.61949998140335094 0.0022500000195577745 0.0022500000195577745 0.53999999165534984 0.50450000166893016 0.0019000000320374968
decision_type=2 2 2 2 2 2 2
left_child=-1 6 3 4 5 -3 -2
right_child=1 2 -4 -5 -6 -7 -8
leaf_value=0.096193499451986936 -0.13828107090798011 -0.061877896609583018 0.096193499451986977 0.073911331257416751 0.035536060010501594 -0.13746371900027354 -0.10784315334944992
leaf_weight=9.1528209149837512 3.6843093484640148 2.1866491734981519 2.34687715768814 2.5958110243082047 1.9050124883651731 2.7056156992912292 1.9646205455064771
leaf_count=39 15 9 10 11 8 11 8
internal_value=0 -0.0427433 -0.00186699 -0.0263676 -0.064663 -0.10368 -0.127695
internal_weight=0 17.3889 11.74 9.39309 6.79728 4.89226 5.64893
internal_count=111 72 49 39 28 20 23
is_linear=0
shrinkage=0.06


Tree=2
num_leaves=10
num_cat=0
split_feature=12 4 9 8 3 5 1 0 3
split_gain=28.9662 14.5318 7.06921 8.87835 6.42006 1.66005 0.30625 3.55271e-15 1.77636e-15
threshold=0.15500000119209292 0.61949998140335094 0.0022500000195577745 0.0022500000195577745 0.53999999165534984 0.50450000166893016 0.55649998784065258 0.53450000286102306 0.5275000035762788
decision_type=2 2 2 2 2 2 2 2 2
left_child=7 6 3 4 5 -3 -2 8 -1
right_child=1 2 -4 -5 -6 -7 -8 -9 -10
leaf_value=0.092874130784625322 -0.099432327873348728 -0.057600168946566416 0.092874130784625378 0.070835165754855531 0.033682208467669193 -0.12751474076000471 -0.12858172225359232 0.09287413078462535 0.092874130784625336
leaf_weight=3.6587772369384783 1.9888212680816675 2.2074100077152234 2.286735773086547 2.5475097000598907 1.8897494077682493 2.7404491305351257 3.733003169298172 3.4301036596298218 1.8293886184692381
leaf_count=16 8 9 10 11 8 11 15 15 8
internal_value=0 -0.0401215 -0.00172312 -0.0247723 -0.060393 -0.0963234 -0.11845 0.0928741 0.0928741
internal_weight=0 17.3937 11.6719 9.38512 6.83761 4.94786 5.72182 8.91827 5.48817
internal_count=111 72 49 39 28 20 23 39 24
is_linear=0
shrinkage=0.06


Tree=3
num_leaves=8
num_cat=0
split_feature=12 4 8 0 8 10 7
split_gain=27.7852 10.7792 5.09813 3.63431 2.78921 1.91315 0.000525141
threshold=0.15500000119209292 0.62849998474121105 0.0022500000195577745 0.6564999818801881 0.0017500000540167095 0.10216666758060457 0.0014999999548308553
decision_type=2 2 2 2 2 2 2
left_child=-1 3 -3 4 -2 -6 -5
right_child=1 2 -4 6 5 -7 -8
leaf_value=0.089958468254928717 -0.0023873527680142123 -0.027759464227270134 0.091850773336607489 -0.11953933532212337 -0.11139437848341037 -0.040092726302751784 -0.12091433350579606
leaf_weight=8.4405413866043109 2.8403620719909686 2.6446607559919348 2.4913261532783508 1.9999234527349465 2.7130938470363617 2.705823227763176 1.999836280941963
leaf_count=38 12 11 11 8 11 11 8
internal_value=0 -0.0427105 0.0302602 -0.073282 -0.0505478 -0.0757914 -0.120227
internal_weight=0 17.395 5.13599 12.259 8.25928 5.41892 3.99976
internal_count=110 72 22 50 34 22 16
is_linear=0
shrinkage=0.06


Tree=4
num_leaves=8
num_cat=0
split_feature=12 4 9 0 9 9 7
split_gain=25.1443 9.50565 4.09453 3.26198 4.33888 4.53061 0.000363452
threshold=0.15500000119209292 0.62849998474121105 0.0012500000302679839 0.6564999818801881 0.0017500000540167095 -0.0012500000302679835 0.0014999999548308553
decision_type=2 2 2 2 2 2 2
left_child=-1 3 -3 4 5 -2 -5
right_child=1 2 -4 6 -6 -7 -8
leaf_value=0.087381109277154131 -0.015008316841799915 -0.015448257500748304 0.094469168907059572 -0.11283127927833786 0.016621335380333689 -0.12333270245278784 -0.11397711814305554
leaf_weight=8.1761863529682177 2.4360018819570559 3.0272557884454718 2.0436728000640869 1.9918742626905435 2.6131308376789093 3.2369907200336456 1.9943598657846449
leaf_count=38 10 13 9 8 11 13 8
internal_value=0 -0.0402526 0.0288504 -0.0688059 -0.0473507 -0.0768179 -0.113405
internal_weight=0 17.3433 5.07093 12.2724 8.28612 5.67299 3.98623
internal_count=110 72 22 50 34 23 16
is_linear=0
shrinkage=0.06


Tree=5
num_leaves=10
num_cat=0
split_feature=12 4 8 9 1 0 2 0 1
split_gain=22.8204 8.47327 7.55537 9.11437 3.29616 1.77056 1.35548 0.0180682 1.77636e-15
threshold=0.15500000119209292 0.61949998140335094 0.0022500000195577745 0.0022500000195577745 0.54699999094009411 0.47949999570846563 0.90049999952316295 0.6564999818801881 0.59150001406669628
decision_type=2 2 2 2 2 2 2 2 2
left_child=8 6 3 4 5 -3 7 -2 -1
right_child=1 2 -4 -5 -6 -7 -8 -9 -10
leaf_value=0.085090075814616847 -0.11508800124517553 -0.069005511495193475 0.088439983902336108 0.089120652268786876 -0.11489483077036959 0.011726989664984 -0.051208617678820401 -0.10740831272998093 0.085090075814616861
leaf_weight=6.0296674668788937 1.9955403506755853 1.9783671051263794 2.3954547196626654 1.7591037750244138 2.7416615933179855 1.9339298307895658 1.9816343486309049 2.4655118882656097 1.8712761104106901
leaf_count=29 8 8 11 8 11 8 8 10 9
internal_value=0 -0.0380363 -0.0055711 -0.0323389 -0.0644491 -0.0290978 -0.0925012 -0.110844 0.0850901
internal_weight=0 17.2512 10.8085 8.41306 6.65396 3.9123 6.44269 4.46105 7.90094
internal_count=110 72 46 35 27 16 26 18 38
is_linear=0
shrinkage=0.06


Tree=6
num_leaves=9
num_cat=0
split_feature=12 4 9 8 9 1 1 0
split_gain=18.8592 6.03396 4.98978 4.96227 4.09871 0.513651 1.05161 1.77636e-15
threshold=0.15500000119209292 0.62849998474121105 -0.0017500000540167091 0.0022500000195577745 0.0022500000195577745 0.53700000047683727 0.56450000405311596 0.54200002551078807
decision_type=2 2 2 2 2 2 2 2
left_child=7 2 -2 -3 5 -4 -7 -1
right_child=1 3 4 -5 -6 6 -8 -9
leaf_value=0.083043460584563647 0.026034322774640194 -0.037431882240763367 -0.12287060289358714 0.085904676235822999 -0.011691998599101109 -0.051766276094434217 -0.10623122897827146 0.083043460584563661
leaf_weight=5.0121966749429729 2.1832065880298659 2.3875641524791709 1.9785057306289635 2.3111013472080231 2.8021310716867447 1.9543172419071195 3.6780406832695007 1.8043908029794691
leaf_count=25 9 10 8 11 12 8 15 9
internal_value=0 -0.0347936 -0.0564388 0.0232329 -0.0737303 -0.0965713 -0.087333 0.0830435
internal_weight=0 17.2949 12.5962 4.69867 10.413 7.61086 5.63236 6.81659
internal_count=107 73 52 21 43 31 23 34
is_linear=0
shrinkage=0.06


Tree=7
num_leaves=9
num_cat=0
split_feature=4 2 9 8 9 3 4 0
split_gain=14.8151 6.34588 6.20538 4.7431 3.07432 0.591387 0.486483 0.0027598
threshold=0.62849998474121105 0.29950000345706945 0.0022500000195577745 0.0022500000195577745 0.0037500001490116124 0.50650000572204601 0.61949998140335094 0.61399999260902416
decision_type=2 2 2 2 2 2 2 2
left_child=1 -1 5 -2 -4 6 -3 -5
right_child=3 2 4 7 -6 -7 -8 -9
leaf_value=0.067248810634361542 -0.0067346801370030285 -0.073408280191454747 0.065137647210411362 0.081207160831418573 -0.046128078687915304 -0.064265291315313403 -0.1109562771400068 0.083776317027636549
leaf_weight=1.6788377016782785 3.1664202660322172 1.9461301565170268 1.7691777050495141 4.630803108215332 1.8071479946374891 3.0389100760221481 3.4343832433223724 2.2300978153944016
leaf_count=7 14 8 8 24 8 13 14 11
internal_value=0 -0.0420082 -0.0572991 0.0540083 0.00891412 -0.0854245 -0.0973752 0.0820423
internal_weight=0 13.6746 11.9957 10.0273 3.57633 8.41942 5.38051 6.8609
internal_count=107 58 51 49 16 35 22 35
is_linear=0
shrinkage=0.06


Tree=8
num_leaves=10
num_cat=0
split_feature=12 4 15 6 9 2 0 8 1
split_gain=16.282 5.27064 6.00502 3.99661 1.88339 1.7157 1.02211 0.0013322 4.66318e-05
threshold=0.15500000119209292 0.61949998140335094 0.75000000000000011 0.00090000001364387583 0.0012500000302679839 0.29950000345706945 0.6564999818801881 0.0022500000195577745 0.53200000524520885
decision_type=2 2 2 2 2 2 2 2 2
left_child=7 6 -3 4 5 -4 -2 -1 -9
right_child=1 2 3 -5 -6 -7 -8 8 -10
leaf_value=0.081625689753937233 -0.045329992910290176 -0.10591218785255159 0.064050996967158297 -0.051472527593272477 0.08382082112015439 -0.011433342520081775 -0.0992847172607048 0.079959814563345652 0.07955305540831939
leaf_weight=1.7514759451150919 1.9555579721927667 1.9080981910228771 1.6575494706630634 2.6689140200614929 2.0153627991676331 3.1327844560146332 3.57417131960392 1.4964333623647688 3.151382178068161
leaf_count=9 8 8 7 11 10 14 15 8 17
internal_value=0 -0.0321476 -0.00880175 0.0107554 0.0351586 0.0146857 -0.0802039 0.0802155 0.079684
internal_weight=0 16.9124 11.3827 9.47461 6.8057 4.79033 5.52973 6.39929 4.64782
internal_count=107 73 50 42 31 21 23 34 25
is_linear=0
shrinkage=0.06


Tree=9
num_leaves=12
num_cat=0
split_feature=12 4 8 2 7 9 3 10 4 9 2
split_gain=13.6779 7.42315 4.46493 3.14071 5.26851 3.98928 1.15817 0.00933522 0.00129457 0.00011301 7.41735e-09
threshold=0.15500000119209292 0.61949998140335094 0.0022500000195577745 0.29950000345706945 0.00090000001364387583 0.0022500000195577745 0.45299999415874487 0.10216666758060457 0.65950000286102306 -1.0000000180025095e-35 0.41949999332427984
decision_type=2 2 2 2 2 2 2 2 2 2 2
left_child=8 6 3 -3 -5 -6 -2 -8 -1 10 -10
right_child=1 2 -4 4 5 -7 7 -9 9 -11 -12
leaf_value=0.080142043169118757 -0.039675320556090708 0.061090155923562643 0.081329036465185633 -0.091258417504418002 -0.042257551658067181 0.085131366075399797 -0.099939344836766322 -0.093956801085132227 0.078052306153514189 0.078680314985637947 0.078057812948584035
leaf_weight=1.6911454498767877 1.9151393622159982 1.6343281716108302 2.3051535636186591 2.9480031132698059 1.8953603059053423 1.6601282209157942 1.9148020446300509 1.8424982875585554 1.4223368167877199 1.4469393938779829 2.3116762340068817
leaf_count=9 8 7 12 12 8 8 8 8 8 8 13
internal_value=0 -0.0223972 0.00761497 -0.0132656 -0.0319512 0.0172229 -0.0776497 -0.0970056 0.0787006 0.0782302 0.0780557
internal_weight=0 16.1154 10.443 8.13782 6.50349 3.55549 5.67244 3.7573 6.8721 5.18095 3.73401
internal_count=109 71 47 35 28 16 24 16 38 29 21
is_linear=0
shrinkage=0.06


Tree=10
num_leaves=12
num_cat=0
split_feature=12 4 8 2 7 9 3 6 4 9 2
split_gain=12.5952 6.69812 4.1081 2.81959 4.69993 3.64113 1.09046 0.00617938 0.00102098 8.94868e-05 5.86054e-09
threshold=0.15500000119209292 0.61949998140335094 0.0022500000195577745 0.29950000345706945 0.00090000001364387583 0.0022500000195577745 0.45299999415874487 0.0002999999924213626 0.65950000286102306 -1.0000000180025095e-35 0.41949999332427984
decision_type=2 2 2 2 2 2 2 2 2 2 2
left_child=8 6 3 -3 -5 -6 -2 -8 -1 10 -10
right_child=1 2 -4 4 5 -7 7 -9 9 -11 -12
leaf_value=0.078592085883387786 -0.037585514853325883 0.058332407137247626 0.079670575124195578 -0.086653437302054881 -0.040019719016838845 0.083084850521151138 -0.096009163725347374 -0.09107977792684073 0.076696866411702716 0.077267732403679484 0.076701867718869429
leaf_weight=1.6231034249067331 1.9007743149995793 1.609660416841505 2.2147098630666724 2.9192360043525696 1.8816903382539751 1.6007696688175199 1.8680410981178286 1.7954251468181608 1.3624513149261477 1.3868220299482343 2.2143578380346298
leaf_count=9 8 7 12 12 8 8 8 8 8 8 13
internal_value=0 -0.0214842 0.0073416 -0.0126535 -0.0305024 0.0165673 -0.0744608 -0.0935933 0.0772858 0.0768586 0.0767
internal_weight=0 15.7903 10.2261 8.01136 6.4017 3.48246 5.56424 3.66347 6.58673 4.96363 3.57681
internal_count=109 71 47 35 28 16 24 16 38 29 21
is_linear=0
shrinkage=0.06


Tree=11
num_leaves=11
num_cat=0
split_feature=12 4 8 3 7 10 10 4 9 3
split_gain=11.6167 6.05822 3.78642 2.42863 3.79488 1.03541 0.00544445 0.000808773 7.11525e-05 4.6523e-09
threshold=0.15500000119209292 0.61949998140335094 0.0022500000195577745 0.5275000035762788 0.00090000001364387583 0.33950001001358038 0.10216666758060457 0.65950000286102306 -1.0000000180025095e-35 0.47949999570846563
decision_type=2 2 2 2 2 2 2 2 2 2
left_child=7 5 3 4 -3 6 -2 -1 9 -9
right_child=1 2 -4 -5 -6 -7 -8 8 -10 -11
leaf_value=0.077187943956989816 -0.092888971868720832 -0.084982047814517903 0.078170750416440921 0.044673828127769183 0.012094993450810478 -0.035616149188457326 -0.088195053849016686 0.075468702935619386 0.075984482236964204 0.07546414712439857
leaf_weight=1.5555327981710458 1.8246487081050866 2.6389067918062192 2.1245216578245163 2.017888069152832 3.2167738676071167 1.885985732078552 1.7358883023262022 2.1184330284595494 1.3274392932653425 1.3034245073795316
leaf_count=9 8 11 12 9 15 8 8 13 8 8
internal_value=0 -0.0206472 0.00708829 -0.0120919 -0.0316535 -0.0715609 -0.0906005 0.0760005 0.0756116 0.075467
internal_weight=0 15.4446 9.99809 7.87357 5.85568 5.44652 3.56054 6.30483 4.7493 3.42186
internal_count=109 71 47 35 26 24 16 38 29 21
is_linear=0
shrinkage=0.06


Tree=12
num_leaves=9
num_cat=0
split_feature=12 4 8 0 8 10 8 2
split_gain=11.63 3.64683 3.62579 2.29006 1.89233 2.38173 0.000435746 1.98561e-05
threshold=0.15500000119209292 0.62849998474121105 0.0022500000195577745 0.6564999818801881 0.0017500000540167095 0.10216666758060457 0.0022500000195577745 0.41949999332427984
decision_type=2 2 2 2 2 2 2 2
left_child=6 3 -3 4 -2 -6 -1 -8
right_child=1 2 -4 -5 5 -7 7 -9
leaf_value=0.075651421625722443 0.011730606137224545 -0.035199845016534517 0.076810096473562697 -0.088668573879665313 -0.087787403553161697 -0.0091780734940112556 0.074628283007076496 0.074335909460391064
leaf_weight=1.4749408960342432 2.7255627959966642 2.1284589618444434 2.0351528376340866 3.2471944540739051 2.8349693268537521 2.7176774740219116 1.2588963359594347 2.4905711561441422
leaf_count=9 13 9 12 15 12 12 8 16
internal_value=0 -0.0285786 0.0195501 -0.0459654 -0.0292147 -0.049313 0.0747778 0.0744341
internal_weight=0 15.689 4.16361 11.5254 8.27821 5.55265 5.22441 3.74947
internal_count=106 73 21 52 37 24 33 24
is_linear=0
shrinkage=0.06


Tree=13
num_leaves=12
num_cat=0
split_feature=12 4 15 9 3 2 2 4 1 8 2
split_gain=10.6884 3.35045 4.3315 3.03166 3.42397 1.10493 0.759518 0.472019 0.00201782 0.000347864 1.59553e-05
threshold=0.15500000119209292 0.61949998140335094 0.75000000000000011 0.0012500000302679839 0.50650000572204601 0.90049999952316295 0.78150001168251049 0.62849998474121105 0.58250001072883617 0.0022500000195577745 0.41949999332427984
decision_type=2 2 2 2 2 2 2 2 2 2 2
left_child=9 5 -3 4 7 8 -5 -4 -2 -1 -11
right_child=1 2 3 6 -6 -7 -8 -9 -10 10 -12
leaf_value=0.074511724726474132 -0.088262589242298808 -0.097895332390749212 -0.076195092156724584 0.028980670336059344 0.04394877155322989 -0.028775717440839312 0.089090410951250087 -0.032146627170720622 -0.085329778195339878 0.073577109072565802 0.073308880535322585
leaf_weight=1.4096414297819162 1.7324157357215875 1.6061045378446586 1.6577524691820109 1.5818393379449844 2.0973629057407379 1.8131265342235563 1.4508106410503387 1.8566715270280838 1.6478409916162489 1.2020027786493304 2.3773844391107559
leaf_count=9 8 7 7 8 10 8 8 9 8 8 16
internal_value=0 -0.0273018 -0.00740994 0.00940192 -0.0167187 -0.0665638 0.057737 -0.0529243 -0.0868329 0.0737134 0.073399
internal_weight=0 15.4439 10.2505 8.64444 5.61179 5.19338 3.03265 3.51442 3.38026 4.98903 3.57939
internal_count=106 73 49 42 26 24 16 16 16 33 24
is_linear=0
shrinkage=0.06


Tree=14
num_leaves=11
num_cat=0
split_feature=12 4 9 8 1 2 7 1 8 2
split_gain=9.84048 3.06399 3.78193 3.29622 3.04389 1.05914 0.954051 0.00153387 0.00027862 1.28577e-05
threshold=0.15500000119209292 0.61949998140335094 0.0022500000195577745 0.0022500000195577745 0.54699999094009411 0.90049999952316295 -0.00090000001364387561 0.58250001072883617 0.0022500000195577745 0.41949999332427984
decision_type=2 2 2 2 2 2 2 2 2 2
left_child=8 5 3 4 6 7 -3 -2 -1 -10
right_child=1 2 -4 -5 -6 -7 -8 -9 9 -11
leaf_value=0.073470318800985174 -0.085885364442331635 -0.040877039142378988 0.078347273541374274 0.047443985735115837 -0.091705329461040833 -0.027276125084306269 0.018240805837493011 -0.083283143218408989 0.07261468165399336 0.072368129367531342
leaf_weight=1.3457908481359506 1.675287410616874 1.8272643238306034 1.5754589438438404 1.874563544988632 2.7024221569299698 1.7985006123781202 2.1263000965118404 1.5888360142707822 1.1465474516153338 2.2671501785516739
leaf_count=9 8 8 9 11 12 8 9 8 8 16
internal_value=0 -0.0261478 -0.0070616 -0.0228353 -0.0426284 -0.0642477 -0.00908237 -0.0846187 0.0727392 0.0724509
internal_weight=0 15.1686 10.106 8.53055 6.65599 5.06262 3.95356 3.26412 4.75949 3.4137
internal_count=106 73 49 40 29 24 17 16 33 24
is_linear=0
shrinkage=0.06


Tree=15
num_leaves=11
num_cat=0
split_feature=12 4 8 0 3 3 3 7 4 0
split_gain=10.6127 3.1441 2.77884 1.93165 2.01071 1.81084 0.660108 0.0116979 0.000329463 2.95187e-05
threshold=0.15500000119209292 0.62849998474121105 0.0022500000195577745 0.6564999818801881 0.46050000190734869 0.5275000035762788 0.47949999570846563 0.0014999999548308553 0.65950000286102306 0.52349999547004711
decision_type=2 2 2 2 2 2 2 2 2 2
left_child=8 3 -3 4 -2 6 -6 -5 -1 -10
right_child=1 2 -4 7 5 -7 -8 -9 9 -11
leaf_value=0.07272981337567351 0.012768713496248486 -0.032135542858905429 0.074740345241765344 -0.0795553853464709 -0.048429196640454378 -0.0019061380927585009 -0.10134632493727383 -0.086650501649526118 0.07150576187089247 0.07187702015561985
leaf_weight=1.2973818182945276 2.7451088130474073 1.7893883287906638 1.715385764837265 1.6656348407268526 1.605409234762192 1.7931543141603468 1.8003182411193845 1.6806291937828062 2.5652993619441991 1.1022690534591673
leaf_count=9 13 8 11 9 8 8 8 8 19 8
internal_value=0 -0.0294695 0.0201741 -0.0448802 -0.0287728 -0.0507075 -0.076402 -0.0831188 0.071908 0.0716173
internal_weight=0 14.795 3.50477 11.2903 7.94399 5.19888 3.40573 3.34626 4.96495 3.66757
internal_count=109 73 19 54 37 24 16 17 36 27
is_linear=0
shrinkage=0.06


Tree=16
num_leaves=10
num_cat=0
split_feature=12 4 8 9 9 0 10 4 0
split_gain=9.77313 2.83017 2.56431 1.92554 2.9704 0.450392 0.022552 0.000265395 2.38353e-05
threshold=0.15500000119209292 0.62849998474121105 0.0022500000195577745 0.0022500000195577745 -0.0012500000302679835 0.6525000035762788 0.28133332729339605 0.65950000286102306 0.52349999547004711
decision_type=2 2 2 2 2 2 2 2 2
left_child=7 3 -3 4 -2 6 -6 -1 -9
right_child=1 2 -4 -5 5 -7 -8 8 -10
leaf_value=0.071837407746075735 0.0023365206223968332 -0.030242007152569302 0.073685504580966149 0.0025435601281312802 -0.097152171505423546 -0.060042318782478621 -0.087469849142715342 0.070711764641385691 0.071053636390697339
leaf_weight=1.236541867256167 2.2589193135499945 1.7874011844396582 1.6379069983959198 2.5748316645622245 1.7565124481916421 2.8068933337926865 1.7082385867834089 2.4422058016061787 1.0497393757104871
leaf_count=9 10 8 11 13 8 15 8 19 8
internal_value=0 -0.0282256 0.0194538 -0.0429317 -0.0566578 -0.0779063 -0.0923785 0.071082 0.0708145
internal_weight=0 14.5307 3.42531 11.1054 8.53056 6.27164 3.46475 4.72849 3.49195
internal_count=109 73 19 54 41 31 16 36 27
is_linear=0
shrinkage=0.06


Tree=17
num_leaves=11
num_cat=0
split_feature=12 4 9 8 9 2 0 0 4 0
split_gain=9.00856 2.63149 3.88285 2.86842 1.96017 1.07638 0.263833 0.0086895 0.00021433 1.92933e-05
threshold=0.15500000119209292 0.61949998140335094 0.0022500000195577745 0.0022500000195577745 -0.0012500000302679835 0.90049999952316295 0.62950000166893016 0.6564999818801881 0.65950000286102306 0.52349999547004711
decision_type=2 2 2 2 2 2 2 2 2 2
left_child=8 5 3 4 -3 7 -6 -2 -1 -10
right_child=1 2 -4 -5 6 -7 -8 -9 9 -11
leaf_value=0.071017351834708489 -0.083271398451895712 -0.0026945383871915286 0.078317843708018323 0.043157958245979011 -0.090631344498867006 -0.022238916431674246 -0.057502367471177873 -0.077272438170074301 0.06998047316546413 0.070295790829975308
leaf_weight=1.1775670647621179 1.5989524722099298 2.2971599251031871 1.5709192454814909 1.6937830299139021 1.7428102493286122 1.7364535331726072 1.7189414650201795 1.9047408699989317 2.3232829496264462 0.99893947690725315
leaf_count=9 8 10 9 11 8 8 8 11 19 8
internal_value=0 -0.0270478 -0.00740889 -0.0254788 -0.045666 -0.0608662 -0.0741811 -0.0800101 0.0703218 0.0700753
internal_weight=0 14.2638 9.02361 7.45269 5.75891 5.24015 3.46175 3.50369 4.49979 3.32222
internal_count=109 73 46 37 26 27 16 19 36 27
is_linear=0
shrinkage=0.06


Tree=18
num_leaves=11
num_cat=0
split_feature=12 2 4 4 9 6 3 1 4 0
split_gain=7.10966 3.12473 3.58101 7.43425 2.12771 1.3723 0.32081 0.0472314 0.000166946 1.26031e-05
threshold=0.15500000119209292 0.29950000345706945 0.62849998474121105 0.63850000500679027 0.0017500000540167095 0.00090000001364387583 0.53200000524520885 0.53700000047683727 0.65950000286102306 0.51150000095367443
decision_type=2 2 2 2 2 2 2 2 2 2
left_child=8 -2 4 -4 6 -6 7 -3 -1 -10
right_child=1 2 3 -5 5 -7 -8 -9 9 -11
leaf_value=0.070262494857758082 0.059319567304683671 -0.093319755447037592 0.082423182402488637 -0.094175582733121335 0.01961578832676459 -0.054623755032818314 -0.054402693879048565 -0.079425862166698225 0.06930698036210782 0.069565720857657734
leaf_weight=1.1205410212278391 1.5665584355592717 1.705142587423323 2.3814616948366156 1.3415889292955401 1.8766399025917055 1.7159678041934965 1.6984369307756422 1.8219978660345075 1.8600561246275904 1.066191717982292
leaf_count=9 7 8 15 6 10 8 9 10 16 9
internal_value=0 -0.0205764 -0.0305564 0.0187864 -0.051389 -0.0158439 -0.0758264 -0.0861427 0.0696397 0.0694013
internal_weight=0 14.1078 12.5412 3.72305 8.81819 3.59261 5.22558 3.52714 4.04679 2.92625
internal_count=107 73 66 21 45 18 27 18 34 25
is_linear=0
shrinkage=0.06


Tree=19
num_leaves=10
num_cat=0
split_feature=12 2 12 12 9 6 5 8 9
split_gain=6.59154 2.82737 3.23812 6.83185 1.99416 1.24584 0.316072 0.000133566 4.44923e-06
threshold=0.15500000119209292 0.29950000345706945 0.18500000238418582 0.20499999821186068 0.0017500000540167095 0.00070000000414438557 0.52349999547004711 0.0022500000195577745 -0.0012500000302679835
decision_type=2 2 2 2 2 2 2 2 2
left_child=7 -2 4 -4 6 -6 -3 -1 -9
right_child=1 2 3 -5 5 -7 -8 8 -10
leaf_value=0.069487663223076965 0.056692951189270244 -0.087337611012495875 0.080972712160514104 -0.091235725090600378 0.026415697522772761 -0.045454374672951249 -0.057217519366367126 0.0688473002463003 0.0686812361089571
leaf_weight=1.295041762292388 1.5415645092725743 2.7653794437646848 2.2817193269729605 1.3029073476791384 1.5047938227653506 2.0528188943862915 2.2952054440975189 0.89446750283241305 1.6563324108719824
leaf_count=11 7 14 15 6 8 10 13 8 15
internal_value=0 -0.0198718 -0.0295441 0.01838 -0.0494775 -0.0150549 -0.0736768 0.0689914 0.0687395
internal_weight=0 13.7444 12.2028 3.58463 8.6182 3.55761 5.06058 3.84584 2.5508
internal_count=107 73 66 21 45 18 27 34 23
is_linear=0
shrinkage=0.06


Tree=20
num_leaves=11
num_cat=0
split_feature=12 2 4 4 9 6 3 1 4 0
split_gain=6.11531 2.55954 2.92653 6.29004 1.87366 1.13838 0.322685 0.0298774 0.000110669 8.31211e-06
threshold=0.15500000119209292 0.29950000345706945 0.62849998474121105 0.63850000500679027 0.0017500000540167095 0.00090000001364387583 0.53200000524520885 0.53700000047683727 0.65950000286102306 0.51150000095367443
decision_type=2 2 2 2 2 2 2 2 2 2
left_child=8 -2 4 -4 6 -6 7 -3 -1 -10
right_child=1 2 3 -5 5 -7 -8 -9 9 -11
leaf_value=0.068925393867299609 0.054218510809124446 -0.088312072735695551 0.079632193471770432 -0.088627897652727577 0.017733856859167202 -0.050571724316528399 -0.049673121732748161 -0.076861040889547816 0.068106976276434111 0.068328188754300342
leaf_weight=1.0126523002982168 1.5159975141286839 1.5989199727773651 2.1839075088500968 1.262016832828522 1.873880594968796 1.6533814966678617 1.6141081899404524 1.6843775212764738 1.6778255179524424 0.96216662228107441
leaf_count=9 7 8 15 6 10 8 9 10 16 9
internal_value=0 -0.0191963 -0.0285722 0.0180095 -0.0476254 -0.0142839 -0.0716389 -0.0824375 0.0683921 0.0681876
internal_weight=0 13.3866 11.8706 3.44592 8.42467 3.52726 4.89741 3.2833 3.65264 2.63999
internal_count=107 73 66 21 45 18 27 18 34 25
is_linear=0
shrinkage=0.06


Tree=21
num_leaves=11
num_cat=0
split_feature=12 4 15 9 3 0 2 2 4 9
split_gain=5.93402 3.26738 3.76498 2.56086 1.4931 0.338812 0.21264 0.0155993 8.04941e-05 8.23551e-06
threshold=0.15500000119209292 0.61949998140335094 0.75000000000000011 0.0012500000302679839 0.49899999797344213 0.6564999818801881 0.78150001168251049 0.90049999952316295 0.65950000286102306 -1.0000000180025095e-35
decision_type=2 2 2 2 2 2 2 2 2 2
left_child=8 5 -3 4 -4 -2 -5 -7 -1 -10
right_child=1 2 3 6 -6 7 -8 -9 9 -11
leaf_value=0.068315228208968889 -0.041520349945817374 -0.083468986249402286 -0.044324679910408692 0.047803765547237989 0.032083544701519563 -0.073292797843757376 0.081960442014272786 -0.082545139860881481 0.067571904391438564 0.067802105220591644
leaf_weight=0.85344123840332153 1.4735834151506404 1.524966225028036 2.0831997990608238 1.1943976730108261 1.6498434841632841 1.4824959933757784 1.4559838771820068 1.1766713112592695 1.7910034507513051 0.8136370629072186
leaf_count=8 8 8 12 7 8 10 10 6 18 8
internal_value=0 -0.0213626 0.00123136 0.0214658 -0.0105556 -0.0645983 0.0665677 -0.0773869 0.0678095 0.0676438
internal_weight=0 12.0411 7.90839 6.38342 3.73304 4.13275 2.65038 2.65917 3.45808 2.60464
internal_count=103 69 45 37 20 24 17 16 34 26
is_linear=0
shrinkage=0.06


Tree=22
num_leaves=11
num_cat=0
split_feature=12 4 15 9 3 0 2 2 4 9
split_gain=5.50696 3.00997 3.4523 2.35033 1.33022 0.412679 0.21246 0.0114181 6.56686e-05 6.7287e-06
threshold=0.15500000119209292 0.61949998140335094 0.75000000000000011 0.0012500000302679839 0.49899999797344213 0.6525000035762788 0.78150001168251049 0.90049999952316295 0.65950000286102306 -1.0000000180025095e-35
decision_type=2 2 2 2 2 2 2 2 2 2
left_child=8 5 -3 4 -4 -2 -5 -7 -1 -10
right_child=1 2 3 6 -6 7 -8 -9 9 -11
leaf_value=0.067766423361423675 -0.034752452046465272 -0.081688757620258276 -0.042002088496107988 0.045866357885361649 0.0303964741315546 -0.072884245557285884 0.080530238401593776 -0.080772415425429719 0.067077160546051576 0.06729079763668433
leaf_weight=0.81005123257637146 1.2711066454648956 1.4664924740791301 2.0670021772384666 1.1708929538726807 1.6373225823044775 1.5869475156068804 1.394799992442131 1.1317178905010221 1.6987649649381642 0.77189938724040952
leaf_count=8 7 8 12 7 8 11 10 6 18 8
internal_value=0 -0.0206431 0.00118692 0.0205707 -0.0100017 -0.0629733 0.0647108 -0.0761679 0.0672976 0.0671439
internal_weight=0 11.7263 7.73651 6.27002 3.70432 3.98977 2.56569 2.71867 3.28072 2.47066
internal_count=103 69 45 37 20 24 17 17 34 26
is_linear=0
shrinkage=0.06


Tree=23
num_leaves=11
num_cat=0
split_feature=12 4 15 9 3 0 2 2 4 9
split_gain=5.1138 2.77538 3.1699 2.15774 1.18487 0.408539 0.21263 0.00908078 5.36569e-05 5.50566e-06
threshold=0.15500000119209292 0.61949998140335094 0.75000000000000011 0.0012500000302679839 0.49899999797344213 0.6525000035762788 0.78150001168251049 0.90049999952316295 0.65950000286102306 -1.0000000180025095e-35
decision_type=2 2 2 2 2 2 2 2 2 2
left_child=8 5 -3 4 -4 -2 -5 -7 -1 -10
right_child=1 2 3 6 -6 7 -8 -9 9 -11
leaf_value=0.067257804688968262 -0.033243295264269952 -0.080075397701875953 -0.039791481596131717 0.043989762973509441 0.028795592931223038 -0.07198235199097848 0.079203957374614636 -0.079172209493051038 0.066618017433844504 0.066816475564724809
leaf_weight=0.76847066730260971 1.2497516423463806 1.4080603569745997 2.0514165163040183 1.1482991129159927 1.6250350251793859 1.5126832425594332 1.3348956555128098 1.0866901725530622 1.6105269715189938 0.7319507002830502
leaf_count=8 7 8 12 7 8 11 10 6 18 8
internal_value=0 -0.019954 0.00114386 0.0197101 -0.00947518 -0.0614342 0.0629199 -0.0749881 0.0668228 0.06668
internal_weight=0 11.4168 7.56771 6.15965 3.67645 3.84913 2.48319 2.59937 3.11095 2.34248
internal_count=103 69 45 37 20 24 17 17 34 26
is_linear=0
shrinkage=0.06


Tree=24
num_leaves=12
num_cat=0
split_feature=12 4 15 9 2 4 8 1 8 8 7
split_gain=5.17586 2.60168 2.7388 1.71826 1.34011 2.21341 1.45739 0.400291 0.00814411 5.40368e-05 1.81052e-06
threshold=0.15500000119209292 0.61949998140335094 0.75000000000000011 0.0022500000195577745 0.29950000345706945 0.62849998474121105 0.0022500000195577745 0.55649998784065258 0.0022500000195577745 0.0022500000195577745 0.0019000000320374968
decision_type=2 2 2 2 2 2 2 2 2 2 2
left_child=9 7 -3 4 -4 -6 -7 -2 -9 -1 -11
right_child=1 2 3 -5 5 6 -8 8 -10 10 -12
leaf_value=0.06674151300939786 -0.034155565082458636 -0.07860852548809022 0.049988561509374675 0.072367045229850366 -0.065075686571063676 -0.021325123396416082 0.069977702072602205 -0.070981579629502023 -0.077994994090245379 0.066305964676485446 0.066188680743891809
leaf_weight=1.0881810188293468 1.4026277959346765 1.3500455170869798 1.4499935358762748 1.4708868563175199 1.9171973317861555 1.3788985908031464 1.1578676998615265 1.1718653887510302 1.2130704522132871 0.68729956448078189 1.5256444141268728
leaf_count=12 9 8 7 11 9 7 10 9 7 8 18
internal_value=0 -0.0180655 -3.91357e-05 0.0143438 -0.000111807 -0.016422 0.0203486 -0.0595902 -0.0745489 0.0663953 0.0662251
internal_weight=0 12.5125 8.72489 7.37484 5.90396 4.45396 2.53677 3.78756 2.38494 3.30112 2.21294
internal_count=115 77 52 44 33 26 17 25 16 38 26
is_linear=0
shrinkage=0.06


Tree=25
num_leaves=11
num_cat=0
split_feature=12 4 15 9 3 4 3 10 8 7
split_gain=4.81816 2.39628 2.52856 1.60623 1.75331 1.52151 0.46689 0.00275697 4.4264e-05 1.48762e-06
threshold=0.15500000119209292 0.61949998140335094 0.75000000000000011 0.0022500000195577745 0.50650000572204601 0.62849998474121105 0.46050000190734869 0.10216666758060457 0.0022500000195577745 0.0019000000320374968
decision_type=2 2 2 2 2 2 2 2 2 2
left_child=8 6 -3 4 5 -4 -2 -8 -1 -10
right_child=1 2 3 -5 -6 -7 7 -9 9 -11
leaf_value=0.066306379360946743 -0.02660246994084621 -0.077270955469923686 -0.066543647074056134 0.071514655466585281 0.044996332825410788 0.010205227119313199 -0.074771721879177272 -0.070784796057420288 0.0659015510034935 0.065792323667329261
leaf_weight=1.0313306897878658 1.1538203209638589 1.2927576750516863 1.6905053108930599 1.4012347087264059 2.0193322226405144 2.0667350441217422 1.2311433479189875 1.266941614449024 0.65112547576427493 1.4451900422573087
leaf_count=12 7 8 8 11 12 13 8 10 8 18
internal_value=0 -0.0175419 -2.62257e-05 0.0138859 -9.31943e-05 -0.0243266 -0.0581695 -0.0727497 0.0659846 0.0658263
internal_weight=0 12.1225 8.47056 7.17781 5.77657 3.75724 3.65191 2.49808 3.12765 2.09632
internal_count=115 77 52 44 33 21 25 18 38 26
is_linear=0
shrinkage=0.06


Tree=26
num_leaves=11
num_cat=0
split_feature=12 12 15 9 3 12 3 10 8 7
split_gain=4.48319 2.2143 2.33306 1.50681 1.56993 1.37241 0.461854 0.002224 3.63051e-05 1.2238e-06
threshold=0.15500000119209292 0.16499999910593036 0.75000000000000011 0.0022500000195577745 0.50650000572204601 0.18500000238418582 0.46050000190734869 0.10216666758060457 0.0022500000195577745 0.0019000000320374968
decision_type=2 2 2 2 2 2 2 2 2 2
left_child=8 6 -3 4 5 -4 -2 -8 -1 -10
right_child=1 2 3 -5 -6 -7 7 -9 9 -11
leaf_value=0.06590189569890495 -0.025383439558650148 -0.076048084550908376 -0.063641275392105845 0.070729428371578654 0.042937539981839558 0.0096001556248616528 -0.073721304216242914 -0.070053298797683142 0.06552530225489786 0.065423496988098309
leaf_weight=0.97705045342445473 1.1372005790472024 1.2364500015974016 1.6624148637056362 1.3338356539607046 1.9901037737727163 2.0652237832546234 1.1754612103104594 1.2052389755845068 0.6166207641363145 1.3684679865837095
leaf_count=12 7 8 8 11 12 13 8 10 8 18
internal_value=0 -0.0169545 -2.53128e-05 0.0133048 -9.12199e-05 -0.0230633 -0.0568389 -0.0718644 0.0656025 0.0654551
internal_weight=0 11.8059 8.28803 7.05158 5.71774 3.72764 3.5179 2.3807 2.96214 1.98509
internal_count=115 77 52 44 33 21 25 18 38 26
is_linear=0
shrinkage=0.06


Tree=27
num_leaves=10
num_cat=0
split_feature=12 5 3 4 3 2 6 4 0
split_gain=3.19959 1.89342 3.22595 1.63434 2.67827 2.5106 0.438842 2.74684e-05 2.45027e-06
threshold=0.15500000119209292 0.61049997806549083 0.44850000739097601 0.61949998140335094 0.50650000572204601 0.78049999475479137 0.0011000000522471967 0.65950000286102306 0.51150000095367443
decision_type=2 2 2 2 2 2 2 2 2
left_child=7 2 -2 -4 5 -5 -3 -1 -9
right_child=1 6 3 4 -6 -7 -8 8 -10
leaf_value=0.065573591147928309 0.079678216075082964 -0.027988478495091305 -0.071334969761198533 -0.090665375289866512 0.057303456165110851 0.016701176441920543 -0.076502270138990108 0.065082359924955729 0.065231270428721191
leaf_weight=0.6985308974981318 1.6413805335760097 1.2752951905131333 1.4211954474449155 1.4480794891715052 1.9216974973678587 1.7098017185926435 1.4171515107154844 1.2238797470927236 0.58936167508363735
leaf_count=9 9 10 11 8 13 12 9 17 8
internal_value=0 -0.00990554 0.004518 -0.0144592 0.00145385 -0.0325329 -0.0535234 0.0652539 0.0651308
internal_weight=0 10.8346 8.14215 6.50077 5.07958 3.15788 2.69245 2.51177 1.81324
internal_count=106 72 53 44 33 20 19 34 25
is_linear=0
shrinkage=0.06


Tree=28
num_leaves=10
num_cat=0
split_feature=12 1 2 2 4 5 0 4 0
split_gain=2.99171 2.07214 3.08548 1.65223 1.30011 1.24243 0.380849 2.25831e-05 2.01673e-06
threshold=0.15500000119209292 0.58250001072883617 0.90049999952316295 0.29950000345706945 0.62849998474121105 0.52349999547004711 0.64849999547004711 0.65950000286102306 0.51150000095367443
decision_type=2 2 2 2 2 2 2 2 2
left_child=7 2 3 -2 5 -5 -3 -1 -9
right_child=1 6 -4 4 -6 -7 -8 8 -10
leaf_value=0.065219955516217079 0.047391890315659449 -0.027189532928400654 0.087298062789124178 -0.079816388771808786 0.012590512368328357 -0.0013979482498207099 -0.071674463815134606 0.064762119627012046 0.064900990959979601
leaf_weight=0.66131009161472443 1.3594103306531886 1.1829564720392229 1.3965196870267389 1.9701019600033762 1.8514288589358328 1.1530305817723272 1.6722207292914388 1.1581326499581335 0.55777855217456807
leaf_count=9 7 8 10 13 13 8 13 17 8
internal_value=0 -0.00956283 0.00657017 -0.0112288 -0.0272482 -0.0508651 -0.0532435 0.0649221 0.0648073
internal_weight=0 10.5857 7.73049 6.33397 4.97456 3.12313 2.85518 2.37722 1.71591
internal_count=106 72 51 41 34 21 21 34 25
is_linear=0
shrinkage=0.06


Tree=29
num_leaves=10
num_cat=0
split_feature=12 1 2 2 12 5 6 8 9
split_gain=2.79763 1.89184 2.78005 1.48906 1.19065 1.18428 0.635586 1.82983e-05 6.48161e-07
threshold=0.15500000119209292 0.58250001072883617 0.90049999952316295 0.29950000345706945 0.18500000238418582 0.52349999547004711 0.00090000001364387583 0.0022500000195577745 -0.0012500000302679835
decision_type=2 2 2 2 2 2 2 2 2
left_child=7 2 3 -2 5 -5 -3 -1 -9
right_child=1 6 -4 4 -6 -7 -8 8 -10
leaf_value=0.064852211369928539 0.045366301449670556 -0.013420505895583723 0.083592000713780118 -0.078516529761766513 0.011863001873489196 -0.0013144475791043127 -0.073261186143135468 0.06454424977799135 0.064461308357636013
leaf_weight=0.7602372393012059 1.3356427848339061 1.0000418871641161 1.3717047981917856 1.8851471096277239 1.8472058326005933 1.1527112647891042 1.7697616666555402 0.5226532742381097 0.96628503501415219
leaf_count=11 7 8 10 13 13 8 13 8 15
internal_value=0 -0.00921002 0.00627465 -0.0107743 -0.0261239 -0.0492223 -0.0516556 0.0646127 0.0644904
internal_weight=0 10.3622 7.59241 6.22071 4.88506 3.03786 2.7698 2.24918 1.48894
internal_count=106 72 51 41 34 21 21 34 23
is_linear=0
shrinkage=0.06


Tree=30
num_leaves=9
num_cat=0
split_feature=12 4 4 3 3 10 8 6
split_gain=2.96195 1.6902 3.31354 1.39814 2.77237 0.345731 1.62144e-05 5.97329e-07
threshold=0.15500000119209292 0.63850000500679027 0.62849998474121105 0.53999999165534984 0.44850000739097601 0.25366666913032537 0.0022500000195577745 -1.0000000180025095e-35
decision_type=2 2 2 2 2 2 2 2
left_child=6 2 3 4 -2 -6 -1 -8
right_child=1 -3 -4 -5 5 -7 7 -9
leaf_value=0.064560594515461284 0.017460445633779839 -0.081152160199295553 0.073756073331741209 0.034948368121823586 -0.081747824102796851 -0.04250407817939978 0.064260810586890565 0.064181367639686709
leaf_weight=0.65586914494633797 2.3065911084413493 1.1277813911437995 1.640360042452812 1.3167343512177465 2.2044316828250889 1.2759334444999693 0.49437966197729144 1.0962837487459176
leaf_count=10 14 6 15 9 15 10 8 18
internal_value=0 -0.0120224 -0.00310629 -0.0208551 -0.0335523 -0.0673607 0.0643096 0.0642061
internal_weight=0 9.87183 8.74405 7.10369 5.78696 3.48037 2.24653 1.59066
internal_count=105 69 63 48 39 25 36 26
is_linear=0
shrinkage=0.06


Tree=31
num_leaves=9
num_cat=0
split_feature=12 4 4 2 10 10 8 6
split_gain=2.76611 1.56435 3.05877 1.29232 1.52285 0.407985 1.33651e-05 4.93453e-07
threshold=0.15500000119209292 0.63850000500679027 0.62849998474121105 0.29950000345706945 0.3184999972581864 0.10216666758060457 0.0022500000195577745 -1.0000000180025095e-35
decision_type=2 2 2 2 2 2 2 2
left_child=6 2 3 -2 5 -5 -1 -8
right_child=1 -3 -4 4 -6 -7 7 -9
leaf_value=0.064275500764316082 0.038753735595675902 -0.07953116119169043 0.072913309863193984 -0.075570626061649951 0.0077188157507887423 -0.035339007495671051 0.06399568832942952 0.063921431775356946
leaf_weight=0.62033069878816727 1.1315896511077843 1.0830855369567878 1.5621439404785631 1.7975714206695559 2.2319391220808029 1.8324699997901914 0.46745942905545246 1.0365119315683837
leaf_count=10 6 6 15 13 14 15 8 18
internal_value=0 -0.0115946 -0.00299436 -0.0199498 -0.0312818 -0.0552614 0.0640412 0.0639445
internal_weight=0 9.6388 8.55571 6.99357 5.86198 3.63004 2.1243 1.50397
internal_count=105 69 63 48 42 28 36 26
is_linear=0
shrinkage=0.06


Tree=32
num_leaves=10
num_cat=0
split_feature=12 4 4 3 3 1 2 8 7
split_gain=2.58449 1.4501 2.82705 1.22272 2.45345 0.358825 0.0778589 1.10252e-05 4.07902e-07
threshold=0.15500000119209292 0.63850000500679027 0.62849998474121105 0.53999999165534984 0.44850000739097601 0.56450000405311596 0.35950000584125524 0.0022500000195577745 1.0000000180025095e-35
decision_type=2 2 2 2 2 2 2 2 2
left_child=7 2 3 4 -2 6 -6 -1 -9
right_child=1 -3 -4 -5 5 -7 -8 8 -10
leaf_value=0.064009366261296954 0.016010339553381044 -0.078062203545944273 0.0721257959472279 0.033551882827600292 -0.092668784638314378 -0.037695753748918044 -0.069438833159119903 0.063748052703950869 0.06367861312513784
leaf_weight=0.58656054362654808 2.3111459910869563 1.038615450263024 1.4867450408637521 1.2884014919400213 0.90768845379352647 1.1447275280952451 1.2142616137862203 0.44189487770199753 0.97975927591323853
leaf_count=10 14 6 15 9 5 9 11 8 18
internal_value=0 -0.0112011 -0.00288753 -0.0191302 -0.031299 -0.06477 -0.0793757 0.0637905 0.0637002
internal_weight=0 9.39159 8.35297 6.86623 5.57782 3.26668 2.12195 2.00821 1.42165
internal_count=105 69 63 48 39 25 16 36 26
is_linear=0
shrinkage=0.06


Tree=33
num_leaves=10
num_cat=0
split_feature=12 1 7 2 12 10 6 8 3
split_gain=2.4634 2.34971 2.00525 1.22295 1.72472 0.788774 0.0822409 8.36306e-06 8.27609e-09
threshold=0.15500000119209292 0.58250001072883617 0.0016999999643303456 0.29950000345706945 0.18500000238418582 0.10216666758060457 0.0011000000522471967 0.0022500000195577745 0.43299999833107
decision_type=2 2 2 2 2 2 2 2 2
left_child=7 2 3 -2 5 -5 -3 -1 -9
right_child=1 6 -4 4 -6 -7 -8 8 -10
leaf_value=0.063733952730380822 0.041987921133245537 -0.050793887450102299 0.078284142822753824 -0.075874538354780835 0.024969769793601694 -0.011659105069037459 -0.073333243746481355 0.063456597656448246 0.063446475344384107
leaf_weight=0.55064631998539049 1.2592243105173091 0.94743893295526538 1.0902290828526018 1.8585913106799128 1.6194174923002718 1.0939135253429411 1.5141757354140279 0.51504679024219491 0.66781243309378624
leaf_count=10 7 8 9 14 15 8 11 10 13
internal_value=0 -0.0143111 0.00359503 -0.0103693 -0.0247899 -0.0520825 -0.0646582 0.0635408 0.0634509
internal_weight=0 9.38299 6.92138 5.83115 4.57192 2.9525 2.46161 1.73351 1.18286
internal_count=105 72 53 44 37 22 19 33 23
is_linear=0
shrinkage=0.06


Tree=34
num_leaves=11
num_cat=0
split_feature=12 1 3 12 0 3 6 6 8 3
split_gain=2.29694 2.17097 1.84374 1.20245 1.44832 3.27699 0.226445 0.0851534 6.91145e-06 6.84207e-09
threshold=0.15500000119209292 0.58250001072883617 0.44850000739097601 0.16499999910593036 0.63250002264976513 0.53999999165534984 1.0000000180025095e-35 0.0011000000522471967 0.0022500000195577745 0.43299999833107
decision_type=2 2 2 2 2 2 2 2 2 2
left_child=8 2 -2 -4 5 -5 -6 -3 -1 -10
right_child=1 7 3 4 6 -7 -8 -9 9 -11
leaf_value=0.063503439490020686 0.067746789889073719 -0.049077133275850955 -0.0680528773918921 -0.082470375001674118 0.068155008325479119 0.049341849832501089 0.023577577618272706 -0.072415113645539125 0.063244069511641327 0.063234600943564478
leaf_weight=0.52040436491370279 1.2976664155721644 0.92252323776483569 1.0943650454282758 1.5403482094407084 0.85633565858006455 1.2142393141984937 0.78749395534396172 1.4435235559940336 0.48663329333066918 0.63096531480550766
leaf_count=10 8 8 11 10 10 7 7 11 10 13
internal_value=0 -0.0138218 0.00342371 -0.0117726 0.00223046 -0.0243667 0.0467997 -0.0633156 0.0633228 0.0632387
internal_weight=0 9.1565 6.79045 5.49278 4.39842 2.75459 1.64383 2.36605 1.638 1.1176
internal_count=105 72 53 45 34 17 17 19 33 23
is_linear=0
shrinkage=0.06


Tree=35
num_leaves=10
num_cat=0
split_feature=12 1 7 2 4 10 10 8 4
split_gain=2.14555 2.00283 1.7153 1.05618 1.45415 0.746888 0.0902839 5.71557e-06 5.65793e-09
threshold=0.15500000119209292 0.58250001072883617 0.0016999999643303456 0.29950000345706945 0.62849998474121105 0.10216666758060457 0.38933333754539495 0.0022500000195577745 0.68249997496604931
decision_type=2 2 2 2 2 2 2 2 2
left_child=7 2 3 -2 5 -5 -3 -1 -9
right_child=1 6 -4 4 -6 -7 -8 8 -10
leaf_value=0.063287913254729752 0.039473432534443145 -0.047667192229954199 0.073391459320270955 -0.074514533152765225 0.022241608583966649 -0.010268955513236812 -0.071972583736662613 0.063045255323969748 0.063036396295087602
leaf_weight=0.49171669036150056 1.2112025022506694 0.93279109150171313 1.0555576905608175 1.7132930606603625 1.5684359371662138 1.051082096993923 1.3413394689559934 0.45969530940055825 0.59603240340948105
leaf_count=10 7 9 9 14 15 8 10 10 13
internal_value=0 -0.013444 0.00328885 -0.0100584 -0.0239046 -0.0500868 -0.0620031 0.063119 0.0630403
internal_weight=0 8.8737 6.59957 5.54401 4.33281 2.76438 2.27413 1.54744 1.05573
internal_count=105 72 53 44 37 22 19 33 23
is_linear=0
shrinkage=0.06


Tree=36
num_leaves=11
num_cat=0
split_feature=0 9 8 1 7 5 0 3 3 3
split_gain=2.1395 1.54999 3.26191 0.619809 0.306233 0.210495 0.180224 0.0568567 0.00133824 0.000101311
threshold=0.62299999594688427 0.0022500000195577745 0.0022500000195577745 0.50850000977516185 0.0026999999536201362 0.52349999547004711 0.50749999284744274 0.46050000190734869 0.45299999415874487 0.39749999344348913
decision_type=2 2 2 2 2 2 2 2 2 2
left_child=3 2 5 -1 -3 -2 -5 9 -7 -8
right_child=1 4 -4 6 -6 8 7 -9 -10 -11
leaf_value=0.016107594646163667 -0.037738444987072441 0.054073804547394237 0.056511041067392867 0.097831809894520672 0.0072834571287762858 -0.072088806345180736 0.062914096832946367 0.034949294356527771 -0.069289261619612894 0.064135923609606987
leaf_weight=1.4659775830805304 0.96703640371561084 1.0098164267838003 1.1185879223048685 0.52505146339535702 1.0043918862938879 1.3015254437923434 0.70583235472440697 0.3321465030312537 1.1648368909955022 0.37363274767994881
leaf_count=14 8 9 12 3 7 10 16 7 11 7
internal_value=0 -0.0130818 -0.0324733 0.0455407 0.0307416 -0.061464 0.0678203 0.0566575 -0.0707666 0.063337
internal_weight=0 6.56619 4.55199 3.40264 2.01421 3.4334 1.93666 1.41161 2.46636 1.07947
internal_count=104 57 41 47 16 29 33 30 21 23
is_linear=0
shrinkage=0.06


Tree=37
num_leaves=11
num_cat=0
split_feature=0 9 1 1 1 2 0 3 3 3
split_gain=1.94506 1.41411 1.34946 0.601879 0.59892 0.28775 0.164576 0.0525404 0.0415218 8.452e-05
threshold=0.62299999594688427 0.0022500000195577745 0.56450000405311596 0.55050000548362743 0.50850000977516185 0.90049999952316295 0.49250000715255743 0.46050000190734869 0.46799999475479132 0.39749999344348913
decision_type=2 2 2 2 2 2 2 2 2 2
left_child=4 2 3 -2 -1 -3 -6 9 -4 -8
right_child=1 5 8 -5 6 -7 7 -9 -10 -11
leaf_value=0.015202768299415529 -0.025576943281438193 0.053182432862277675 -0.070738291868396141 0.038112858909629496 0.097165142395324797 0.0074742183370111563 0.062736432735177233 0.036628424640078525 -0.053545386878090621 0.06388443770081044
leaf_weight=1.4602182917296889 1.2408358789980414 0.94945939630269993 1.432777062058449 0.93792176246643055 0.47180728614330281 1.037766348570585 0.66655316576361634 0.36580171808600415 0.78151214122772206 0.35321715846657753
leaf_count=14 11 7 12 9 2 9 16 8 9 7
internal_value=0 -0.0126856 -0.0316838 0.00184054 0.0439546 0.0293128 0.0665584 0.0561364 -0.0646702 0.0631341
internal_weight=0 6.38027 4.39305 2.17876 3.3176 1.98723 1.85738 1.38557 2.21429 1.01977
internal_count=104 57 41 20 47 16 33 31 21 23
is_linear=0
shrinkage=0.06


Tree=38
num_leaves=11
num_cat=0
split_feature=2 9 8 4 1 1 12 3 8 3
split_gain=1.75447 1.19987 2.78454 1.06903 0.721756 0.292933 0.0885601 0.000687339 1.92352e-06 4.72209e-07
threshold=0.66049998998641979 0.0022500000195577745 0.0022500000195577745 0.61949998140335094 0.50850000977516185 0.55050000548362743 0.16499999910593036 0.45299999415874487 0.0022500000195577745 0.43299999833107
decision_type=2 2 2 2 2 2 2 2 2 2
left_child=4 2 5 -3 -1 -2 8 -7 -6 -10
right_child=1 3 -4 -5 6 7 -8 -9 9 -11
leaf_value=0.012712728243703479 -0.030326041289841635 -0.019011453240330295 0.047734256593145216 0.069670396010888661 0.062725620978583599 -0.070518972655363332 0.093728773993700387 -0.068424693195759473 0.062521584488100773 0.062616297971423401
leaf_weight=1.4077554494142535 0.98598391562700305 0.92509705573320378 1.2512570731341837 1.0389237590134142 0.37372774258255936 1.1797876656055453 0.46011340618133534 1.081165265291929 0.4644581526517868 0.32010763883590698
leaf_count=13 9 6 14 10 9 10 2 11 12 8
internal_value=0 -0.0112274 -0.0283111 0.0278993 0.0441309 -0.0576164 0.0714596 -0.0695175 0.0626136 0.0625602
internal_weight=0 6.46221 4.49819 1.96402 3.02616 3.24694 1.61841 2.26095 1.15829 0.784566
internal_count=104 60 44 16 44 30 31 21 29 20
is_linear=0
shrinkage=0.06


Tree=39
num_leaves=11
num_cat=0
split_feature=12 4 0 9 3 3 0 8 0 3
split_gain=1.78419 2.8495 1.73042 1.70568 2.24048 1.38916 0.216391 0.0149396 0.000809434 2.08912e-06
threshold=0.20499999821186068 0.62849998474121105 0.6564999818801881 0.0022500000195577745 0.53999999165534984 0.46050000190734869 0.51150000095367443 0.0022500000195577745 0.61399999260902416 0.46449999511241918
decision_type=2 2 2 2 2 2 2 2 2 2
left_child=1 2 3 4 5 -1 -7 -3 9 -9
right_child=-2 7 -4 -5 -6 6 -8 8 -10 -11
leaf_value=0.015707075408294732 -0.076486397669525516 0.073967981240338182 -0.068440117502876416 0.066153980230490392 0.059393096392085072 -0.096380504754263324 -0.054415565131140972 0.062366743505218196 0.065129985964536716 0.062554077850626458
leaf_weight=0.95577282458543678 0.93484028428793031 0.74414055421948466 1.4192913472652433 1.2881879732012746 1.0816856548190115 0.82916888594627358 0.94821785390377045 0.47461177036166169 0.76526111736893654 0.39073583111166954
leaf_count=6 6 9 15 12 8 5 11 13 12 10
internal_value=0 0.0106498 -0.00983916 0.00645935 -0.0136982 -0.0426251 -0.0739926 0.0669233 0.0637085 0.0624513
internal_weight=0 8.89707 6.52232 5.10303 3.81485 2.73316 1.77739 2.37475 1.63061 0.865348
internal_count=107 101 57 42 30 22 16 44 35 23
is_linear=0
shrinkage=0.06


Tree=40
num_leaves=12
num_cat=0
split_feature=12 12 0 7 3 3 7 0 0 0 0
split_gain=1.65162 1.47767 2.11158 1.63854 2.01256 0.905041 0.822936 0.490513 0.26679 0.0133712 0.00322141
threshold=0.20499999821186068 0.18500000238418582 0.6564999818801881 0.0019000000320374968 0.53999999165534984 0.46449999511241918 0.0028999999631196265 0.49250000715255743 0.64249998331069957 0.6564999818801881 0.62950000166893016
decision_type=2 2 2 2 2 2 2 2 2 2 2
left_child=1 2 3 4 5 -1 8 -7 10 -3 -5
right_child=-2 9 -4 6 -6 7 -8 -9 -10 -11 -12
leaf_value=0.015597789955395625 -0.075320915429509097 0.077054373632571976 -0.067900876201329743 0.062264027695127511 0.058008029722286365 -0.093863273132529151 -0.0019876335107758001 -0.032156807445819592 0.1196104804145826 0.064603929491306458 0.069577583349104979
leaf_weight=0.87460903823375602 0.89360460639000017 0.52338661253452279 1.3469297662377355 0.56031981855630852 1.2022386863827703 0.80117836594581593 0.55248815938830365 1.1011564470827577 0.49991475045681 0.76354428008198738 0.35366815328598022
leaf_count=8 6 4 15 16 12 5 10 13 2 13 3
internal_value=0 0.0103925 -6.78919e-05 0.0152992 -0.00684297 -0.0349193 0.0601061 -0.0581448 0.0843694 0.0696674 0.065094
internal_weight=0 8.57943 7.2925 5.94557 3.97918 2.77694 1.96639 1.90233 1.4139 1.28693 0.913988
internal_count=107 101 84 69 38 26 31 18 21 17 19
is_linear=0
shrinkage=0.06


Tree=41
num_leaves=10
num_cat=0
split_feature=12 4 0 3 3 0 8 0 6
split_gain=1.52897 2.52459 1.50469 1.27312 2.30689 0.508144 0.0102859 0.000539375 2.40681e-06
threshold=0.20499999821186068 0.62849998474121105 0.6564999818801881 0.46050000190734869 0.53999999165534984 0.57949998974800121 0.0022500000195577745 0.61399999260902416 0.0028999999631196265
decision_type=2 2 2 2 2 2 2 2 2
left_child=1 2 3 -1 5 -5 -3 8 -8
right_child=-2 6 -4 4 -6 -7 7 -9 -10
leaf_value=0.045244326833783009 -0.07425193796950369 0.072196129191789304 -0.067399051207170352 -0.088575033150599614 0.055384068574087814 -0.028211221876833018 0.062337817688111315 0.064506719671464735 0.062119434667839236
leaf_weight=1.8343744464218597 0.85330962389707643 0.68204331025481257 1.2776475921273229 0.90163879096508104 1.0259706005454061 1.1327677145600317 0.28732918947935082 0.68435681238770485 0.49410683661699295
leaf_count=15 6 9 15 6 8 13 8 12 15
internal_value=0 0.0100811 -0.00941518 0.00572001 -0.0179707 -0.0549642 0.0661091 0.0632768 0.0621997
internal_weight=0 8.32024 6.1724 4.89475 3.06038 2.03441 2.14784 1.46579 0.781436
internal_count=107 101 57 42 27 19 44 35 23
is_linear=0
shrinkage=0.06


Tree=42
num_leaves=11
num_cat=0
split_feature=12 7 9 9 4 6 9 10 1 1
split_gain=1.8717 1.10921 0.97478 0.812583 0.874637 0.771724 0.00841926 0.000350989 3.6301e-05 2.3135e-06
threshold=0.15500000119209292 -0.0016999999643303452 -0.0012500000302679835 0.0017500000540167095 0.62849998474121105 0.00070000000414438557 0.00075000003562308859 0.28133332729339605 0.50850000977516185 0.55050000548362743
decision_type=2 2 2 2 2 2 2 2 2 2
left_child=8 -2 -3 4 6 -5 -4 -8 -1 -10
right_child=1 2 3 5 -6 -7 7 -9 9 -11
leaf_value=0.062844743556765711 -0.079280873993476969 0.041089583301431573 -0.074428464496718166 0.035702544578377238 -0.0028702324004622735 -0.029188728464701458 -0.064861590653616075 -0.066904312496907162 0.061990514937916616 0.062197824034744484
leaf_weight=0.29114271327853181 1.0069171674549577 1.0587491989135731 0.62671544402837875 1.2981110978871586 1.1964230090379713 1.341683581471443 0.61798473447561242 0.59375883266329765 0.52807892858982086 0.30613506957888603
leaf_count=7 7 8 5 12 12 12 9 7 17 9
internal_value=0 -0.0205456 -0.0117623 -0.0216231 -0.0427984 0.00272136 -0.0687826 -0.0658625 0.0622679 0.0620666
internal_weight=0 7.74034 6.73343 5.67468 3.03488 2.63979 1.83846 1.21174 1.12536 0.834214
internal_count=105 72 65 57 33 24 21 16 33 26
is_linear=0
shrinkage=0.06


Tree=43
num_leaves=11
num_cat=0
split_feature=12 7 4 3 0 7 10 1 3 1
split_gain=1.7337 1.00427 0.890483 0.655911 0.610228 0.894265 0.390605 3.01505e-05 2.32218e-05 1.92037e-06
threshold=0.15500000119209292 -0.0016999999643303452 0.61949998140335094 0.50650000572204601 0.62950000166893016 0.00090000001364387583 0.38933333754539495 0.50850000977516185 0.53200000524520885 0.55050000548362743
decision_type=2 2 2 2 2 2 2 2 2 2
left_child=7 -2 6 4 -4 -6 8 -1 -3 -9
right_child=1 2 3 -5 5 -7 -8 9 -10 -11
leaf_value=0.062672097212799219 -0.076227804302141364 -0.066225919747925924 -0.035102417268266795 0.050989736913603007 -0.035010529635137094 0.044204287077664113 -0.011600163573688337 0.061870872084833835 -0.066756754563598628 0.062065305801032124
leaf_weight=0.27492026984691598 0.98508885502815235 0.66839756816625573 1.644397981464863 0.840992722660303 0.83933557197451625 1.3197396472096441 0.76432660967111576 0.49825851060450077 0.53345108777284622 0.28890402801334858
leaf_count=7 7 9 13 8 9 13 6 17 7 9
internal_value=0 -0.0197113 -0.0112895 0.0030385 -0.00756408 0.0134097 -0.0451348 0.0621312 -0.0664615 0.0619422
internal_weight=0 7.59573 6.61064 4.64447 3.80347 2.15908 1.96618 1.06208 1.20185 0.787163
internal_count=105 72 65 43 35 22 22 33 16 26
is_linear=0
shrinkage=0.06


Tree=44
num_leaves=12
num_cat=0
split_feature=12 7 9 9 3 3 4 9 3 1 1
split_gain=1.60768 0.908665 0.849218 0.727567 0.963058 1.26647 0.841028 0.00669537 0.000305014 2.50505e-05 1.59474e-06
threshold=0.15500000119209292 -0.0016999999643303452 -0.0012500000302679835 0.0017500000540167095 0.38250000774860388 0.44850000739097601 0.62849998474121105 0.00075000003562308859 0.46799999475479132 0.50850000977516185 0.55050000548362743
decision_type=2 2 2 2 2 2 2 2 2 2 2
left_child=9 -2 -3 6 -5 -6 7 -4 -9 -1 -11
right_child=1 2 3 4 5 -7 -8 8 -10 10 -12
leaf_value=0.062510325214178278 -0.073309425945236401 0.039142303715792491 -0.073241316466592876 -0.059310236377822872 0.081944045059062651 -0.01714793065138014 -0.0020669097655569516 -0.066177845503912619 -0.064165016954705639 0.06175862941014354 0.061941038087408806
leaf_weight=0.25955985486507394 0.96351632475852955 1.0286098793148992 0.58825640380382571 0.66417047008872065 0.8023228533565997 1.1021719798445699 1.1770612336695192 0.63785264268517472 0.47126564010977745 0.47006912156939507 0.27260886132717133
leaf_count=7 7 8 5 6 6 12 12 8 8 17 9
internal_value=0 -0.0189486 -0.0108553 -0.0203036 0.0029017 0.0245974 -0.0410404 -0.068067 -0.0653226 0.0620029 0.0618256
internal_weight=0 7.43523 6.47171 5.4431 2.56867 1.90449 2.87444 1.69737 1.10912 1.00224 0.742678
internal_count=105 72 65 57 24 18 33 21 16 33 26
is_linear=0
shrinkage=0.06


Tree=45
num_leaves=10
num_cat=0
split_feature=12 15 7 0 10 9 4 5 5
split_gain=1.29493 0.92424 0.824154 1.15411 0.836613 1.59116 0.821267 2.06714e-05 1.42755e-06
threshold=0.15500000119209292 0.75000000000000011 -0.0016999999643303452 0.6564999818801881 0.10216666758060457 -0.0017500000540167091 0.62849998474121105 0.43250000476837164 0.53999999165534984
decision_type=2 2 2 2 2 2 2 2 2
left_child=7 -2 -3 4 5 -4 -5 -1 -9
right_child=1 2 3 6 -6 -7 -8 8 -10
leaf_value=0.06235869829196624 -0.069413209091475747 -0.05808799706133462 0.053089675987035984 -0.066325405123908054 0.050086980280086138 -0.058073019064061038 0.011422538886804719 0.061661511303128434 0.061826536706135374
leaf_weight=0.24502059258520581 0.83289017528295506 0.83946852385997761 0.88430277258157686 1.1059341989457605 2.1001005880534649 0.97425467148423261 0.87695871479809273 0.47167544811964035 0.31455929204821587
leaf_count=7 8 7 7 15 15 11 14 18 11
internal_value=0 -0.00976554 -0.00243921 0.00542328 0.0241388 -0.00518174 -0.0319404 0.0618775 0.0617275
internal_weight=0 7.61391 6.78102 5.94155 3.95866 1.85856 1.98289 1.03126 0.786235
internal_count=113 77 69 62 33 18 29 36 29
is_linear=0
shrinkage=0.06


Tree=46
num_leaves=12
num_cat=0
split_feature=12 15 1 3 4 0 8 7 8 1 1
split_gain=1.21157 0.866769 0.891922 2.27137 1.2308 0.534538 0.816168 0.159465 0.00153902 1.71858e-05 1.18623e-06
threshold=0.15500000119209292 0.75000000000000011 0.59150001406669628 0.43850000202655798 0.61949998140335094 0.47949999570846563 0.0017500000540167095 -0.00050000000919681032 0.0032500000670552258 0.50850000977516185 0.55050000548362743
decision_type=2 2 2 2 2 2 2 2 2 2 2
left_child=9 -2 3 -3 8 -6 -7 -8 -5 -1 -11
right_child=1 2 -4 4 5 6 7 -9 -10 10 -12
leaf_value=0.062216539013683625 -0.06880729635737326 0.087430005458451199 -0.054311107043433685 -0.064102026398197606 -0.022532435451882025 -0.020435050931847477 0.027972767739303617 0.072208348556496327 -0.068588778450829002 0.061562159952092327 0.061717044575678059
leaf_weight=0.23126294277608384 0.79108301550149907 1.0311335250735281 1.0088754370808599 0.60338046029210068 1.3840038776397707 0.83731365203857455 0.46367163211107199 0.79878576658666167 0.50604547932744026 0.44490235112607479 0.29675039649009705
leaf_count=7 8 8 12 11 10 7 5 11 5 18 11
internal_value=0 -0.00944288 -0.00236302 0.00695526 -0.0111106 0.0064165 0.0254974 0.0559616 -0.0661486 0.0617649 0.0616241
internal_weight=0 7.42429 6.63321 5.62433 4.5932 3.48377 2.09977 1.26246 1.10943 0.972916 0.741653
internal_count=113 77 69 57 49 33 23 16 16 36 29
is_linear=0
shrinkage=0.06


Tree=47
num_leaves=11
num_cat=0
split_feature=12 15 1 3 4 6 5 8 1 1
split_gain=1.13406 0.813029 0.817116 2.09306 1.15557 0.56932 0.522464 0.00126389 1.42923e-05 9.86073e-07
threshold=0.15500000119209292 0.75000000000000011 0.59150001406669628 0.43850000202655798 0.61949998140335094 0.00090000001364387583 0.51249998807907116 0.0032500000670552258 0.50850000977516185 0.55050000548362743
decision_type=2 2 2 2 2 2 2 2 2 2
left_child=8 -2 3 -3 7 6 -6 -5 -1 -10
right_child=1 2 -4 4 5 -7 -8 -9 9 -11
leaf_value=0.062083223586697933 -0.068244127617705166 0.085673006439521096 -0.052893248680274618 -0.063850891385787867 -0.0029265234457910854 -0.037252473155732206 0.051489367626442885 -0.068028015344291412 0.061468890921839631 0.061614292387480861
leaf_weight=0.21824873611330975 0.75097458064556111 0.99039000272750843 0.97481992468237866 0.57040937989950158 1.5148502215743072 0.82653533667325962 1.0938681680709121 0.48038434237241745 0.41960971616208553 0.27992092072963715
leaf_count=7 8 8 12 11 11 7 15 5 18 11
internal_value=0 -0.00915872 -0.00228073 0.00672842 -0.0107003 0.00614186 0.0198907 -0.0657605 0.0616593 0.0615271
internal_weight=0 7.20223 6.45126 5.47644 4.48605 3.43525 2.60872 1.05079 0.917779 0.699531
internal_count=113 77 69 57 49 33 26 16 36 29
is_linear=0
shrinkage=0.06


Tree=48
num_leaves=12
num_cat=0
split_feature=12 4 4 6 6 3 0 0 0 9 0
split_gain=1.2038 0.740395 2.04329 0.792157 1.31088 0.294854 0.00468283 0.0018897 1.00443e-05 1.02487e-06 2.83041e-07
threshold=0.15500000119209292 0.63850000500679027 0.62849998474121105 0.00090000001364387583 -0.00029999999242136249 0.45299999415874487 0.66349998116493236 0.6564999818801881 0.56700000166893016 -0.0017500000540167091 0.51150000095367443
decision_type=2 2 2 2 2 2 2 2 2 2 2
left_child=8 2 3 4 -2 -6 -4 -5 9 -1 -11
right_child=1 -3 6 7 5 -7 -8 -9 -10 10 -12
leaf_value=0.061569004162387905 -0.049418879759575429 -0.070961389458667715 0.071542062138317 -0.069385397128048823 0.051095981977542865 0.0028792307470095072 0.063592222748928243 -0.064589948819616355 0.061929591640648304 0.061356249575655629 0.061450294961331399
leaf_weight=0.17297759093344212 1.6221914514899249 0.74560143053531636 0.5208114869892595 0.55324824154376961 0.82814687490463312 1.0176071412861345 0.5467947032302618 0.63578611984848976 0.20199199952185154 0.25939012877643097 0.20725906826555729
leaf_count=7 15 6 5 5 6 11 12 11 7 12 9
internal_value=0 -0.0147216 -0.00739668 -0.0245598 -0.0100699 0.024513 0.0674704 -0.0668212 0.0615607 0.0614443 0.061398
internal_weight=0 6.47019 5.72459 4.65698 3.46795 1.84575 1.06761 1.18903 0.841619 0.639627 0.466649
internal_count=106 71 65 48 32 17 17 16 35 28 21
is_linear=0
shrinkage=0.06


Tree=49
num_leaves=11
num_cat=0
split_feature=12 4 4 2 10 6 0 0 9 0
split_gain=1.12285 0.695387 1.88906 0.768193 0.698799 1.06454 0.00387313 8.35966e-06 8.52433e-07 2.35418e-07
threshold=0.15500000119209292 0.63850000500679027 0.62849998474121105 0.29950000345706945 0.10216666758060457 0.00090000001364387583 0.66349998116493236 0.56700000166893016 -0.0017500000540167091 0.51150000095367443
decision_type=2 2 2 2 2 2 2 2 2 2
left_child=7 2 3 -2 -5 -6 -4 8 -1 -10
right_child=1 -3 6 4 5 -7 -8 -9 9 -11
leaf_value=0.06147533910977477 0.026447857707363968 -0.070218752325745024 0.070798994075204014 -0.072160112835149337 0.015095026357377852 -0.066307336524480287 0.063374161935243978 0.061814056403294272 0.06127553629538602 0.061363859216822969
leaf_weight=0.16314483061432838 0.88899629563093174 0.70938037335872639 0.49547250568866708 1.2494481988251211 1.4704813286662104 0.95328405871987332 0.51666989736258984 0.19057366251945496 0.24459644779562939 0.19545583985745907
leaf_count=7 6 6 5 13 15 14 12 7 12 9
internal_value=0 -0.0142671 -0.00714676 -0.0235984 -0.0357107 -0.0169211 0.0670088 0.0614676 0.0613582 0.0613148
internal_weight=0 6.28373 5.57435 4.56221 3.67321 2.42377 1.01214 0.793771 0.603197 0.440052
internal_count=106 71 65 48 42 29 17 35 28 21
is_linear=0
shrinkage=0.06


Tree=50
num_leaves=13
num_cat=0
split_feature=12 4 4 7 9 9 6 4 0 0 9 0
split_gain=1.04919 0.652217 1.75172 0.781128 1.40937 0.551972 0.703216 0.00376145 0.00320556 6.95903e-06 7.09203e-07 1.95864e-07
threshold=0.15500000119209292 0.63850000500679027 0.62849998474121105 -0.0016999999643303452 -0.0012500000302679835 0.0017500000540167095 0.00070000000414438557 0.61949998140335094 0.66349998116493236 0.56700000166893016 -0.0017500000540167091 0.51150000095367443
decision_type=2 2 2 2 2 2 2 2 2 2 2 2
left_child=9 2 3 -2 -5 7 -7 -6 -4 10 -1 -12
right_child=1 -3 8 4 5 6 -8 -9 -10 -11 11 -13
leaf_value=0.061387395586300006 -0.086066364280834057 -0.069532988814255847 0.070108111489755709 0.047865014640220402 -0.063488635975989458 0.02643167941097287 -0.051582584669079418 -0.070404189139215215 0.063169853398177156 0.061705616686688385 0.06119972252818185 0.061282686496904125
leaf_weight=0.15385744906961918 0.60715631768107359 0.67445682734251011 0.47107646986842144 1.0135537832975385 0.66401921771466843 0.83382352441549279 0.82999353855848312 0.49362786859273911 0.48810733482241631 0.179781349375844 0.23062895983457554 0.18430979922413826
leaf_count=7 5 6 5 8 14 7 9 5 12 7 12 9
internal_value=0 -0.0139017 -0.00695511 -0.0228327 -0.0128216 -0.0346221 -0.0124857 -0.0664375 0.0665774 0.0613802 0.0612774 0.0612366
internal_weight=0 6.07581 5.40136 4.44217 3.83502 2.82146 1.66382 1.15765 0.959184 0.748578 0.568796 0.414939
internal_count=106 71 65 48 43 35 16 19 17 35 28 21
is_linear=0
shrinkage=0.06


Tree=51
num_leaves=12
num_cat=0
split_feature=2 8 9 9 6 1 10 4 12 7 6
split_gain=1.04933 1.02433 1.88711 1.05082 1.15839 0.356629 0.632698 0.140159 0.0332614 0.000522573 2.05761e-06
threshold=0.29950000345706945 0.0022500000195577745 0.0022500000195577745 0.0032500000670552258 -0.00090000001364387561 0.54699999094009411 -0.035333334002643817 0.62849998474121105 0.16499999910593036 1.0000000180025095e-35 0.0028999999631196265
decision_type=2 2 2 2 2 2 2 2 2 2 2
left_child=-1 2 5 4 -3 6 -2 -6 -7 -9 -11
right_child=1 3 -4 -5 7 8 -8 9 -10 10 -12
leaf_value=0.071233910943302461 -0.06058658392593394 -0.028551130509208641 0.065342512090398833 -0.066713283601341433 0.10431879226723285 -0.049597814936611945 0.015808235711899904 0.064474809687002102 -0.067463322534647138 0.061418633336570175 0.061144244556769041
leaf_weight=0.70093455165624607 0.77831614017486572 0.51287042722105991 0.70074704475700844 0.35159399360418309 0.47709664702415466 0.54882964864373196 0.78279731236398287 0.31053938716650009 1.1855407953262327 0.15308913215994835 0.27533531002700329
leaf_count=9 9 9 14 4 2 14 8 5 13 7 15
internal_value=0 -0.00629658 -0.0240711 0.0278443 0.0470735 -0.0430839 -0.0222795 0.078968 -0.0618099 0.0626007 0.0612423
internal_weight=0 6.07676 3.99623 2.08052 1.72893 3.29548 1.56111 1.21606 1.73437 0.738964 0.428424
internal_count=109 100 58 42 38 44 17 29 27 27 22
is_linear=0
shrinkage=0.06


Tree=52
num_leaves=11
num_cat=0
split_feature=2 9 8 0 6 6 0 9 4 0
split_gain=0.977406 0.946566 1.54443 0.955783 0.829295 0.43212 0.234442 0.017269 0.00139285 0.000371955
threshold=0.29950000345706945 0.0022500000195577745 0.0022500000195577745 0.64849999547004711 -0.00090000001364387561 0.0014999999548308553 0.62299999594688427 0.0012500000302679839 0.61949998140335094 0.6564999818801881
decision_type=2 2 2 2 2 2 2 2 2 2
left_child=-1 2 5 -3 -4 6 -2 9 -8 -6
right_child=1 3 4 -5 7 -7 8 -9 -10 -11
leaf_value=0.070534857354127956 -0.028453724245490124 0.079104872644615423 -0.026985557763756648 -0.028227658854039234 0.06108484558254685 0.0062070514799212346 -0.063177334880766101 0.080147308457106797 -0.066847958806989113 0.064196857595539211
leaf_weight=0.66645805165171612 0.96285724639892656 0.80799951218068577 0.51015445217490196 0.47382265701889992 0.26126755215227582 0.55517211370170105 0.55917488411068905 0.32501709088683128 1.1127412877976892 0.29368272051215172
leaf_count=9 11 12 9 9 15 7 13 6 13 5
internal_value=0 -0.00614568 -0.0189008 0.0394296 0.0338786 -0.0419012 -0.0520381 0.0691642 -0.0656203 0.0627317
internal_weight=0 5.86189 4.58007 1.28182 1.39012 3.18995 2.63477 0.879967 1.67192 0.55495
internal_count=109 100 79 21 35 44 37 26 26 20
is_linear=0
shrinkage=0.06


Tree=53
num_leaves=11
num_cat=0
split_feature=2 9 8 0 6 6 0 9 4 0
split_gain=0.910513 0.866973 1.41312 1.03691 0.777011 0.40655 0.242954 0.0143902 0.00114656 0.000308424
threshold=0.29950000345706945 0.0022500000195577745 0.0022500000195577745 0.66600000858306896 -0.00090000001364387561 0.0014999999548308553 0.62299999594688427 0.0012500000302679839 0.61949998140335094 0.6564999818801881
decision_type=2 2 2 2 2 2 2 2 2 2
left_child=-1 2 5 -3 -4 6 -2 9 -8 -6
right_child=1 3 4 -5 7 -7 8 -9 -10 -11
leaf_value=0.069882200565098071 -0.026955339862641481 0.077012177322678593 -0.025489879916702058 -0.039563903564887364 0.061020562448309945 0.0058336509907822793 -0.062985711138693626 0.078859680718335767 -0.066410441158944053 0.063937183950711102
leaf_weight=0.63332974351942528 0.95562736317515451 0.82907431945204713 0.50776052661240101 0.41077115572988987 0.24630386009812333 0.5552622266113757 0.52816455252468575 0.31093469075858593 1.0546339303255079 0.27766912430524826
leaf_count=9 11 14 9 7 15 7 13 6 13 5
internal_value=0 -0.00596667 -0.0183631 0.0383895 0.033039 -0.0406717 -0.0508444 0.0686342 -0.0652676 0.0625662
internal_weight=0 5.6762 4.43636 1.23985 1.34267 3.09369 2.53843 0.834908 1.5828 0.523973
internal_count=109 100 79 21 35 44 37 26 26 20
is_linear=0
shrinkage=0.06


Tree=54
num_leaves=11
num_cat=0
split_feature=12 7 1 2 3 9 0 8 1 8
split_gain=0.756655 0.779875 0.678821 0.807982 0.998172 0.291417 0.219503 0.472557 6.1117e-06 1.44779e-06
threshold=0.15500000119209292 -0.0016999999643303452 0.58250001072883617 0.90049999952316295 0.53999999165534984 0.0027499999850988392 0.62950000166893016 0.0017500000540167095 0.51150000095367443 0.0022500000195577745
decision_type=2 2 2 2 2 2 2 2 2 2
left_child=8 -2 3 4 6 -4 -3 -8 -1 -10
right_child=1 2 5 -5 -6 -7 7 -9 9 -11
leaf_value=0.061473868570714844 -0.063195817512565103 -0.042142589303004616 -0.064464909547687591 0.064882296056553976 0.06264094787412991 -0.0044492474920442299 -0.046421001477948122 0.026008025718727831 0.061174602215294409 0.060954910230883251
leaf_weight=0.14772929809987534 0.80767707154154766 0.98073852807283524 0.69010813906788804 0.8345800470560788 0.66854448243975628 0.50396877527236938 0.56316366046667077 0.76453053392469883 0.16627340111881495 0.30807358399033546
leaf_count=7 8 10 13 10 7 7 8 11 9 20
internal_value=0 -0.00848633 0.000341243 0.0127082 -0.00191849 -0.0391349 -0.0206155 -0.00471396 0.0611369 0.0610319
internal_weight=0 5.81331 5.00563 3.81156 2.97698 1.19408 2.30843 1.32769 0.622076 0.474347
internal_count=110 74 66 46 36 20 29 19 36 29
is_linear=0
shrinkage=0.06


Tree=55
num_leaves=11
num_cat=0
split_feature=12 7 1 3 2 10 8 6 1 8
split_gain=0.708104 0.701421 0.619782 1.07309 1.07325 0.560887 0.493619 0.290275 5.09728e-06 1.20594e-06
threshold=0.15500000119209292 -0.0016999999643303452 0.58250001072883617 0.43850000202655798 0.29950000345706945 0.026166666299104694 0.0017500000540167095 0.00090000001364387583 0.51150000095367443 0.0022500000195577745
decision_type=2 2 2 2 2 2 2 2 2 2
left_child=8 -2 3 -3 -5 -6 -7 -4 -1 -10
right_child=1 2 7 4 5 6 -8 -9 9 -11
leaf_value=0.061386476183207764 -0.060502962381603721 0.084938260956559708 -0.0038115511250261542 0.069885828627418503 -0.054803199584994931 -0.044029814642352609 0.027803003729131089 -0.06444298421923883 0.061104950196613869 0.060898446011854318
leaf_weight=0.13931826874613751 0.79345441237092007 0.61097759008407626 0.50340250134468056 0.60250894725322757 0.97750441171228919 0.5221031680703162 1.011766357347369 0.65299029462039471 0.1567634716629982 0.29039362818002701
leaf_count=7 8 5 8 6 14 7 14 12 9 20
internal_value=0 -0.00818225 0.000322559 0.0122351 -0.0020301 -0.0192836 0.00335233 -0.0380488 0.0610696 0.0609708
internal_weight=0 5.67471 4.88125 3.72486 3.11388 2.51137 1.53387 1.15639 0.586475 0.447157
internal_count=110 74 66 46 41 35 21 20 36 29
is_linear=0
shrinkage=0.06


Tree=56
num_leaves=11
num_cat=0
split_feature=12 7 1 2 9 0 8 9 1 8
split_gain=0.663041 0.630037 0.566492 0.658683 0.689299 0.408186 0.429124 0.293701 4.25162e-06 1.0047e-06
threshold=0.15500000119209292 -0.0016999999643303452 0.58250001072883617 0.90049999952316295 -0.0012500000302679835 0.62950000166893016 0.0017500000540167095 0.0027499999850988392 0.51150000095367443 0.0022500000195577745
decision_type=2 2 2 2 2 2 2 2 2 2
left_child=8 -2 3 4 -3 -6 -7 -4 -1 -10
right_child=1 2 7 -5 5 6 -8 -9 9 -11
leaf_value=0.061304351016143753 -0.057878698253653306 0.038992068076207607 -0.064039911474389324 0.060094161145579271 -0.068192870067553382 -0.044626633031289969 0.024306163357206294 -0.0021203363714272236 0.06103949901088538 0.060845365175646204
leaf_weight=0.13137543667107809 0.780085103586316 0.97832360863685641 0.63069308362901189 0.79506998322904099 0.52272640168666873 0.57386364415287949 0.75002828612923622 0.49005018547177315 0.14778778236359358 0.27371376007795334
leaf_count=7 8 10 13 10 6 9 11 7 9 20
internal_value=0 -0.00791157 0.000310461 0.0118509 -0.00172699 -0.0232996 -0.00557394 -0.0369653 0.0610063 0.0609134
internal_weight=0 5.52084 4.74076 3.62001 2.82494 1.84662 1.32389 1.12074 0.552877 0.421502
internal_count=110 74 66 46 36 26 20 20 36 29
is_linear=0
shrinkage=0.06


Tree=57
num_leaves=13
num_cat=0
split_feature=3 5 4 1 4 9 9 1 4 0 3 0
split_gain=0.766783 0.962606 0.700505 0.733637 0.632987 0.512804 0.360963 0.138176 0.0960874 0.0387259 0.032014 0.000447203
threshold=0.44850000739097601 0.57599997520446788 0.62849998474121105 0.48799999058246618 0.63850000500679027 0.0022500000195577745 0.0022500000195577745 0.51150000095367443 0.61949998140335094 0.61399999260902416 0.43850000202655798 0.6525000035762788
decision_type=2 2 2 2 2 2 2 2 2 2 2 2
left_child=1 8 3 -2 -4 -3 7 -5 -1 -9 -10 -11
right_child=2 5 4 6 -6 -7 -8 9 10 11 -12 -13
leaf_value=0.088078358724637304 0.05171465832454681 -0.054486988538248994 0.066321984858079927 -0.034591582049059849 -0.027354128225123127 0.028647788034036163 -0.0047814931191000488 -0.084659488256887877 0.063311220771921181 -0.064876393439860694 0.034615506414508931 -0.062071950015111448
leaf_weight=0.41996248066425357 0.28932405449450094 0.57412027195095994 0.52055696118622996 0.49629458039999041 0.5181712293997407 0.49950217083096504 0.51065344735980023 0.50918804854154565 0.30557768791913986 0.52400434389710426 0.25824183132499456 0.33592393063008785
leaf_count=2 5 11 11 7 15 12 6 3 14 8 3 11
internal_value=0 0.0234776 -0.0222054 -0.038494 0.0195915 -0.0158086 -0.0494784 -0.0617141 0.0663514 -0.0715458 0.0501679 -0.0637809
internal_weight=0 2.0574 3.70412 2.66539 1.03873 1.07362 2.37606 1.86541 0.983782 1.36912 0.56382 0.859928
internal_count=108 42 66 40 26 23 35 29 19 22 17 19
is_linear=0
shrinkage=0.06


Tree=58
num_leaves=11
num_cat=0
split_feature=12 9 9 8 1 10 0 10 5 6
split_gain=0.713656 0.659389 1.04683 0.597232 0.871356 0.0866518 0.0379227 0.000124692 1.07549e-05 1.33497e-06
threshold=0.15500000119209292 0.0022500000195577745 0.0032500000670552258 0.0022500000195577745 0.51150000095367443 0.38933333754539495 0.62299999594688427 0.29666666686534887 0.42400000989437109 0.0025000000605359678
decision_type=2 2 2 2 2 2 2 2 2 2
left_child=8 3 -3 4 -2 6 -6 -8 -1 -10
right_child=1 2 -4 -5 5 -7 7 -9 9 -11
leaf_value=0.061502944392264558 0.0033390715943910068 0.073533074534416959 -0.038671125171157811 0.021347135825477818 -0.087201836307656391 -0.040288785119245517 -0.063765596531322521 -0.065092351225111797 0.06099332201824844 0.060771151188752023
leaf_weight=0.12652074452489603 1.1824153251945979 0.70282713137567021 0.52140642888844013 0.79900930076837529 0.3483268842101096 0.47112980112433422 0.59618393518030621 0.44562039338052273 0.17201998922973871 0.22434524446725845
leaf_count=6 13 10 7 13 2 7 14 7 11 18
internal_value=0 -0.0126025 0.0257448 -0.0248196 -0.036939 -0.0625267 -0.0700633 -0.0643331 0.0610213 0.0608676
internal_weight=0 5.06692 1.22423 3.84269 3.04368 1.86126 1.39013 1.0418 0.522886 0.396365
internal_count=108 73 17 56 43 30 23 21 35 29
is_linear=0
shrinkage=0.06


Tree=59
num_leaves=14
num_cat=0
split_feature=3 5 4 12 1 9 9 1 2 2 3 2 5
split_gain=0.675804 0.843538 0.628233 1.05618 0.663419 0.448987 0.314256 0.130646 0.0868371 0.0266934 0.00218545 0.000243407 4.2768e-05
threshold=0.44850000739097601 0.57599997520446788 0.62849998474121105 0.20499999821186068 0.48799999058246618 0.0022500000195577745 0.0022500000195577745 0.51150000095367443 0.66049998998641979 0.66049998998641979 0.4759999960660935 0.78150001168251049 0.5275000035762788
decision_type=2 2 2 2 2 2 2 2 2 2 2 2 2
left_child=1 8 4 10 -2 -3 7 -6 -1 -9 -4 -11 -12
right_child=2 5 3 -5 6 -7 -8 9 -10 11 12 -13 -14
leaf_value=0.042237627942423243 0.050167692500441272 -0.05322436520966195 0.069037230152211998 -0.066357239009315866 -0.033676087945532653 0.027043749921094717 -0.0055531511775777122 -0.081388264649889436 0.079286798098315903 -0.064370599707637505 0.061103806270645961 -0.062242483749718872 0.062391732760580756
leaf_weight=0.39103724621236313 0.27814712189138013 0.53102989774197318 0.2543403785675763 0.3380553275346756 0.48854688927531276 0.47551551647484303 0.48836566135287274 0.47873799502849557 0.54538929834961891 0.4155660904943943 0.15490536764264107 0.36205155216157436 0.23158648423850536
leaf_count=15 5 11 4 4 7 12 6 3 4 7 10 12 8
internal_value=0 0.0228283 -0.0213214 0.0194516 -0.0372138 -0.0153038 -0.0480969 -0.0600041 0.0638156 -0.070242 0.0647179 -0.0633798 0.0618755
internal_weight=0 1.94297 3.4903 0.978888 2.51142 1.00655 2.23327 1.7449 0.936427 1.25636 0.640832 0.777618 0.386492
internal_count=108 42 66 26 40 23 35 29 19 22 22 19 18
is_linear=0
shrinkage=0.06


Tree=60
num_leaves=13
num_cat=0
split_feature=4 8 0 7 3 9 6 9 1 1 5 7
split_gain=0.542404 0.694724 0.511937 0.795003 0.527584 0.908812 0.543796 0.174188 0.0328333 0.00268829 0.000210771 0.000101538
threshold=0.62849998474121105 0.0017500000540167095 0.6564999818801881 -0.0016999999643303452 0.53200000524520885 0.0022500000195577745 0.00070000000414438557 -0.0012500000302679835 0.576999992132187 0.50850000977516185 0.51649999618530285 1.0000000180025095e-35
decision_type=2 2 2 2 2 2 2 2 2 2 2 2
left_child=2 -2 3 -1 5 6 -5 -3 9 -9 -11 -12
right_child=1 7 -4 4 -6 -7 -8 8 -10 10 11 -13
leaf_value=-0.075746328785962103 -0.065457058573414814 -0.0017180480046553005 -0.064134023699111919 0.0072924993113876006 0.063060032097809901 0.052124112053612719 -0.065294687050288125 0.072003705836713811 0.036373390328907899 0.064048936854897015 0.062943113929816205 0.060964126124055634
leaf_weight=0.46962367556989226 0.22889985889196385 0.20439647883176792 0.59892981685698021 0.71100318059325329 0.52128375321626652 0.70315481349825848 0.77823558449745178 0.1389174312353133 0.18507981952279806 0.28592146467417479 0.17478666454553604 0.20028725359588861
leaf_count=4 3 9 14 11 6 12 11 1 9 8 4 15
internal_value=0 0.0302655 -0.0132436 -0.00366866 0.00880496 -0.00409522 -0.0306396 0.0486874 0.0591471 0.0644164 0.0628218 0.0618863
internal_weight=0 1.41829 3.78223 3.1833 2.71368 2.19239 1.48924 1.18939 0.984993 0.799913 0.660995 0.375074
internal_count=107 49 58 44 40 34 22 46 37 28 27 19
is_linear=0
shrinkage=0.06


Tree=61
num_leaves=12
num_cat=0
split_feature=12 1 3 12 7 6 1 10 1 6 0
split_gain=0.524907 0.58408 0.975584 0.552959 0.593624 0.612565 0.413964 0.0552438 4.94574e-06 9.82149e-07 1.27452e-07
threshold=0.15500000119209292 0.58250001072883617 0.43850000202655798 0.16499999910593036 -0.0016999999643303452 1.0000000180025095e-35 0.54699999094009411 0.48399999737739569 0.50850000977516185 0.0025000000605359678 0.51150000095367443
decision_type=2 2 2 2 2 2 2 2 2 2 2
left_child=8 2 -2 -4 -5 -6 -7 -3 -1 -10 -11
right_child=1 7 3 4 5 6 -8 -9 9 10 -12
leaf_value=0.061224021243581173 0.075980048206230763 -0.033307348066062184 -0.064808130705879166 -0.051633293478417296 0.064203358528885882 0.018991982078146952 -0.049904315878816531 -0.06434073196774244 0.06088432673471722 0.060623900019749676 0.060715879253975383
leaf_weight=0.1029258845373987 0.55887587368488345 0.3439474906772374 0.54813148826360736 0.5864887088537224 0.66292892396450032 0.85890824533998944 0.49483899958431721 0.51676695048809052 0.12414048239588737 0.10185465216636658 0.11599809862673283
leaf_count=6 6 9 11 5 14 9 9 9 9 10 10
internal_value=0 -0.00740938 0.00292108 -0.0100358 0.00149729 0.0169487 -0.00619187 -0.0519396 0.0608594 0.0607496 0.0606729
internal_weight=0 4.57089 3.71017 3.1513 2.60316 2.01668 1.35375 0.860714 0.444919 0.341993 0.217853
internal_count=107 72 54 48 37 32 18 18 35 29 20
is_linear=0
shrinkage=0.06


Tree=62
num_leaves=12
num_cat=0
split_feature=12 1 3 4 7 6 1 10 1 6 0
split_gain=0.492177 0.539262 0.904324 0.520672 0.534151 0.578488 0.376186 0.0576209 4.12621e-06 8.18879e-07 1.06248e-07
threshold=0.15500000119209292 0.58250001072883617 0.43850000202655798 0.61949998140335094 -0.0016999999643303452 1.0000000180025095e-35 0.54699999094009411 0.48399999737739569 0.50850000977516185 0.0025000000605359678 0.51150000095367443
decision_type=2 2 2 2 2 2 2 2 2 2 2
left_child=8 2 -2 -4 -5 -6 -7 -3 -1 -10 -11
right_child=1 7 3 4 5 6 -8 -9 9 10 -12
leaf_value=0.061151740212913787 0.074936956674437546 -0.031857103355998256 -0.064518786107251966 -0.049207663561118754 0.063946033630526575 0.017858433051603579 -0.048506069034256541 -0.064072667078060835 0.060832149994584257 0.060587202400531726 0.060673713234236454
leaf_weight=0.097043043933808693 0.53343177586793933 0.3382101822644471 0.51845548301935229 0.57872043550014574 0.62675892375409548 0.8586304262280462 0.47904851287603378 0.48864701390266418 0.11700834054499865 0.095979440957307816 0.10931651573628187
leaf_count=6 6 9 11 5 14 9 9 9 9 10 10
internal_value=0 -0.00720535 0.00284334 -0.00971769 0.00145422 0.0163791 -0.00590797 -0.0508955 0.0608087 0.0607055 0.0606333
internal_weight=0 4.4219 3.59505 3.06161 2.54316 1.96444 1.33768 0.826857 0.419347 0.322304 0.205296
internal_count=107 72 54 48 37 32 18 18 35 29 20
is_linear=0
shrinkage=0.06


Tree=63
num_leaves=12
num_cat=0
split_feature=12 7 9 9 9 9 4 10 5 6 12
split_gain=0.506271 0.390755 0.700748 0.600114 0.478653 0.485221 0.236914 0.00136113 8.17457e-06 9.13126e-07 9.30859e-08
threshold=0.15500000119209292 -0.0016999999643303452 -0.00075000003562308837 0.0017500000540167095 0.0032500000670552258 0.0022500000195577745 0.62849998474121105 0.14216666668653491 0.42400000989437109 0.0025000000605359678 0.13000000268220904
decision_type=2 2 2 2 2 2 2 2 2 2 2
left_child=8 -2 -3 6 5 -5 7 -4 -1 -10 -11
right_child=1 2 3 4 -6 -7 -8 -9 9 10 -12
leaf_value=0.06127893847707374 -0.048923057362818524 0.052506639607609956 -0.067518519383605535 -0.0065280714258773177 -0.038194380433793265 0.070390629755000572 -0.0041467027574342086 -0.062472882011275557 0.060794480129702282 0.060552682902063983 0.060634055295687786
leaf_weight=0.10583582613617171 0.65741099976003159 0.76052172109484706 0.3433843292295935 0.60374653618782737 0.51569064334034909 0.57779204845428467 0.33135420456528664 0.43795103393495083 0.13738478068262339 0.09948399942368269 0.10301571059972048
leaf_count=6 8 9 6 10 8 9 8 13 11 11 10
internal_value=0 -0.00641358 0.00141353 -0.0124151 0.010036 0.0310865 -0.0466607 -0.0646904 0.0608185 0.0606751 0.0605941
internal_weight=0 4.22785 3.57044 2.80992 1.69723 1.18154 1.11269 0.781335 0.44572 0.339884 0.2025
internal_count=109 71 63 54 27 19 27 19 38 32 21
is_linear=0
shrinkage=0.06


Tree=64
num_leaves=12
num_cat=0
split_feature=12 7 9 9 9 9 4 0 5 6 0
split_gain=0.474842 0.350947 0.636351 0.553825 0.433605 0.46015 0.232715 0.00135914 6.817e-06 7.61426e-07 7.76189e-08
threshold=0.15500000119209292 -0.0016999999643303452 -0.00075000003562308837 0.0017500000540167095 0.0032500000670552258 0.0022500000195577745 0.62849998474121105 0.62950000166893016 0.42400000989437109 0.0025000000605359678 0.51150000095367443
decision_type=2 2 2 2 2 2 2 2 2 2 2
left_child=8 -2 -3 6 5 -5 7 -4 -1 -10 -11
right_child=1 2 3 4 -6 -7 -8 -9 9 10 -12
leaf_value=0.061203285480121043 -0.046777885823598445 0.050641832237534677 -0.067390349882766598 -0.0061438978288611609 -0.0365900873468432 0.069791618792594656 -0.0038980728375395276 -0.062189337913918237 0.060747658734278391 0.060520207296920946 0.06059675401138645
leaf_weight=0.09979189559817303 0.6466451147571205 0.74180107563734088 0.31616532988846324 0.60303132701665141 0.50629932247102249 0.54867229983210564 0.331340117380023 0.42271873261779547 0.12948081362992525 0.093739256262779236 0.097074450924992561
leaf_count=6 8 9 5 10 8 9 8 14 11 11 10
internal_value=0 -0.00619602 0.00136648 -0.0120314 0.0096877 0.0300318 -0.0456789 -0.0644148 0.0607703 0.0606354 0.0605591
internal_weight=0 4.11667 3.47003 2.72823 1.658 1.1517 1.07022 0.738884 0.420086 0.320295 0.190814
internal_count=109 71 63 54 27 19 27 19 38 32 21
is_linear=0
shrinkage=0.06


Tree=65
num_leaves=11
num_cat=0
split_feature=12 3 1 4 0 3 9 1 6 0
split_gain=0.445392 0.343521 0.869437 0.423928 0.473938 0.652387 0.000480632 5.15286e-06 6.12625e-07 6.47294e-08
threshold=0.15500000119209292 0.44850000739097601 0.58649998903274547 0.61949998140335094 0.63600000739097606 0.53999999165534984 0.0017500000540167095 0.50850000977516185 0.0025000000605359678 0.51150000095367443
decision_type=2 2 2 2 2 2 2 2 2 2
left_child=7 2 -2 6 5 -5 -3 -1 -9 -10
right_child=1 3 -4 4 -6 -7 -8 8 9 -11
leaf_value=0.061084703952855805 0.074068222989628438 -0.061961826876867923 -0.025104160855050139 -0.052490651402098999 0.046373033854124897 0.023989542568245252 -0.065455352598565761 0.060705616461702583 0.060489658663278482 0.060561671237620879
leaf_weight=0.10522800870239724 0.57931546494364716 0.33870326168835196 0.70617669820785522 0.97470900043845199 0.48639804869890202 0.6827932596206665 0.24383143708109856 0.11088467016816139 0.088323537260293961 0.091472631320357323
leaf_count=7 5 13 14 13 14 8 4 10 11 10
internal_value=0 -0.0059805 0.0195885 -0.0180361 -0.00570337 -0.0209853 -0.0634241 0.0607249 0.0605947 0.0605263
internal_weight=0 4.01193 1.28549 2.72644 2.1439 1.6575 0.582535 0.395909 0.290681 0.179796
internal_count=109 71 19 52 35 21 17 38 31 21
is_linear=0
shrinkage=0.06


Tree=66
num_leaves=13
num_cat=0
split_feature=8 9 1 9 0 0 6 4 4 0 7 3
split_gain=0.64192 0.931237 0.539773 0.33066 0.237367 0.225051 0.12885 0.00886169 0.00035217 0.000259284 9.03934e-06 7.05111e-08
threshold=0.0022500000195577745 0.0022500000195577745 0.51150000095367443 -0.0017500000540167091 0.62299999594688427 0.67149999737739574 -0.0032000000355765219 0.62849998474121105 0.61949998140335094 0.6564999818801881 0.0019000000320374968 0.43299999833107
decision_type=2 2 2 2 2 2 2 2 2 2 2 2
left_child=1 2 3 -1 -4 6 -2 -8 -6 11 -3 -9
right_child=5 10 4 -5 8 -7 7 9 -10 -11 -12 -13
leaf_value=0.043769179619191384 0.011059865649083121 0.064179691907982769 -0.013562176708413802 -0.023895572387446697 -0.061732640392747999 -0.0090842822353307609 0.075821446965831651 0.060460917986494833 -0.064133091882593488 0.063679163952671577 0.063675375024143749 0.060540022339250932
leaf_weight=0.50414492189884186 0.17516799923032522 0.2451188452541827 0.51351133827120055 0.53684704564511843 0.31569515727460362 0.2343740938231349 0.32597528398036935 0.083218315150588751 0.72602694854140282 0.21401472389698029 0.26766275614500046 0.079146726988255978
leaf_count=7 8 5 6 9 14 8 2 11 13 5 11 9
internal_value=0 -0.00997182 -0.0245655 0.00887398 -0.0469482 0.0431473 0.0570977 0.0685796 -0.0634056 0.0623075 0.0639164 0.0604995
internal_weight=0 3.10901 2.59623 1.04099 1.55523 1.1119 0.877523 0.702355 1.04172 0.37638 0.512782 0.162365
internal_count=108 65 49 16 33 43 35 27 27 25 16 20
is_linear=0
shrinkage=0.06


Tree=67
num_leaves=13
num_cat=0
split_feature=8 9 5 9 0 0 6 4 0 3 7 3
split_gain=0.588125 0.864277 0.477711 0.314816 0.237166 0.212342 0.127614 0.00720804 0.000215669 6.18862e-05 7.24153e-06 5.88058e-08
threshold=0.0022500000195577745 0.0022500000195577745 0.46099999547004705 -0.0017500000540167091 0.62299999594688427 0.67149999737739574 -0.0032000000355765219 0.62849998474121105 0.6564999818801881 0.46050000190734869 0.0019000000320374968 0.43299999833107
decision_type=2 2 2 2 2 2 2 2 2 2 2 2
left_child=1 2 3 -1 -4 6 -2 -8 11 -6 -3 -9
right_child=5 10 4 -5 9 -7 7 8 -10 -11 -12 -13
leaf_value=0.042129022630360335 0.010418347051318591 0.063922983846475684 -0.012760629903043778 -0.023880731165868661 -0.063623783329831138 -0.0085467401549302099 0.074673416073864629 0.060433875315984466 0.063455828773832157 -0.06264107894916808 0.06345868706815333 0.06050829845917121
leaf_weight=0.4927048422396183 0.17480839788913727 0.23174310661852349 0.5130362920463083 0.55095305107533998 0.58556916937232018 0.23417450673878193 0.31156685948371865 0.078406066633760929 0.20223929546773434 0.38068239018321037 0.25290990713983774 0.074575473554432392
leaf_count=7 8 5 6 10 13 8 2 11 5 13 11 9
internal_value=0 -0.00970412 -0.0238012 0.00728209 -0.0457309 0.0419882 0.0560495 0.0680124 0.06217 -0.0632366 0.0636807 0.0604702
internal_weight=0 3.0076 2.52295 1.04366 1.47929 1.07577 0.841596 0.666788 0.355221 0.966252 0.484653 0.152982
internal_count=108 65 49 17 32 43 35 27 25 26 16 20
is_linear=0
shrinkage=0.06


Tree=68
num_leaves=12
num_cat=0
split_feature=8 9 1 9 0 0 6 4 12 0 3
split_gain=0.538631 0.802088 0.464283 0.268073 0.238764 0.200382 0.126373 0.00587386 0.000242321 0.000179436 4.90547e-08
threshold=0.0022500000195577745 0.0022500000195577745 0.51150000095367443 -0.0017500000540167091 0.62299999594688427 0.67149999737739574 -0.0032000000355765219 0.62849998474121105 0.16499999910593036 0.6564999818801881 0.43299999833107
decision_type=2 2 2 2 2 2 2 2 2 2 2
left_child=1 2 3 -1 -4 6 -2 -8 -6 10 -9
right_child=5 -3 4 -5 8 -7 7 9 -10 -11 -12
leaf_value=0.04049697364052373 0.0098119425609513172 0.063459561534677092 -0.012005653792763164 -0.021347683530017571 -0.061532983004348028 -0.0080401094684806745 0.073623920834929815 0.060408431376491149 -0.063641706761387529 0.063246569749849157 0.060478459165599192
leaf_weight=0.48213944956660271 0.17448565550148487 0.45797120127826918 0.51259475015103795 0.52934291027486435 0.28115657158195972 0.23400027770549059 0.29747709631919839 0.073870210908353329 0.64908335357904434 0.19107282161712646 0.070266139227896929
leaf_count=7 8 16 6 9 14 8 2 11 13 5 9
internal_value=0 -0.00943437 -0.0230363 0.00813157 -0.0448861 0.040847 0.0550194 0.067487 -0.0630044 0.0620409 0.0604426
internal_weight=0 2.91229 2.45432 1.01148 1.44283 1.04117 0.807172 0.632686 0.93024 0.335209 0.144136
internal_count=108 65 49 16 33 43 35 27 27 25 20
is_linear=0
shrinkage=0.06


Tree=69
num_leaves=13
num_cat=0
split_feature=2 3 1 4 8 10 0 0 4 4 3 0
split_gain=0.46876 0.460714 0.551094 0.384223 0.715551 0.304033 0.211052 0.0804148 0.0296575 0.00384293 0.00129682 7.13426e-05
threshold=0.29950000345706945 0.43850000202655798 0.59150001406669628 0.62849998474121105 0.0017500000540167095 0.10216666758060457 0.63250002264976513 0.6564999818801881 0.61949998140335094 0.61949998140335094 0.47249999642372137 0.62950000166893016
decision_type=2 2 2 2 2 2 2 2 2 2 2 2
left_child=-1 2 9 5 -5 8 -7 -8 -3 -2 -6 -11
right_child=1 3 -4 4 10 6 7 -9 -10 11 -12 -13
leaf_value=0.065470483796098281 0.072662414543226042 -0.04490609212685269 -0.022068648215377625 -0.064064490051468623 0.068629478666773408 0.027877514315346869 -0.0085164703785952228 -0.061356825982469193 -0.067055261123012605 0.062242052030847365 0.062024941608388076 0.064028514357436908
leaf_weight=0.40926069533452425 0.28374697268009208 0.39725134707987331 0.41648194845765829 0.23711959272623051 0.1728740194812417 0.36299328692257404 0.20866088196635246 0.20608675666153431 0.48131923004984856 0.16948548890650272 0.28099438734352589 0.15323470905423164
leaf_count=10 2 11 15 4 5 5 5 11 6 13 15 4
internal_value=0 -0.00253023 0.0310739 -0.0171749 0.0204084 -0.032854 -0.00553209 -0.0347727 -0.0570404 0.0675688 0.0645405 0.0630903
internal_weight=0 3.37025 1.02295 2.3473 0.690988 1.65631 0.777741 0.414748 0.878571 0.606467 0.453868 0.32272
internal_count=106 96 34 62 24 38 21 16 17 19 20 17
is_linear=0
shrinkage=0.06


Tree=70
num_leaves=13
num_cat=0
split_feature=2 3 1 4 12 10 0 6 4 4 3 0
split_gain=0.439441 0.423306 0.517222 0.351407 0.671036 0.285347 0.190586 0.10676 0.0315479 0.00313343 0.00107659 5.9133e-05
threshold=0.29950000345706945 0.43850000202655798 0.59150001406669628 0.62849998474121105 0.20499999821186068 0.10216666758060457 0.63250002264976513 0.00050000000919681053 0.61949998140335094 0.61949998140335094 0.47249999642372137 0.62950000166893016
decision_type=2 2 2 2 2 2 2 2 2 2 2 2
left_child=-1 2 9 5 10 8 -7 -8 -3 -2 -5 -11
right_child=1 3 -4 4 -6 6 7 -9 -10 11 -12 -13
leaf_value=0.065146530850008072 0.071779777844388548 -0.043327873888726581 -0.020892651601391882 0.068090892979389167 -0.063812343052563752 0.02627449861299937 0.00016364500086763479 -0.061881008474588335 -0.066612328908065441 0.062111640872080869 0.061906776089317467 0.063785167197477885
leaf_weight=0.38728557340800795 0.27040816098451648 0.38732915278524183 0.41362066240981221 0.16405517328530539 0.224166389554739 0.36206140927970409 0.18285416997969151 0.21991225332021713 0.45621171593666077 0.1599403889849782 0.26512034004554152 0.14484484679996967
leaf_count=10 2 11 15 5 4 5 6 10 6 13 15 4
internal_value=0 -0.00246631 0.03028 -0.0167829 0.0203245 -0.0318565 -0.00531556 -0.033713 -0.0559208 0.0670782 0.0642707 0.062907
internal_weight=0 3.25052 0.988814 2.26171 0.653342 1.60837 0.764828 0.402766 0.843541 0.575193 0.429176 0.304785
internal_count=106 96 34 62 24 38 21 16 17 19 20 17
is_linear=0
shrinkage=0.06


Tree=71
num_leaves=12
num_cat=0
split_feature=2 3 5 3 4 8 10 3 4 5 3
split_gain=0.412085 0.388811 0.339607 0.365182 0.321431 0.629445 0.26723 0.175398 0.0335287 0.00156177 0.000893969
threshold=0.29950000345706945 0.43850000202655798 0.61899998784065258 0.38250000774860388 0.62849998474121105 0.0017500000540167095 0.10216666758060457 0.47249999642372137 0.61949998140335094 0.52349999547004711 0.47249999642372137
decision_type=2 2 2 2 2 2 2 2 2 2 2
left_child=-1 2 9 -4 6 -6 8 -8 -3 -2 -7
right_child=1 4 3 -5 5 10 7 -9 -10 -11 -12
leaf_value=0.064842103313406937 0.062755259799492424 -0.041737726234344491 -0.052458239305857218 0.04972902053744619 -0.06357673376022735 0.067587585560451885 -0.039472604005385131 0.019337594729858604 -0.06619913903891865 0.070055538615065763 0.061795524287428676
leaf_weight=0.36639218637719784 0.16826406819745932 0.3782460466027262 0.26710190204903483 0.23814886203035712 0.21187053993344296 0.15561684174463153 0.31250012293457985 0.43909066449850798 0.43224407359957695 0.28281554393470287 0.25011680880561471
leaf_count=10 13 11 9 8 4 5 9 12 6 4 15
internal_value=0 -0.00240377 0.0294913 -0.00429249 -0.0163977 0.0202457 -0.0308854 -0.0051148 -0.0547833 0.0673324 0.064017
internal_weight=0 3.13602 0.95633 0.505251 2.17969 0.617604 1.56208 0.751591 0.81049 0.45108 0.405734
internal_count=106 96 34 17 62 24 38 21 17 17 20
is_linear=0
shrinkage=0.06


Tree=72
num_leaves=13
num_cat=0
split_feature=7 2 12 9 9 4 9 0 2 10 7 7
split_gain=0.428647 0.41579 0.32863 0.345517 0.363022 0.301258 0.267429 0.00037843 1.65315e-05 1.03877e-05 5.63955e-07 5.70354e-08
threshold=-0.0016999999643303452 0.29950000345706945 0.15500000119209292 0.0017500000540167095 0.0032500000670552258 0.62849998474121105 0.0022500000195577745 0.61399999260902416 0.54150000214576732 0.29666666686534887 0.0036000000545755033 0.0026999999536201362
decision_type=2 2 2 2 2 2 2 2 2 2 2 2
left_child=-1 -2 8 5 6 7 -5 -4 10 -9 11 -3
right_child=1 2 3 4 -6 -7 -8 9 -10 -11 -12 -13
leaf_value=-0.056780325241510027 0.06490635456348115 0.060407647097697505 -0.064446266451478676 -0.0021029050211499381 -0.036805024013554406 0.00023777787489981752 0.065871346719160867 -0.061354582361852573 0.061570720450828981 -0.061975243726222921 0.06059053631981156 0.06032109061458258
leaf_weight=0.56473284307867322 0.31951022893190417 0.045552381779998874 0.29343760758638404 0.43266261275857665 0.4382676538079977 0.44954165071249008 0.40192571189254522 0.23559906426817179 0.062938679940998554 0.16510673891752958 0.054206311237066984 0.068797396961599588
leaf_count=10 6 7 5 9 8 10 9 12 3 6 6 13
internal_value=0 0.000250331 -0.00755102 -0.0140931 0.00741253 -0.0380277 0.0306325 -0.0628092 0.060741 -0.0616103 0.0604311 0.0603556
internal_weight=0 2.96755 2.64804 2.41654 1.27286 1.14369 0.834588 0.694143 0.231495 0.400706 0.168556 0.11435
internal_count=104 94 88 59 26 33 18 23 29 18 26 20
is_linear=0
shrinkage=0.06


Tree=73
num_leaves=13
num_cat=0
split_feature=7 2 12 9 9 4 9 0 2 10 7 7
split_gain=0.387942 0.388728 0.306487 0.31786 0.328815 0.292711 0.256207 0.000313912 1.37769e-05 8.64106e-06 4.70565e-07 4.76e-08
threshold=-0.0016999999643303452 0.29950000345706945 0.15500000119209292 0.0017500000540167095 0.0032500000670552258 0.62849998474121105 0.0022500000195577745 0.61399999260902416 0.54150000214576732 0.29666666686534887 0.0036000000545755033 0.0026999999536201362
decision_type=2 2 2 2 2 2 2 2 2 2 2 2
left_child=-1 -2 8 5 6 7 -5 -4 10 -9 11 -3
right_child=1 2 3 4 -6 -7 -8 9 -10 -11 -12 -13
leaf_value=-0.054697762632233395 0.064612533041703071 0.06038376171654191 -0.06417202301855808 -0.0019770995251005299 -0.035239988337971644 0.00022350876906434414 0.065524370038520463 -0.06127423287866815 0.061477237522886731 -0.061857083440643806 0.060555862438322061 0.060302294408176894
leaf_weight=0.55147551419213447 0.30223016440868411 0.042916072532534932 0.2774942182004454 0.4325844272971151 0.4305124394595623 0.44954639486968517 0.38046288024634123 0.22216096799820662 0.059360811486840248 0.15577967558056116 0.051077925134450197 0.064810528885573149
leaf_count=10 6 7 5 9 8 10 9 12 3 6 6 13
internal_value=0 0.000250019 -0.00732868 -0.0136479 0.00715935 -0.0370646 0.02961 -0.0626396 0.0606974 -0.0615145 0.0604059 0.0603347
internal_weight=0 2.86894 2.56671 2.34854 1.24356 1.10498 0.813047 0.655435 0.218165 0.377941 0.158805 0.107727
internal_count=104 94 88 59 26 33 18 23 29 18 26 20
is_linear=0
shrinkage=0.06


Tree=74
num_leaves=11
num_cat=0
split_feature=3 0 9 1 7 10 4 6 10 12
split_gain=0.358511 0.440154 0.331241 0.506679 0.262321 0.348536 0.327453 0.134439 0.0978655 9.1539e-05
threshold=0.47949999570846563 0.66349998116493236 0.0022500000195577745 0.56450000405311596 -0.0016999999643303452 -0.075333330780267702 0.62849998474121105 0.00050000000919681053 0.26700000464916235 0.18500000238418582
decision_type=2 2 2 2 2 2 2 2 2 2
left_child=1 2 3 7 -2 -6 -7 -1 -9 -10
right_child=4 -3 -4 -5 5 6 -8 8 9 -11
leaf_value=-0.0078682506942790824 -0.067270324849883822 -0.05553053462896438 0.065223329349501868 -0.053655289726128111 0.042812996122371071 -0.063695565931816314 0.029547112786777224 0.012702986189471608 0.065528424182288977 0.067446193246237185
leaf_weight=0.21451983042061351 0.47905578929930925 0.31884834170341481 0.45079027581959952 0.36573473690077662 0.28403494507074356 0.46821119170635916 0.19085836876183748 0.18429362820461392 0.1763037471100688 0.18219991028308868
leaf_count=6 9 11 12 12 9 13 11 4 15 2
internal_value=0 0.00875336 0.0217768 0.00433745 -0.0311143 -0.0127486 -0.0366936 0.0323442 0.0482366 0.0665031
internal_weight=0 1.89269 1.57384 1.12305 1.42216 0.943105 0.65907 0.757317 0.542797 0.358504
internal_count=104 62 51 39 42 33 24 27 21 17
is_linear=0
shrinkage=0.06


Tree=75
num_leaves=12
num_cat=0
split_feature=12 4 7 9 9 9 0 1 0 5 6
split_gain=0.383365 0.777561 0.383351 0.457063 0.303293 0.471245 0.12132 0.000844173 0.000130259 0.000103276 7.92622e-07
threshold=0.20499999821186068 0.62849998474121105 -0.0016999999643303452 -0.0012500000302679835 0.0022500000195577745 0.0032500000670552258 0.6525000035762788 0.50150001049041759 0.61399999260902416 0.52349999547004711 0.0025000000605359678
decision_type=2 2 2 2 2 2 2 2 2 2 2
left_child=1 2 -1 -4 6 -6 -5 -3 10 -10 -9
right_child=-2 7 3 4 5 -7 -8 8 9 -11 -12
leaf_value=-0.067737888795591894 -0.06402916364581189 0.067377258408446203 0.045519061197663184 -0.057759470603287254 0.06512313493119104 -0.031750827637411112 -0.0078916530481923618 0.060560587520243285 0.063575001357050215 0.061630793743249708 0.060286372558982219
leaf_weight=0.35125140473246697 0.31007299758493889 0.12532110977917899 0.57681127637624863 0.56192419491708168 0.32341358298435807 0.40987678151577711 0.25547563098371029 0.077006674371659756 0.17634076438844204 0.2224222025834024 0.074816044420003891
leaf_count=4 6 3 9 15 7 11 12 9 4 12 16
internal_value=0 0.00588804 -0.00966692 -7.93804e-05 -0.0170407 0.0109749 -0.0421734 0.0629327 0.0619211 0.0624906 0.0604255
internal_weight=0 3.15466 2.47875 2.1275 1.55069 0.73329 0.8174 0.675907 0.550586 0.398763 0.151823
internal_count=108 102 58 54 45 18 27 44 41 16 25
is_linear=0
shrinkage=0.06


Tree=76
num_leaves=12
num_cat=0
split_feature=12 4 7 0 3 9 6 1 0 5 6
split_gain=0.359077 0.729037 0.352265 0.430197 0.438769 0.461403 0.322673 0.000699395 0.000108463 8.56959e-05 6.61377e-07
threshold=0.20499999821186068 0.62849998474121105 -0.0016999999643303452 0.6564999818801881 0.53999999165534984 0.0022500000195577745 0.00070000000414438557 0.50150001049041759 0.61399999260902416 0.52349999547004711 0.0025000000605359678
decision_type=2 2 2 2 2 2 2 2 2 2 2
left_child=1 2 -1 4 5 6 -4 -3 10 -10 -9
right_child=-2 7 3 -5 -6 -7 -8 8 9 -11 -12
leaf_value=-0.066077899537478058 -0.063783387712711206 0.066909612590744821 0.0092533738198405536 -0.062296952802538122 0.071390509892776274 0.043072445808505569 -0.063439790936222595 0.060527682056167785 0.063357270752366274 0.061534618691404044 0.060269619254283799
leaf_weight=0.33885355666279915 0.2931067906320094 0.11882274318486441 0.4138210825622084 0.33518551103770722 0.35547276213765133 0.49362129531800747 0.46891908161342144 0.0725603848695755 0.16662485525012016 0.20978680625557899 0.07047808775678277
leaf_count=4 6 3 11 14 6 13 10 9 4 12 16
internal_value=0 0.00575013 -0.00937364 -7.79214e-05 0.0119642 -0.00338386 -0.0293619 0.0627569 0.061807 0.0623414 0.0604005
internal_weight=0 3.04415 2.40587 2.06702 1.73183 1.37636 0.88274 0.638273 0.51945 0.376412 0.143038
internal_count=108 102 58 54 40 34 21 44 41 16 25
is_linear=0
shrinkage=0.06


Tree=77
num_leaves=11
num_cat=0
split_feature=12 4 0 10 1 9 1 0 5 6
split_gain=0.33645 0.684149 0.285788 0.357875 0.366259 0.297823 0.000579707 9.03311e-05 7.11363e-05 5.51897e-07
threshold=0.20499999821186068 0.62849998474121105 0.6564999818801881 0.10216666758060457 0.51150000095367443 0.0022500000195577745 0.50150001049041759 0.61399999260902416 0.52349999547004711 0.0025000000605359678
decision_type=2 2 2 2 2 2 2 2 2 2
left_child=1 2 3 4 -1 -5 -3 9 -9 -8
right_child=-2 6 -4 5 -6 -7 7 8 -10 -11
leaf_value=0.0040147539092625457 -0.063553250910994202 0.066473713618884295 -0.062161078627118289 -0.0016302396479930309 -0.070982771509564585 0.064517930136070295 0.060496723479324728 0.063153339029521971 0.06144417829483078 0.060253851467246232
leaf_weight=0.56549567729234862 0.27700678072869767 0.11261449987068761 0.31633488461375225 0.64045108482241608 0.40040573664009571 0.39687690883874893 0.068368707783520222 0.15741270780563354 0.19785175612196326 0.066390607040375471
leaf_count=14 6 3 14 12 6 12 9 4 12 16
internal_value=0 0.00563498 -0.0091628 -0.000793716 -0.0270748 0.0236777 0.0625919 0.0616998 0.0622015 0.0603771
internal_weight=0 2.9222 2.31956 2.00323 0.965901 1.03733 0.602638 0.490024 0.355264 0.134759
internal_count=108 102 58 44 20 24 44 41 16 25
is_linear=0
shrinkage=0.06


Tree=78
num_leaves=12
num_cat=0
split_feature=12 10 0 2 12 0 1 9 5 6 1
split_gain=0.315076 0.265728 0.372102 0.182654 0.16186 0.0975085 0.0830389 5.40895e-05 1.26444e-05 3.37073e-07 6.54527e-08
threshold=0.15500000119209292 0.026166666299104694 0.6564999818801881 0.29950000345706945 0.18500000238418582 0.63600000739097606 0.52849999070167553 0.0037500001490116124 0.42400000989437109 0.0025000000605359678 0.55050000548362743
decision_type=2 2 2 2 2 2 2 2 2 2 2
left_child=8 3 5 -2 7 -3 -5 -4 -1 -10 -11
right_child=1 2 4 6 -6 -7 -8 -9 9 10 -12
leaf_value=0.061243848591240213 0.0020579509969243684 0.010306052476638532 -0.061188314062451593 -0.064163256477339267 0.00010303683794244561 0.04657227242759647 -0.025749386728579741 -0.062761337593084512 0.060452106679636408 0.060228617054362034 0.060333935466781834
leaf_weight=0.090944207273424005 0.39879025518894218 0.59363094717264153 0.16090141097083677 0.46451344899833202 0.29116103379055858 0.48490855004638433 0.35927237523719668 0.15402729064226151 0.068974448833614588 0.048993934411555529 0.03750513750128448
leaf_count=6 6 13 12 10 13 9 8 4 10 13 7
internal_value=0 -0.00998072 0.00547244 -0.0312742 -0.0321442 0.0266113 -0.0474101 -0.0619577 0.0606819 0.0603532 0.0602743
internal_weight=0 2.90721 1.68463 1.22258 0.60609 1.07854 0.823786 0.314929 0.246418 0.155474 0.0864991
internal_count=111 75 51 24 29 22 18 16 36 30 20
is_linear=0
shrinkage=0.06


Tree=79
num_leaves=12
num_cat=0
split_feature=12 10 0 2 1 0 0 1 5 6 1
split_gain=0.294233 0.240921 0.336075 0.170856 0.15803 0.0906695 0.0870238 0.0128587 1.05457e-05 2.81324e-07 5.46279e-08
threshold=0.15500000119209292 0.026166666299104694 0.6564999818801881 0.29950000345706945 0.56450000405311596 0.63600000739097606 0.54500001668930065 0.58250001072883617 0.42400000989437109 0.0025000000605359678 0.55050000548362743
decision_type=2 2 2 2 2 2 2 2 2 2 2
left_child=8 3 5 -2 -4 -3 -5 -6 -1 -10 -11
right_child=1 2 4 6 7 -7 -8 -9 9 10 -12
leaf_value=0.061170321175516316 0.0019354879501428911 0.0096835326286106495 0.015496757213324221 -0.065100508502829654 -0.040173383565329755 0.044886993227515735 -0.025376230979828735 -0.061588088632065746 0.06042561297657098 0.060215254342197391 0.060314387220917039
leaf_weight=0.085747855715453958 0.39858767949044727 0.59387808851897694 0.1808137553744017 0.41701041162014008 0.1843119733966887 0.47329201921820641 0.3789356229826808 0.2231645486317575 0.064985307399183512 0.046150678070262074 0.035332108847796917
leaf_count=6 6 13 9 7 8 9 11 12 10 13 7
internal_value=0 -0.00959415 0.00522441 -0.0301307 -0.0311865 0.0252963 -0.0461885 -0.0519017 0.0606419 0.0603325 0.0602582
internal_weight=0 2.84999 1.65546 1.19453 0.58829 1.06717 0.795946 0.407477 0.232216 0.146468 0.0814828
internal_count=111 75 51 24 29 22 18 20 36 30 20
is_linear=0
shrinkage=0.06


end of trees

feature_importances:
Column_0=100
Column_4=100
Column_9=98
Column_3=80
Column_12=80
Column_1=72
Column_8=58
Column_2=54
Column_6=46
Column_7=45
Column_10=35
Column_5=26
Column_15=11

parameters:
[boosting: gbdt]
[objective: binary]
[metric: binary_logloss]
[tree_learner: serial]
[device_type: cpu]
[data_sample_strategy: bagging]
[data: ]
[valid: ]
[num_iterations: 80]
[learning_rate: 0.06]
[num_leaves: 15]
[num_threads: 0]
[seed: 0]
[deterministic: 0]
[force_col_wise: 0]
[force_row_wise: 0]
[histogram_pool_size: -1]
[max_depth: -1]
[min_data_in_leaf: 8]
[min_sum_hessian_in_leaf: 0.001]
[bagging_fraction: 0.9]
[pos_bagging_fraction: 1]
[neg_bagging_fraction: 1]
[bagging_freq: 3]
[bagging_seed: 3]
[feature_fraction: 0.9]
[feature_fraction_bynode: 1]
[feature_fraction_seed: 2]
[extra_trees: 0]
[extra_seed: 6]
[early_stopping_round: 0]
[early_stopping_min_delta: 0]
[first_metric_only: 0]
[max_delta_step: 0]
[lambda_l1: 0]
[lambda_l2: 0]
[linear_lambda: 0]
[min_gain_to_split: 0]
[drop_rate: 0.1]
[max_drop: 50]
[skip_drop: 0.5]
[xgboost_dart_mode: 0]
[uniform_drop: 0]
[drop_seed: 4]
[top_rate: 0.2]
[other_rate: 0.1]
[min_data_per_group: 100]
[max_cat_threshold: 32]
[cat_l2: 10]
[cat_smooth: 10]
[max_cat_to_onehot: 4]
[top_k: 20]
[monotone_constraints: ]
[monotone_constraints_method: basic]
[monotone_penalty: 0]
[feature_contri: ]
[forcedsplits_filename: ]
[refit_decay_rate: 0.9]
[cegb_tradeoff: 1]
[cegb_penalty_split: 0]
[cegb_penalty_feature_lazy: ]
[cegb_penalty_feature_coupled: ]
[path_smooth: 0]
[interaction_constraints: ]
[verbosity: -1]
[saved_feature_importance_type: 0]
[use_quantized_grad: 0]
[num_grad_quant_bins: 4]
[quant_train_renew_leaf: 0]
[stochastic_rounding: 1]
[linear_tree: 0]
[max_bin: 255]
[max_bin_by_feature: ]
[min_data_in_bin: 3]
[bin_construct_sample_cnt: 200000]
[data_random_seed: 1]
[is_enable_sparse: 1]
[enable_bundle: 1]
[use_missing: 1]
[zero_as_missing: 0]
[feature_pre_filter: 1]
[pre_partition: 0]
[two_round: 0]
[header: 0]
[label_column: ]
[weight_column: ]
[group_column: ]
[ignore_column: ]
[categorical_feature: ]
[forcedbins_filename: ]
[precise_float_parser: 0]
[parser_config_file: ]
[objective_seed: 5]
[num_class: 1]
[is_unbalance: 0]
[scale_pos_weight: 1]
[sigmoid: 1]
[boost_from_average: 1]
[reg_sqrt: 0]
[alpha: 0.9]
[fair_c: 1]
[poisson_max_delta_step: 0.7]
[tweedie_variance_power: 1.5]
[lambdarank_truncation_level: 30]
[lambdarank_norm: 1]
[label_gain: ]
[lambdarank_position_bias_regularization: 0]
[eval_at: ]
[multi_error_top_k: 1]
[auc_mu_weights: ]
[num_machines: 1]
[local_listen_port: 12400]
[time_out: 120]
[machine_list_filename: ]
[machines: ]
[gpu_platform_id: -1]
[gpu_device_id: -1]
[gpu_use_dp: 0]
[num_gpu: 1]

end of parameters

pandas_categorical:null
