tree
version=v4
num_class=1
num_tree_per_iteration=1
label_index=0
max_feature_idx=15
objective=binary sigmoid:1
feature_names=Column_0 Column_1 Column_2 Column_3 Column_4 Column_5 Column_6 Column_7 Column_8 Column_9 Column_10 Column_11 Column_12 Column_13 Column_14 Column_15
feature_infos=[0.45699998736381531:0.70200002193450928] [0.38600000739097595:0.72399997711181641] [0.29600000381469727:0.90200001001358032] [0.30000001192092896:0.69999998807907104] [0.5:0.7929999828338623] [0.11900000274181366:0.96299999952316284] [-0.0098000001162290573:0.019600000232458115] [-0.012199999764561653:0.019600000232458115] [0.0010000000474974513:0.004999999888241291] [-0.011500000022351742:0.0060000000521540642] [-1:1] none [0:0.37000000476837158] none none [0:1]
tree_sizes=1701 1680 1692 1677 1687 1693 1691 1692 1693 1693 1702 1704 1685 1684 1680 1685 1690 1689 1687 1678 1687 1700 1692 1696 1696 1700 1698 1693 1689 1691 1704 1686 1693 1707 1711 1706 1705 1701 1707 1700 1711 1704 1704 1700 1708 1710 1708 1710 1703 1704 1704 1704 1710 1709 1715 1718 1706 1708 1730 1729 1725 1722 1730 1715 1719 1729 1731 1721 1718 1723 1727 1724 1729 1733 1723 1733 1724 1718 1725 1731

Tree=0
num_leaves=15
num_cat=0
split_feature=4 15 8 9 12 0 8 12 6 8 6 9 0 15
split_gain=47.6475 46.1331 7.33976 19.8578 5.34526 2.91648 1.4189 1.25116 1.22999 0.423007 0.879854 0.317465 3.55271e-15 1.77636e-15
threshold=0.70050001144409191 0.75000000000000011 0.0017500000540167095 -0.0012500000302679835 0.12500000000000003 0.68549999594688427 0.0027499999850988392 0.31500001251697546 -0.0042999999132007352 0.0022500000195577745 0.00090000001364387583 -0.004249999998137354 0.65849998593330394 1.0000000180025095e-35
decision_type=2 2 2 2 2 2 2 2 2 2 2 2 2 2
left_child=4 6 3 -3 -1 8 -2 9 -4 10 -6 -10 -11 -8
right_child=1 2 5 -5 7 -7 13 -9 11 12 -12 -13 -14 -15
leaf_value=-0.16960018119936998 -0.23009015011469816 -0.048620243368713401 -0.10238910462678309 -0.26858376669717976 -0.24218814389776397 -0.13935519674170582 -0.29058011903002656 -0.23009015011469819 -0.072816230934844836 -0.29058011903002656 -0.29058011903002651 -0.048620243368713262 -0.29058011903002651 -0.29058011903002645
leaf_weight=1.983800053596499 1.983800053596499 3.2236750870943069 2.2317750602960613 2.7277250736951855 2.4797500669956172 1.9838000535964955 2.7277250736951824 1.9838000535964972 2.4797500669956234 5.4554501473903656 2.9757000803947449 9.1750752478837878 1.9838000535964964 1.9838000535964968
leaf_count=8 8 13 9 11 10 8 11 8 10 22 12 37 8 8
internal_value=-0.180488 -0.134884 -0.0926129 -0.149437 -0.262114 -0.071304 -0.272657 -0.274449 -0.0615824 -0.281274 -0.268584 -0.0537683 -0.29058 -0.29058
internal_weight=0 28.5171 21.8218 5.9514 16.8623 15.8704 6.69533 14.8785 13.8866 12.8947 5.45545 11.6548 7.43925 4.71153
internal_count=183 115 88 24 68 64 27 60 56 52 22 47 30 19
is_linear=0
shrinkage=1


Tree=1
num_leaves=15
num_cat=0
split_feature=4 15 8 9 12 0 9 12 9 1 8 3 3 3
split_gain=42.3441 40.735 6.3748 17.492 4.81519 2.53822 1.44341 1.14053 1.04689 2.69148 0.388633 0.597073 0.000915483 0.000325659
threshold=0.70050001144409191 0.75000000000000011 0.0017500000540167095 -0.0012500000302679835 0.12500000000000003 0.68549999594688427 0.0037500001490116124 0.31500001251697546 -0.0037500001490116115 0.48450000584125524 0.0022500000195577745 0.4434999972581864 0.46699999272823339 0.48950000107288366
decision_type=2 2 2 2 2 2 2 2 2 2 2 2 2 2
left_child=4 6 3 -3 -1 8 12 10 9 -4 11 -6 -2 -10
right_child=1 2 5 -5 7 -7 -8 -9 13 -11 -12 -13 -14 -15
leaf_value=0.010224862050197537 -0.10655379314611739 0.12298929613315911 0.12488701245681938 -0.083653656071762714 -0.10554019294474035 0.038534285943253803 -0.044418053418907866 -0.04687008383348102 0.12298929613315922 0.034952369902938894 -0.10486977619351658 -0.065473273198305551 -0.10486977619351655 0.12385786418566695
leaf_weight=1.9856865406036401 2.4595051407814053 3.2480800896883011 2.9952413886785534 2.7009958177804974 2.4526813775300944 1.990321397781371 1.9622167646884916 1.9737610816955573 6.9958648085594124 1.9964261651039121 7.3438824713230133 2.9485676139593124 2.203164741396904 1.9978057444095609
leaf_count=8 10 13 12 11 10 8 8 8 28 8 30 12 9 8
internal_value=0 0.0427908 0.0821872 0.0291694 -0.0774798 0.10193 -0.0875899 -0.0893118 0.110952 0.0889175 -0.0958845 -0.0836675 -0.105758 0.123182
internal_weight=0 28.5496 21.9247 5.94908 16.7046 15.9757 6.62489 14.7189 13.9853 4.99167 12.7451 5.40125 4.66267 8.99367
internal_count=183 115 88 24 68 64 27 60 56 20 52 22 19 36
is_linear=0
shrinkage=0.06


Tree=2
num_leaves=15
num_cat=0
split_feature=4 15 8 9 12 0 8 12 6 8 6 9 0 2
split_gain=37.7979 36.1809 5.57702 15.5225 4.36518 2.25295 1.3322 1.05373 0.993111 0.36455 0.801987 0.263275 0.00112641 0.000695108
threshold=0.70050001144409191 0.75000000000000011 0.0017500000540167095 -0.0012500000302679835 0.12500000000000003 0.68549999594688427 0.0027499999850988392 0.31500001251697546 -0.0042999999132007352 0.0022500000195577745 0.00090000001364387583 -0.004249999998137354 0.67350000143051159 0.41949999332427984
decision_type=2 2 2 2 2 2 2 2 2 2 2 2 2 2
left_child=4 6 3 -3 -1 8 -2 9 -4 10 -6 -10 -8 -13
right_child=1 2 5 -5 7 -7 12 -9 11 -11 -12 13 -14 -15
leaf_value=0.0096030502555075874 -0.041971013817282819 0.11569974286798881 0.067766930694923316 -0.079684830414125801 -0.054351835779709964 0.036135809858990814 -0.10038408639720582 -0.044327098676373494 0.094013172842716347 -0.10040262158359828 -0.10106627018692749 0.11695725772339145 -0.10228772327925457 0.11569307287227759
leaf_weight=1.9873533248901392 1.9489892721176172 3.245510458946228 2.2487114220857647 2.6664343178272274 2.4370104670524562 1.9949262142181385 2.6449919790029526 1.9621316194534308 2.4984657764434841 7.2142624855041504 2.8943129330873489 1.9978704899549393 1.9395624846220014 7.2399524450302124
leaf_count=8 8 13 9 11 10 8 11 8 10 30 12 8 8 29
internal_value=0 0.0403851 0.0773654 0.0275764 -0.0737915 0.0957854 -0.0835243 -0.0852153 0.104294 -0.0916103 -0.0797126 0.111293 -0.101189 0.115966
internal_weight=0 28.4254 21.8919 5.91194 16.4951 15.9799 6.53354 14.5077 13.985 12.5456 5.33132 11.7363 4.58455 9.23782
internal_count=183 115 88 24 68 64 27 60 56 52 22 47 19 37
is_linear=0
shrinkage=0.06


Tree=3
num_leaves=15
num_cat=0
split_feature=4 15 0 8 1 1 0 6 5 5 8 5 7 6
split_gain=28.7377 32.047 5.76211 6.9661 3.60238 5.08531 1.6924 1.44063 1.30028 1.11029 0.0183198 0.00780011 0.00387104 0.00298779
threshold=0.70050001144409191 0.75000000000000011 0.68549999594688427 0.0012500000302679839 0.54199999570846569 0.5314999818801881 0.64949998259544384 -0.0028999999631196256 0.69699999690055858 0.67000001668930065 0.0017500000540167095 0.83000001311302196 -0.0030999999726191159 0.0002999999924213626
decision_type=2 2 2 2 2 2 2 2 2 2 2 2 2 2
left_child=4 8 3 -3 5 13 7 -5 -2 10 -6 12 -9 -1
right_child=1 2 -4 6 9 -7 -8 11 -10 -11 -12 -13 -14 -15
leaf_value=-0.070050404601416968 -0.097429660294660964 -0.013655669025410652 -0.015949843118879651 0.055992384696899655 -0.10411957355461926 0.050985009603825786 0.04923745087096499 0.11232962500634035 -0.038984296846271534 -0.053854692531073486 -0.09737920981326012 0.11421460677910378 0.10959506127789333 -0.066692721495216253
leaf_weight=1.9170722365379362 4.7288765162229565 2.4231829047203126 2.4752961993217459 1.9957329779863453 1.9508617967367152 1.937100753188133 2.4520974755287162 2.4872632175684046 1.9295272827148435 2.6241171211004257 5.672613114118576 2.2207397520542136 7.4323969185352166 1.899232357740402
leaf_count=8 20 10 10 8 8 8 10 10 8 11 24 9 30 8
internal_value=0 0.0345191 0.0701596 0.0813711 -0.0661854 -0.0281909 0.0952524 0.103234 -0.0804929 -0.087517 -0.0991041 0.111 0.110281 -0.0683794
internal_weight=0 28.1451 21.4867 19.0114 16.001 5.75341 16.5882 14.1361 6.6584 10.2476 7.62347 12.1404 9.91966 3.8163
internal_count=182 115 87 77 67 24 67 57 28 43 32 49 40 16
is_linear=0
shrinkage=0.06


Tree=4
num_leaves=15
num_cat=0
split_feature=4 15 0 1 4 1 0 12 9 9 2 0 3 6
split_gain=25.7756 28.6678 5.15747 3.31891 4.54478 1.88668 7.92928 1.90041 1.38482 1.24543 0.00464449 0.00378302 0.00357381 0.00338233
threshold=0.70050001144409191 0.75000000000000011 0.68549999594688427 0.54199999570846569 0.66400000452995311 0.48299999535083776 0.5275000035762788 0.35500000417232519 0.0037500001490116124 0.0032500000670552258 0.54150000214576732 0.64849999547004711 0.44099999964237219 -0.0013000000035390256
decision_type=2 2 2 2 2 2 2 2 2 2 2 2 2 2
left_child=3 8 5 4 -1 13 -7 11 12 10 -5 -8 -2 -3
right_child=1 2 -4 9 -6 6 7 -9 -10 -11 -12 -13 -14 -15
leaf_value=-0.076742710085700619 -0.096881983971282018 0.10842347869779725 -0.01501037683885758 -0.093416456163874645 0.030553228402738632 -0.027361199748931184 0.10443784966283993 0.051099053904147027 -0.033924241031591008 -0.045734553240428528 -0.096637523171289194 0.10751009344051857 -0.093490135709648439 0.10541051387888929
leaf_weight=3.0484235137701026 1.8812273293733621 2.962694376707077 2.4724938571453086 2.2973203659057599 2.6623929291963577 2.6742092967033377 5.3778767436742765 3.4159467071294785 1.889009892940521 2.3455057591199875 5.3985568881034851 1.9719481915235517 2.7575498670339584 2.450942710042006
leaf_count=13 8 12 10 10 11 11 22 14 8 10 23 8 12 10
internal_value=0 0.0327912 0.0664682 -0.0632408 -0.0267211 0.0771534 0.0651073 0.0880763 -0.0772305 -0.0840105 -0.095676 0.105262 -0.0948657 0.107059
internal_weight=0 27.8539 21.3261 15.7522 5.71082 18.8536 13.44 10.7658 6.52779 10.0414 7.69588 7.34982 4.63878 5.41364
internal_count=182 115 87 67 24 77 55 44 28 43 33 30 20 22
is_linear=0
shrinkage=0.06


Tree=5
num_leaves=15
num_cat=0
split_feature=4 15 8 9 0 1 1 3 9 9 7 8 6 3
split_gain=23.1788 25.7207 4.88664 14.0812 3.71472 3.07264 4.55136 1.33759 1.30458 1.1774 0.010681 0.00716244 0.00642388 0.00269291
threshold=0.70050001144409191 0.75000000000000011 0.0017500000540167095 -0.0012500000302679835 0.68549999594688427 0.54199999570846569 0.5314999818801881 0.61049997806549083 0.0037500001490116124 0.0032500000670552258 -0.0023000000510364767 0.0017500000540167095 0.0002999999924213626 0.44099999964237219
decision_type=2 2 2 2 2 2 2 2 2 2 2 2 2 2
left_child=5 8 3 -3 7 6 12 10 13 11 -4 -7 -1 -2
right_child=1 2 4 -5 -6 9 -8 -9 -10 -11 -12 -13 -14 -15
leaf_value=-0.066631525456904178 -0.093486371637782978 0.10165045601995333 0.10525616025984171 -0.078996151104222284 0.0057474727289509083 -0.095195064631353868 0.049220405700457048 0.04825201616347264 -0.03215816322221416 -0.04350403309072929 0.10089809903513283 -0.091185048057342677 -0.0616473965993816 -0.090502540825933425
leaf_weight=1.8810040056705468 1.8340159803628946 3.3824776709079742 2.6891004592180243 2.8726608455181148 1.9954329729080189 2.3244678974151594 1.9375351667404173 1.9705464988946904 1.8736671507358549 2.3186542391777039 8.1924273073673231 5.1699191033840179 1.8431365191936491 2.6800234317779541
leaf_count=8 8 14 11 12 8 10 8 8 8 10 34 23 8 12
internal_value=0 0.0312415 0.0631721 0.0186888 0.0819125 -0.0605608 -0.0253622 0.093738 -0.0742454 -0.0808687 0.101975 -0.0924288 -0.0641648 -0.0917148
internal_weight=0 27.4904 21.1026 6.25514 14.8475 15.4747 5.66168 12.8521 6.38771 9.81304 10.8815 7.49439 3.72414 4.51404
internal_count=182 115 87 26 61 67 24 53 28 43 45 33 16 20
is_linear=0
shrinkage=0.06


Tree=6
num_leaves=15
num_cat=0
split_feature=4 15 12 8 0 1 4 0 1 10 1 6 7 7
split_gain=21.1889 20.774 6.04618 4.2256 4.37199 7.40353 3.68725 1.42146 1.25836 0.427251 0.82661 0.0289813 0.00549426 0.00336836
threshold=0.70050001144409191 0.75000000000000011 0.12500000000000003 0.0012500000302679839 0.64949998259544384 0.56749999523162853 0.7305000126361848 0.63449999690055858 0.60899999737739574 -0.064500002190470682 0.50650000572204601 -0.0025000000605359669 0.0026999999536201362 -0.0025000000605359669
decision_type=2 2 2 2 2 2 2 2 2 2 2 2 2 2
left_child=2 7 -1 -3 6 -6 11 -2 9 10 -4 -5 -9 -13
right_child=1 3 8 4 5 -7 -8 12 -10 -11 -12 13 -14 -15
leaf_value=0.041251880139672313 -0.025593770601572502 -0.015050435189757475 -0.092730368018655682 0.10444187503981073 0.090908539743993225 -0.061126763123150012 0.0092662498755922418 -0.08814422165759829 -0.02552360649360292 -0.089491802827073516 -0.040135823965703692 0.099101941930834547 -0.092723976375550063 0.096514760080918749
leaf_weight=1.9704925417900074 1.8024462908506418 2.3596366047859219 2.0443895310163471 2.4362116754055068 2.452781453728675 2.1760144680738449 1.9233158528804786 1.9533906280994418 1.808032140135764 6.3897247165441522 2.2705669850111008 2.3860363513231304 1.8232331126928327 7.5251885056495587
leaf_count=8 8 10 9 10 10 9 8 9 8 29 10 10 8 32
internal_value=0 0.0336125 -0.0564376 0.0606547 0.0701066 0.0194362 0.0865418 -0.0694325 -0.0718216 -0.0796414 -0.0650547 0.0985788 -0.0903552 0.0971376
internal_weight=0 26.8383 14.4832 21.2592 18.8995 4.6288 14.2708 5.57907 12.5127 10.7047 4.31496 12.3474 3.77662 9.91122
internal_count=178 114 64 89 79 19 60 25 56 48 19 52 17 42
is_linear=0
shrinkage=0.06


Tree=7
num_leaves=15
num_cat=0
split_feature=4 15 0 8 0 1 4 0 0 9 9 6 1 7
split_gain=19.1202 18.7131 3.88907 3.83496 4.02975 6.58521 3.42175 3.17408 1.3446 1.28003 0.207041 0.0215008 0.00470565 0.00418219
threshold=0.70050001144409191 0.75000000000000011 0.51750001311302196 0.0012500000302679839 0.64949998259544384 0.56749999523162853 0.7305000126361848 0.48650000989437109 0.63449999690055858 0.0032500000670552258 -1.0000000180025095e-35 -0.0025000000605359669 0.55950000882148754 0.0026999999536201362
decision_type=2 2 2 2 2 2 2 2 2 2 2 2 2 2
left_child=2 8 7 -3 6 -6 11 -1 -2 10 -4 -5 -12 -10
right_child=1 3 9 4 5 -7 -8 -9 13 -11 12 -13 -14 -15
leaf_value=-0.058401613301645651 -0.024256448135444732 -0.014165193894539243 -0.068296665812825674 0.10005519242530592 0.086060533596879887 -0.057736149923954691 0.0087249208255200973 0.053523051735157055 -0.085772856400787079 -0.02682835048596002 -0.090970168123089376 0.093701440304594041 -0.087297657028559336 -0.08983164793994089
leaf_weight=1.7742385268211358 1.7881607115268732 2.3567645549774197 2.6606026887893659 2.3917702138423964 2.4359782189130774 2.1658775359392166 1.9201874434947974 1.8772908896207807 1.88891838490963 1.8119585514068592 1.7770052701234815 9.665644675493235 4.2840711921453476 1.7706213146448133
leaf_count=8 8 10 12 10 10 9 8 8 9 8 8 42 20 8
internal_value=0 0.0321599 -0.054219 0.0579357 0.0670816 0.0183822 0.0831149 -0.000859929 -0.0668998 -0.0727162 -0.0822495 0.0949618 -0.0883744 -0.0877367
internal_weight=0 26.3839 14.1852 20.9362 18.5795 4.60186 13.9776 3.65153 5.4477 10.5336 8.72168 12.0574 6.06108 3.65954
internal_count=178 114 64 89 79 19 60 16 25 48 40 52 28 17
is_linear=0
shrinkage=0.06


Tree=8
num_leaves=15
num_cat=0
split_feature=4 15 12 1 8 6 8 1 1 10 5 0 4 10
split_gain=17.2723 16.8957 5.27426 3.57729 7.73321 2.62437 2.76216 1.29505 1.18844 0.399967 0.976631 0.108522 0.0215252 0.00272938
threshold=0.70050001144409191 0.75000000000000011 0.12500000000000003 0.48299999535083776 0.0017500000540167095 -0.0013000000035390256 0.0032500000670552258 0.61249998211860668 0.60899999737739574 -0.064500002190470682 0.44150000810623174 0.67149999737739574 0.76649999618530285 -0.50716666877269734
decision_type=2 2 2 2 2 2 2 2 2 2 2 2 2 2
left_child=2 7 -1 12 -5 -6 11 -2 9 10 -4 -7 13 -3
right_child=1 3 8 4 5 6 -8 -9 -10 -11 -12 -13 -14 -15
leaf_value=0.038968681093353462 -0.085491516983949217 0.093497902599103927 -0.088562390468800212 -0.043008524536745266 0.0069978792852332982 0.090362698106673189 0.017246815379438032 -0.022627982863198864 -0.021641086943347029 -0.084923913365389028 -0.030427457705057979 0.10615266829389672 0.099327897890548564 0.090296805843925951
leaf_weight=1.9656174182891835 3.5429037809371975 1.8368262946605685 2.1724414974451038 3.1974123418331137 2.4093239903450021 4.4610907733440364 2.0971063822507858 1.7687310576438902 1.7636891752481449 5.9935125112533578 1.9962096065282819 2.4153378307819366 2.1464185118675232 2.0062010288238552
leaf_count=8 17 8 10 14 10 20 9 8 8 29 9 10 9 9
internal_value=0 0.0308409 -0.0520967 0.0554755 0.0394385 0.0625976 0.0775257 -0.0645585 -0.0671061 -0.0749967 -0.0607238 0.0959089 0.094515 0.0918268
internal_weight=0 25.8814 13.8915 20.5697 14.5803 11.3829 8.97353 5.31163 11.9259 10.1622 4.16865 6.87643 5.98945 3.84303
internal_count=178 114 64 89 63 49 39 25 56 48 19 30 26 17
is_linear=0
shrinkage=0.06


Tree=9
num_leaves=15
num_cat=0
split_feature=4 0 4 12 8 0 6 1 12 8 3 7 8 12
split_gain=16.8287 10.3791 9.56641 8.05888 4.36465 2.32214 1.69822 2.84078 1.50038 0.485247 0.729565 0.143104 0.020712 0.0149986
threshold=0.70050001144409191 0.63449999690055858 0.71050000190734874 0.10500000044703485 0.0012500000302679839 0.68549999594688427 -0.0013000000035390256 0.48649999499320989 0.2950000017881394 0.0022500000195577745 0.4434999972581864 -0.0026999999536201354 0.0032500000670552258 0.22999999672174457
decision_type=2 2 2 2 2 2 2 2 2 2 2 2 2 2
left_child=3 4 5 -1 -2 -3 7 -6 9 10 -5 -8 -4 -11
right_child=1 2 12 8 6 -7 11 -9 -10 13 -12 -13 -14 -15
leaf_value=0.081943812251800516 -0.013970415219706402 0.092215275227015142 -0.090675288051702455 -0.087156264989673299 0.090845629471640862 0.0024738047958663615 0.071192979285539582 -0.009348487980237314 -0.02755636496932979 -0.089455587756006677 -0.039323125577551625 0.090140812911230397 -0.082343289145708209 -0.083429602011062087
leaf_weight=1.4860216975212086 2.5126662105321911 1.8040348738431911 1.967383950948715 2.1035984903573972 2.0071946978569004 2.4446104466915131 1.7770156860351525 2.0686158239841461 2.98343801498413 3.441991463303566 2.5267142653465271 7.4544224143028295 2.3653978705406189 2.6178997755050659
leaf_count=6 11 8 9 10 9 10 8 9 14 16 12 34 12 13
internal_value=0 0.0297361 -0.0233948 -0.0507569 0.0585567 0.0405793 0.0722512 0.0399936 -0.0651786 -0.0756782 -0.0610542 0.0864934 -0.0861266 -0.0868523
internal_weight=0 24.4013 8.58143 15.1597 15.8199 4.24865 13.3072 4.07581 13.6736 10.6902 4.63031 9.23144 4.33278 6.05989
internal_count=181 110 39 71 71 18 60 18 65 51 22 42 21 29
is_linear=0
shrinkage=0.06


Tree=10
num_leaves=15
num_cat=0
split_feature=4 15 12 0 8 7 7 6 3 4 6 6 0 7
split_gain=15.2492 18.628 7.27708 3.57318 1.68624 4.24084 1.50483 1.0347 0.395616 0.311963 0.488514 0.0159742 0.00363545 0.00350513
threshold=0.70050001144409191 0.75000000000000011 0.10500000044703485 0.68549999594688427 0.0017500000540167095 -0.0011000000522471962 -0.0019000000320374963 -0.0042999999132007352 0.47149999439716345 0.63850000500679027 0.00090000001364387583 0.0025000000605359678 0.66249999403953563 0.0039000001270323996
decision_type=2 2 2 2 2 2 2 2 2 2 2 2 2 2
left_child=2 8 -1 4 5 -3 -4 -6 12 10 -8 -11 -2 -9
right_child=1 3 6 -5 7 -7 9 13 -10 11 -12 -13 -14 -15
leaf_value=0.077097280528530307 -0.085798752140047924 0.091920828517527919 -0.024882304820029025 -0.0074215561969400573 0.038672902367972065 -0.027659502370862975 -0.048399570447580358 0.087731027537438791 -0.04881184794867155 -0.088151394794935195 -0.082919021926475753 -0.080581070137011684 -0.081891228806346791 0.085249138086119558
leaf_weight=1.4846873879432667 1.6779444217681914 2.2473835349082947 2.9198869019746772 2.6894346922636023 1.905955225229264 2.0339217483997372 3.145325839519499 6.8760655522346461 1.7601225227117536 2.9576487243175507 2.780647486448288 1.518688693642616 1.7522685527801511 2.9177988469600677
leaf_count=6 8 10 14 11 8 9 15 32 9 14 14 8 9 14
internal_value=0 0.0286109 -0.0489021 0.0565627 0.0673305 0.0351117 -0.062944 0.0791203 -0.0719367 -0.0736278 -0.0645972 -0.085583 -0.0838027 0.0869916
internal_weight=0 23.8609 14.8069 18.6706 15.9811 4.28131 13.3222 11.6998 5.19034 10.4023 5.92597 4.47634 3.43021 9.79386
internal_count=181 110 71 84 73 19 65 54 26 51 29 22 17 46
is_linear=0
shrinkage=0.06


Tree=11
num_leaves=15
num_cat=0
split_feature=4 15 12 0 8 7 12 10 8 3 9 6 6 0
split_gain=13.8425 16.9327 6.58242 3.30675 1.58399 3.87462 1.46145 1.03359 0.492064 0.709124 0.400385 0.00980386 0.00774158 0.00240298
threshold=0.70050001144409191 0.75000000000000011 0.10500000044703485 0.68549999594688427 0.0017500000540167095 -0.0011000000522471962 0.2950000017881394 -0.50716666877269734 0.0022500000195577745 0.4434999972581864 0.0032500000670552258 0.0002999999924213626 -0.00050000000919681032 0.6459999978542329
decision_type=2 2 2 2 2 2 2 2 2 2 2 2 2 2
left_child=2 10 -1 4 5 -3 8 -6 9 -4 13 -10 -9 -2
right_child=1 3 6 -5 7 -7 -8 12 11 -11 -12 -13 -14 -15
leaf_value=0.072756716893525586 -0.082888744302965917 0.089142396581612049 -0.083247686139956492 -0.0069777888108932349 0.038170837381440066 -0.026101141595290301 -0.023105938679374948 0.088205841794482959 -0.085700615527379662 -0.034763318080290796 -0.044828788549126426 -0.080724640865885669 0.084226819090805025 -0.079720936201710169
leaf_weight=1.479023590683936 1.7859544903039961 2.1804245710372925 1.9683666825294475 2.6888648420572272 2.0500519573688516 2.026275202631953 2.8751424551010123 2.3581435084342957 2.8604792952537537 2.4225236624479294 1.5718476921319959 2.8412728011608124 6.9428883790969813 1.6664083600044248
leaf_count=6 9 10 10 11 9 9 14 11 14 12 8 15 34 9
internal_value=0 0.0276054 -0.0471666 0.054462 0.0650807 0.0336321 -0.0608443 0.0767355 -0.071595 -0.0564981 -0.0699308 -0.083221 0.0852356 -0.0813597
internal_weight=0 23.2709 14.4468 18.2466 15.5578 4.2067 12.9678 11.3511 10.0926 4.39089 5.02421 5.70175 9.30103 3.45236
internal_count=181 110 71 84 73 19 65 54 51 22 26 29 45 18
is_linear=0
shrinkage=0.06


Tree=12
num_leaves=15
num_cat=0
split_feature=4 15 1 8 1 0 1 9 4 9 9 10 8 0
split_gain=12.0014 14.792 4.86424 4.37279 3.2534 1.9542 2.39431 0.537605 1.2315 0.39978 0.374278 0.339949 0.0276586 0.00506662
threshold=0.70050001144409191 0.75000000000000011 0.54199999570846569 0.0012500000302679839 0.5314999818801881 0.64949998259544384 0.55950000882148754 -0.0037500001490116115 0.71950000524520885 0.0032500000670552258 0.0032500000670552258 -0.1950000002980232 0.0017500000540167095 0.54249998927116405
decision_type=2 2 2 2 2 2 2 2 2 2 2 2 2 2
left_child=2 10 4 -3 11 7 -7 8 -5 -4 -2 -1 -9 -14
right_child=1 3 9 5 -6 6 -8 12 -10 -11 -12 -13 13 -15
leaf_value=-0.016082997448140828 -0.079632102338644081 -0.030228628176132519 -0.079773869345491785 0.087685346390302218 0.059259160207176767 0.071053884144858498 -0.023240544918666711 0.090905639942100006 0.019265635372796845 -0.046433878984206624 -0.043526122003180304 -0.053539928170069043 0.085418722456418475 0.081496306169417124
leaf_weight=1.6549084931612017 3.1259829550981548 2.036278203129771 6.6324861347675306 2.1237691640853895 2.0568725168704987 2.0496870428323741 1.8393599539995191 1.9007062166929216 1.7092613428831098 1.6088412851095197 1.5441045463085172 1.844447299838065 1.6411225646734235 4.2705060094594955
leaf_count=8 17 9 36 10 9 9 8 9 8 8 8 9 8 22
internal_value=0 0.027218 -0.0440138 0.0524446 -0.000626131 0.0632816 0.0264565 0.0755795 0.057175 -0.0732654 -0.0676941 -0.0358259 0.0846095 0.0825852
internal_weight=0 22.2408 13.7976 17.5707 5.55623 15.5344 3.88905 11.6454 3.83303 8.24133 4.67009 3.49936 7.81233 5.91163
internal_count=178 108 70 83 26 74 17 57 18 44 25 17 39 30
is_linear=0
shrinkage=0.06


Tree=13
num_leaves=15
num_cat=0
split_feature=4 15 1 8 1 0 1 9 4 9 1 10 8 0
split_gain=10.9061 13.4659 4.55436 3.99662 2.88215 1.86346 2.15411 0.532519 1.1639 0.398051 0.376591 0.314515 0.0225005 0.00402081
threshold=0.70050001144409191 0.75000000000000011 0.54199999570846569 0.0012500000302679839 0.5314999818801881 0.64949998259544384 0.55950000882148754 -0.0037500001490116115 0.71950000524520885 0.0032500000670552258 0.59499999880790722 -0.1950000002980232 0.0017500000540167095 0.54249998927116405
decision_type=2 2 2 2 2 2 2 2 2 2 2 2 2 2
left_child=2 10 4 -3 11 7 -7 8 -5 -4 -2 -1 -9 -14
right_child=1 3 9 5 -6 6 -8 12 -10 -11 -12 -13 13 -15
leaf_value=-0.015212911308066948 -0.078183781676405828 -0.028511962377091957 -0.078269672925255454 0.085397419368190799 0.055401267892925113 0.067950464416882767 -0.021885556299986599 0.088441020528365916 0.018238971845778051 -0.04458739735900253 -0.041385635645376714 -0.051488804712839724 0.083374637673052074 0.079814406918547243
leaf_weight=1.6449021399021151 3.0113833695650127 2.0295571386814144 6.3625869005918503 2.0520169287920011 2.0677342265844345 2.0157467573881145 1.8361452072858808 1.8383558988571138 1.697517544031143 1.5759632289409635 1.4998600780963895 1.8041003346443156 1.5822721123695371 4.1039488315582275
leaf_count=8 17 9 36 10 9 9 8 9 8 8 8 9 8 22
internal_value=0 0.0262921 -0.0424833 0.050548 -0.000608987 0.061156 0.0251268 0.0734656 0.0549929 -0.0715831 -0.0659494 -0.0341881 0.0826707 0.0808051
internal_weight=0 21.6668 13.4553 17.1556 5.51674 15.126 3.85189 11.2741 3.74953 7.93855 4.51124 3.449 7.52458 5.68622
internal_count=178 108 70 83 26 74 17 57 18 44 25 17 39 30
is_linear=0
shrinkage=0.06


Tree=14
num_leaves=15
num_cat=0
split_feature=4 0 4 8 4 0 1 8 3 0 5 3 8 1
split_gain=10.0324 4.97582 4.98086 4.59099 3.23987 4.61752 2.53919 1.55887 1.39146 0.621521 0.40397 0.401407 0.120042 0.00849293
threshold=0.66400000452995311 0.63449999690055858 0.71050000190734874 0.0012500000302679839 0.70050001144409191 0.5275000035762788 0.55950000882148754 0.0032500000670552258 0.53949999809265148 0.62299999594688427 0.67000001668930065 0.61049997806549083 0.0017500000540167095 0.55550000071525585
decision_type=2 2 2 2 2 2 2 2 2 2 2 2 2 2
left_child=9 3 6 -2 5 -5 -3 11 -9 -1 13 12 -6 -11
right_child=1 2 -4 4 7 -7 -8 8 -10 10 -12 -13 -14 -15
leaf_value=-0.032466851486310205 -0.038571371471705876 0.066110346185860466 -0.078055991838516678 0.07235761176885902 0.09625860358482656 -0.05598597979610908 -0.022796327984638102 -0.013502361625500413 0.066778346735573202 -0.082115029323445457 -0.042616682668995091 0.050986424123811588 0.078784685770393784 -0.076513923830079114
leaf_weight=2.3774823546409589 2.5880501270294252 2.1563015878200522 3.2880739718675613 1.8354986310005177 2.0269951820373517 2.2416249662637711 2.49405437707901 1.5105056166648858 1.6010697185993192 1.5316791981458662 1.5374053567647932 1.644777864217758 4.6901045143604279 2.6794084161520004
leaf_count=13 12 10 19 8 10 12 12 8 8 8 8 8 26 16
internal_value=0 0.0180825 -0.0215352 0.0354214 0.0477358 0.0017936 0.0184284 0.0640615 0.0278063 -0.0582692 -0.0689407 0.0775526 0.0840577 -0.0785512
internal_weight=0 26.0771 7.93843 18.1386 15.5506 4.07712 4.65036 11.4735 3.11158 8.12598 5.74849 8.36188 6.7171 4.21109
internal_count=178 133 41 92 80 20 22 60 16 45 32 44 36 24
is_linear=0
shrinkage=0.06


Tree=15
num_leaves=15
num_cat=0
split_feature=10 4 8 8 0 1 1 6 3 5 0 0 0 6
split_gain=8.42789 4.01087 7.05684 7.51392 3.83407 2.65507 2.16732 3.86621 2.12379 1.16688 0.201772 0.122234 0.105214 0.0334684
threshold=-0.20899999886751172 0.70449998974800121 0.0027499999850988392 0.0017500000540167095 0.55950000882148754 0.48299999535083776 0.54199999570846569 0.0016999999643303456 0.58649998903274547 0.67000001668930065 0.50949999690055858 0.67149999737739574 0.68050000071525585 -0.0013000000035390256
decision_type=2 2 2 2 2 2 2 2 2 2 2 2 2 2
left_child=5 6 3 -3 -4 10 7 -2 -7 -8 13 -5 -6 -1
right_child=1 2 4 11 12 8 9 -9 -10 -11 -12 -13 -14 -15
leaf_value=0.093082034247505802 -0.057280598859208269 -0.032726867370364683 0.026665242898002584 0.077050932259105476 -0.07548576043273654 0.047225794554644811 -0.076132251315496682 0.067892153465281713 -0.035871749499764516 -0.021921515071773836 0.061450758043453964 0.095906559004022202 -0.096460459565582121 0.081083339094910292
leaf_weight=1.9176158457994459 2.171520531177523 3.15425957739353 1.6527207642793644 2.7535574436187744 2.2522617578506474 3.0361025184392929 5.6005738377571106 1.5032685995101926 1.7428162842988966 1.9192557483911512 1.503248333930969 2.2482512444257736 1.3937344998121259 1.4849667251110061
leaf_count=9 11 15 9 16 14 15 34 7 8 10 8 10 7 8
internal_value=0 -0.0173071 0.00476956 0.0397933 -0.0491409 0.0487511 -0.043841 -0.00607541 0.0169211 -0.0622963 0.0797576 0.0855263 -0.0835036 0.0878455
internal_weight=0 24.6494 13.4548 8.15607 5.29872 9.68475 11.1946 3.67479 4.77892 7.51983 4.90583 5.00181 3.646 3.40258
internal_count=181 133 71 41 30 48 62 18 23 44 25 26 21 17
is_linear=0
shrinkage=0.06


Tree=16
num_leaves=15
num_cat=0
split_feature=10 4 8 8 0 1 1 6 3 9 0 0 0 9
split_gain=7.61633 3.65815 6.43543 6.90925 3.5554 2.49815 2.02669 3.46142 1.88572 1.33113 0.198367 0.0954249 0.0858408 0.0348239
threshold=-0.20899999886751172 0.70449998974800121 0.0027499999850988392 0.0017500000540167095 0.55950000882148754 0.48299999535083776 0.54199999570846569 0.0016999999643303456 0.58649998903274547 0.0032500000670552258 0.50949999690055858 0.67149999737739574 0.68050000071525585 -0.0037500001490116115
decision_type=2 2 2 2 2 2 2 2 2 2 2 2 2 2
left_child=5 6 3 -3 -4 10 7 -2 -7 -8 13 -5 -6 -1
right_child=1 2 4 11 12 8 9 -9 -10 -11 -12 -13 -14 -15
leaf_value=0.078639167359638371 -0.055248632155306253 -0.031142822570694898 0.025337267727157765 0.075787439863542347 -0.074367516702865705 0.044677335248989217 -0.075097882312773909 0.063782243272173286 -0.033697587047514729 -0.014659921746929629 0.059137047990347143 0.092740894822883127 -0.093665677968378491 0.091098031291482418
leaf_weight=1.4331752508878706 2.1179617792367957 3.1169858425855619 1.6355246901512144 2.6351074278354645 2.1520164459943776 3.0173167139291763 5.5356863588094711 1.5040887147188184 1.743908032774925 1.7193913310766218 1.469390422105789 2.1873472630977631 1.3505214899778364 1.8504479676485046
leaf_count=8 11 15 9 16 14 15 35 7 8 9 8 10 7 9
internal_value=0 -0.0167654 0.00461823 0.0384779 -0.0477024 0.0466891 -0.0424749 -0.00582 0.0159707 -0.0607746 0.0774606 0.0834771 -0.0818086 0.0856602
internal_weight=0 23.9546 13.0775 7.93944 5.13806 9.51424 10.8771 3.62205 4.76122 7.25508 4.75301 4.82245 3.50254 3.28362
internal_count=181 133 71 41 30 48 62 18 23 44 25 26 21 17
is_linear=0
shrinkage=0.06


Tree=17
num_leaves=15
num_cat=0
split_feature=10 5 3 8 4 8 12 0 1 5 10 6 3 0
split_gain=6.88737 3.49341 5.18624 3.08576 4.14618 4.94046 6.65571 2.38928 2.35413 1.77548 1.59559 0.434115 0.202855 0.196624
threshold=-0.20899999886751172 0.67000001668930065 0.38850000500679022 0.0017500000540167095 0.66400000452995311 0.0022500000195577745 0.22999999672174457 0.67149999737739574 0.48299999535083776 0.4134999960660935 0.056499999016523368 -1.0000000180025095e-35 0.52050000429153453 0.50949999690055858
decision_type=2 2 2 2 2 2 2 2 2 2 2 2 2 2
left_child=8 3 -3 -2 11 -6 -7 -4 13 -10 -8 -5 -12 -1
right_child=1 2 7 4 5 6 10 -9 9 -11 12 -13 -14 -15
leaf_value=0.083683027416302708 -0.081416716956533311 -0.05643471454204315 0.10356153221007958 -0.034452089868504232 0.085517825611383061 0.054041729471536723 -0.013902843099244564 0.0064120184263320289 -0.03098812448787603 0.044335126078671641 -0.075275068869067249 -0.074613053262694989 -0.10699035057492862 0.05691314974819095
leaf_weight=3.1631778776645643 3.3384487181901994 1.8995034396648396 2.2932531982660298 1.3575102537870405 2.1523343324661237 2.8377333730459213 1.5418279767036436 1.5123896598815916 1.8420993536710737 2.9003374725580215 1.6492219269275668 3.3851439505815497 1.2969816923141477 1.4362299740314481
leaf_count=17 18 11 13 8 11 15 9 8 9 14 11 22 7 8
internal_value=0 -0.0162517 0.0245379 -0.0295046 -0.0173178 0.00559958 -0.0178807 0.0649536 0.0447394 0.0150774 -0.0633564 -0.0631176 -0.0892368 0.0753238
internal_weight=0 23.2643 5.70515 17.5592 14.2208 9.4781 7.32576 3.80564 9.34184 4.74244 4.48803 4.74265 2.9462 4.59941
internal_count=181 133 32 101 83 53 42 21 48 23 27 30 18 25
is_linear=0
shrinkage=0.06


Tree=18
num_leaves=15
num_cat=0
split_feature=4 15 0 8 1 1 9 8 4 8 0 6 2 6
split_gain=6.34788 6.65527 3.4445 2.4062 2.07022 2.20011 1.8629 1.69346 1.31075 1.2119 0.0355145 0.0144199 0.00292207 0.00185928
threshold=0.70050001144409191 0.75000000000000011 0.69099998474121105 0.0012500000302679839 0.54199999570846569 0.49149999022483831 0.0032500000670552258 0.0027499999850988392 0.7305000126361848 0.0017500000540167095 0.67149999737739574 -0.0025000000605359669 0.42049999535083776 0.0002999999924213626
decision_type=2 2 2 2 2 2 2 2 2 2 2 2 2 2
left_child=4 7 3 -3 5 -1 13 -2 9 -5 11 -11 -13 -6
right_child=1 2 -4 8 6 -7 -8 -9 -10 10 -12 12 -14 -15
leaf_value=-0.054113554279210371 0.010794672050094612 -0.010449965427075008 -0.041111115993133787 0.023160302746225995 -0.074591703828663106 0.028790990213327441 0.0048441160560461199 -0.073289305016873071 0.0095851792690767983 0.08157039372132914 0.086200207490088165 0.076717947322909957 0.073915096177013598 -0.072195336398613488
leaf_weight=1.8683084398508087 1.2879691421985655 1.9319011867046345 1.604127749800681 1.7223879992961855 2.0185591280460358 3.0071738213300705 1.4304934442043302 2.6089637875556946 1.5196793973445899 1.5184497684240321 1.6245842427015302 2.1680786162614822 3.5018180906772614 2.7583020180463791
leaf_count=10 7 9 7 9 13 14 8 18 8 8 8 13 23 20
internal_value=0 0.0246349 0.0421646 0.0517153 -0.0322387 -0.00297843 -0.0552208 -0.0454988 0.0616778 0.0691919 0.0781883 0.0763776 0.0749869 -0.073208
internal_weight=0 19.488 15.591 13.9869 11.0828 4.87548 6.20735 3.89693 12.055 10.5353 8.81293 7.18835 5.6699 4.77686
internal_count=175 110 85 78 65 24 41 25 69 61 52 44 36 33
is_linear=0
shrinkage=0.06


Tree=19
num_leaves=15
num_cat=0
split_feature=0 8 9 0 0 3 0 9 1 6 0 3 1 9
split_gain=5.02075 4.28482 5.49875 4.02505 3.66281 3.06068 1.84215 2.96246 3.09938 2.25117 1.0281 2.4206 0.379885 0.257272
threshold=0.63049998879432689 0.0027499999850988392 0.0032500000670552258 0.49349999427795416 0.68299999833107006 0.50549998879432689 0.50450000166893016 0.0017500000540167095 0.55099999904632579 -0.0049000000581145278 0.51750001311302196 0.55050000548362743 0.56749999523162853 0.0037500001490116124
decision_type=2 2 2 2 2 2 2 2 2 2 2 2 2 2
left_child=3 2 4 5 12 -1 -5 8 9 -8 -11 -12 -2 -9
right_child=1 -3 -4 6 -6 -7 7 13 -10 10 11 -13 -14 -15
leaf_value=-0.080377094962323786 -0.032407678960231737 -0.073153073867356616 0.11713687834988901 0.089817082554909625 0.035650017722779044 0.034461684134905919 -0.03566269374740532 0.05918388524211371 -0.072839604150652368 0.0021956717554783745 0.099865801170809732 0.0071659576309528626 -0.074612167907899887 0.090470031772667853
leaf_weight=2.093353837728507 1.1316216588020309 4.4601943492889404 1.231755197048187 2.0579799562692633 2.3534173220396042 1.3904417902231214 1.7085611820220954 2.2699690908193584 1.3902450576424596 1.6107114404439897 2.2864487916231155 1.8222739845514295 2.3879695683717728 1.6225706487894056
leaf_count=12 8 28 6 11 12 8 8 14 10 9 13 10 16 10
internal_value=0 -0.0270592 0.0018774 0.0234694 -0.0222961 -0.034543 0.0371539 0.0286273 0.00938239 0.0247713 0.0428247 0.0587522 -0.0610425 0.0722252
internal_weight=0 11.565 7.10476 18.2526 5.87301 3.4838 14.7688 12.7108 8.81824 7.428 5.71943 4.10872 3.51959 3.89254
internal_count=175 70 42 105 36 20 85 74 50 40 32 23 24 24
is_linear=0
shrinkage=0.06


Tree=20
num_leaves=15
num_cat=0
split_feature=4 15 0 8 1 1 9 9 4 8 0 8 0 7
split_gain=5.43533 5.60012 2.94013 2.26019 1.81096 1.87183 1.71477 1.60627 1.22128 1.19752 0.0238034 0.0148313 0.00298956 0.00252509
threshold=0.70050001144409191 0.75000000000000011 0.69099998474121105 0.0012500000302679839 0.54199999570846569 0.49149999022483831 0.0032500000670552258 0.0037500001490116124 0.7305000126361848 0.0017500000540167095 0.65349999070167553 0.0037500001490116124 0.64849999547004711 -0.0016999999643303452
decision_type=2 2 2 2 2 2 2 2 2 2 2 2 2 2
left_child=4 7 3 -3 5 -1 -6 12 9 -5 11 13 -2 -11
right_child=1 2 -4 8 6 -7 -8 -9 -10 10 -12 -13 -14 -15
leaf_value=-0.051703774078242143 -0.074516949555131093 -0.011749754065411436 -0.037617146827901064 0.020509223934895758 -0.071632520373324945 0.025721331362615358 0.0040405448944516127 0.010183884162402687 0.0085175597472192891 0.075007308677204218 0.082491656679747546 0.080346155244106959 -0.070175707340257562 0.072195579065985158
leaf_weight=1.7955933660268799 1.3776489496231112 1.890315145254134 1.5789963155984867 1.6735839396715153 4.3840196654200554 3.005893275141716 1.4295317083597181 1.3097198605537412 1.4921869337558735 1.7148203849792456 1.7149206548929212 1.2733728587627409 0.97536958754062641 3.48984606564045
leaf_count=10 9 9 7 9 33 14 8 8 8 11 9 7 8 25
internal_value=0 0.0233636 0.0397745 0.0489979 -0.0305025 -0.00323304 -0.0530248 -0.0430736 0.0591075 0.0667586 0.076206 0.074542 -0.0727174 0.073122
internal_weight=0 18.4908 14.828 13.249 10.615 4.80149 5.81355 3.66274 11.3587 9.86654 8.19296 6.47804 2.35302 5.20467
internal_count=175 110 85 78 65 24 41 25 69 61 52 43 17 36
is_linear=0
shrinkage=0.06


Tree=21
num_leaves=15
num_cat=0
split_feature=4 15 7 3 3 7 7 7 6 0 9 12 5 1
split_gain=8.37726 5.20516 3.3623 3.07372 1.47631 0.99184 1.51389 0.75944 0.662605 0.830263 0.551869 0.538268 0.471414 0.116615
threshold=0.66400000452995311 0.75000000000000011 -0.0019000000320374963 0.49400000274181372 0.46449999511241918 0.0039000001270323996 0.0023000000510364775 -1.0000000180025095e-35 0.00090000001364387583 0.62299999594688427 0.0012500000302679839 0.31500001251697546 0.58699998259544384 0.49149999022483831
decision_type=2 2 2 2 2 2 2 2 2 2 2 2 2 2
left_child=8 4 11 5 -2 6 10 -5 9 -1 -4 -3 -11 -13
right_child=1 2 3 7 -6 -7 -8 -9 -10 12 -12 13 -14 -15
leaf_value=-0.001210295969894789 -0.073061221910710183 0.041404656427894766 0.028712791387180751 -0.0034489516210287636 -0.0037040183186905218 0.070182289992833394 -0.018604148862810584 -0.056665101412937388 -0.075923688010939794 -0.078551038577758012 0.082047767641229855 0.076602807419856089 -0.028775222174358982 0.097254064908357835
leaf_weight=1.4018369168043161 2.1424624696374002 1.4182989001274187 1.6727187037467852 2.3112642168998723 2.2812380194664001 2.5437960550189018 1.8509427309036253 1.6579019576311109 2.9732011258602142 1.6371842920780184 1.1990683376789091 2.720285028219223 1.1776847392320631 1.5425908863544462
leaf_count=8 15 8 11 11 14 17 12 10 21 10 7 17 7 8
internal_value=0 0.0206525 0.0358054 0.0167846 -0.0372947 0.0399783 0.0237096 -0.0256771 -0.0542321 -0.0389373 0.050982 0.073423 -0.0577258 0.0840758
internal_weight=0 21.3406 16.9169 11.2357 4.4237 7.26653 4.72273 3.96917 7.18991 4.21671 2.87179 5.68117 2.81487 4.26288
internal_count=176 130 101 68 29 47 30 21 46 25 18 33 17 25
is_linear=0
shrinkage=0.06


Tree=22
num_leaves=15
num_cat=0
split_feature=4 15 8 9 8 2 6 6 0 9 0 1 0 6
split_gain=7.64006 4.71797 3.52219 6.54509 1.78035 1.59143 1.47728 0.656229 0.775637 0.465118 0.435257 0.258697 0.199067 0.0973089
threshold=0.66400000452995311 0.75000000000000011 0.0017500000540167095 -0.0012500000302679835 0.0027499999850988392 0.90049999952316295 0.0026999999536201362 0.00090000001364387583 0.62299999594688427 0.0022500000195577745 0.51649999618530285 0.57050001621246349 0.53849998116493236 0.0014999999548308553
decision_type=2 2 2 2 2 2 2 2 2 2 2 2 2 2
left_child=7 4 3 -3 -2 6 10 8 -1 -10 -4 -5 -12 -14
right_child=1 2 5 11 -6 -7 -8 -9 9 -11 12 -13 13 -15
leaf_value=-0.0011382951470910597 0.0056245745655060563 0.07639161085987714 0.04457348175345148 -0.083370368329262756 -0.071640145628399751 -0.01120781173255106 0.015613993157982592 -0.074906034136232189 -0.07722112308355697 -0.02705045524590494 0.09523151128792727 -0.047464798482367232 0.076846215002112347 0.056748428985022782
leaf_weight=1.4010986834764505 1.9950884729623855 1.9492624253034589 1.7167900428175871 1.4817366003990167 2.3244470655918121 1.2676538228988654 2.1456158384680757 2.8369324430823326 1.5773113369941714 1.1503889933228491 1.8426154255867002 1.4096139445900915 3.5841677710413933 1.1441298425197599
leaf_count=8 11 12 11 8 18 6 15 21 10 7 9 8 23 9
internal_value=0 0.0198846 0.0344657 -0.00858004 -0.0359534 0.0522734 0.0599864 -0.0526892 -0.0374238 -0.056062 0.071474 -0.0658654 0.0785024 0.0719831
internal_weight=0 20.8611 16.5416 4.84061 4.31954 11.701 10.4333 6.96573 4.1288 2.7277 8.2877 2.89135 6.57091 4.7283
internal_count=176 130 101 28 29 73 67 46 25 17 52 16 41 32
is_linear=0
shrinkage=0.06


Tree=23
num_leaves=15
num_cat=0
split_feature=4 15 8 9 8 2 6 6 0 5 0 3 0 6
split_gain=6.97932 4.29996 3.18723 6.01619 1.69109 1.47601 1.41463 0.649887 0.724808 0.458007 0.421193 0.25601 0.169981 0.098419
threshold=0.66400000452995311 0.75000000000000011 0.0017500000540167095 -0.0012500000302679835 0.0027499999850988392 0.90049999952316295 0.0026999999536201362 0.00090000001364387583 0.62299999594688427 0.58699998259544384 0.51649999618530285 0.48950000107288366 0.53849998116493236 0.0014999999548308553
decision_type=2 2 2 2 2 2 2 2 2 2 2 2 2 2
left_child=7 4 3 -3 -2 6 10 8 -1 -10 -4 -5 -12 -14
right_child=1 2 5 11 -6 -7 -8 -9 9 -11 12 -13 13 -15
leaf_value=-0.0010705444047230258 0.0052734734874089594 0.075210483273006626 0.042971515640333441 -0.045531293734462706 -0.070853015679342088 -0.010532004993647932 0.014749369193151639 -0.073964329238338025 -0.076061987773183501 -0.02557482378141546 0.09249363005715984 -0.081777682529795642 0.075664490913607843 0.055098761501698214
leaf_weight=1.4004041254520441 2.0000841766595903 1.8636908531188963 1.6752373427152596 1.3877696692943566 2.2126577347517014 1.2680427432060248 2.1354339271783829 2.7046985104680061 1.5119854062795641 1.1305306777358053 1.7850850671529768 1.4185823574662206 3.4265431389212608 1.1087790578603742
leaf_count=8 11 12 11 8 18 6 15 21 10 7 9 8 23 9
internal_value=0 0.019246 0.0333914 -0.00835672 -0.0347104 0.0504949 0.0581333 -0.0511985 -0.0359683 -0.0544624 0.06972 -0.0638535 0.0768098 0.0706367
internal_weight=0 20.2819 16.0692 4.67004 4.21274 11.3991 10.1311 6.74762 4.04292 2.64252 7.99564 2.80635 6.32041 4.53532
internal_count=176 130 101 28 29 73 67 46 25 17 52 16 41 32
is_linear=0
shrinkage=0.06


Tree=24
num_leaves=15
num_cat=0
split_feature=4 1 12 4 8 9 8 7 6 6 7 0 10 1
split_gain=4.34739 3.39453 3.76871 4.75614 2.72627 3.51942 4.77155 2.40753 1.16431 3.03781 2.63568 1.05728 0.818892 0.0874628
threshold=0.70050001144409191 0.48299999535083776 0.22999999672174457 0.71549999713897716 0.0027499999850988392 0.0032500000670552258 0.0017500000540167095 -0.0019000000320374963 0.0021000000415369873 0.00070000000414438557 0.0021000000415369873 0.62299999594688427 -0.1013333350419998 0.45600000023841863
decision_type=2 2 2 2 2 2 2 2 2 2 2 2 2 2
left_child=8 13 -3 4 5 6 12 -6 9 11 -11 -1 -4 -2
right_child=1 2 3 -5 7 -7 -8 -9 -10 10 -12 -13 -14 -15
leaf_value=-0.022689243914528982 0.074482001455391536 0.072544732365332112 -0.013794362893593813 -0.12224204967084823 0.02339499217923215 0.10104568968383865 0.084643856454040461 -0.078796965158594245 -0.074011807646493538 -0.030398778354410766 0.093438326511986872 -0.074620413290846288 -0.078299485155532242 0.05456257115720916
leaf_weight=2.7763899713754672 2.2101945504546197 2.1673193350434294 1.3278563469648366 1.2903843224048603 1.3172895610332491 1.6132175922393797 1.4786842092871664 2.243227556347847 2.1986748650670043 1.2555247917771342 1.2198627591133115 2.8705784901976585 1.5189796537160851 1.2380558103322981
leaf_count=15 15 16 8 6 9 10 8 16 17 10 7 20 9 9
internal_value=0 0.0144244 0.000344587 -0.0141583 0.000523874 0.0254125 -0.00279521 -0.0409889 -0.0352785 -0.0247936 0.0306277 -0.0490879 -0.0482122 0.0673302
internal_weight=0 16.4052 12.957 10.7896 9.49925 5.93874 4.32552 3.56052 10.321 8.12236 2.47539 5.64697 2.84684 3.44825
internal_count=175 106 82 66 60 35 25 25 69 52 17 35 17 24
is_linear=0
shrinkage=0.06


Tree=25
num_leaves=15
num_cat=0
split_feature=4 0 9 7 12 15 4 12 10 7 3 1 9 6
split_gain=4.0471 3.21343 2.4079 2.60142 3.59069 2.45092 2.22625 1.49456 1.39837 1.73437 3.00643 1.24022 0.322659 0.0751754
threshold=0.68150001764297496 0.63449999690055858 0.0032500000670552258 -0.0014999999548308549 0.22999999672174457 0.75000000000000011 0.71050000190734874 0.31500001251697546 -0.079333335161209093 0.0042999999132007369 0.47349999845027929 0.55950000882148754 -0.00075000003562308837 -0.00050000000919681032
decision_type=2 2 2 2 2 2 2 2 2 2 2 2 2 2
left_child=8 2 3 5 -5 -2 11 -7 -1 10 -10 -3 -6 -9
right_child=1 6 -4 4 12 7 -8 13 9 -11 -12 -13 -14 -15
leaf_value=-0.076393236704537612 -0.034329984318424676 0.047311826336284835 0.096818119379683501 0.057734122103542729 -0.038570599041980493 0.011387048740959726 -0.071561773276709692 0.074143260393983362 0.0438456362919745 -0.077908025907531694 -0.069497378115553621 -0.025053451227929409 -0.079644236971818771 0.092332539131803615
leaf_weight=2.6592609882354736 1.2491202056407962 1.4256030470132821 1.5965913832187641 1.4388035163283337 1.3697341680526731 1.6438478976488102 2.3197095990180969 2.4904494136571906 2.1785974428057702 1.4472275301814077 1.3737251088023184 2.1211538687348366 1.3844466581940653 1.2180609479546527
leaf_count=17 7 8 11 12 9 10 19 17 15 10 12 13 8 7
internal_value=0 0.0107248 0.0280449 0.0178727 -0.0190858 0.0413473 -0.0258583 0.0590086 -0.0412399 -0.0225418 1.45532e-05 0.00403345 -0.0592171 0.0801175
internal_weight=0 18.2575 12.3911 10.7945 4.19298 6.60148 5.86647 5.35236 7.65881 4.99955 3.55232 3.54676 2.75418 3.70851
internal_count=175 121 81 70 29 41 40 34 54 37 27 21 17 24
is_linear=0
shrinkage=0.06


Tree=26
num_leaves=15
num_cat=0
split_feature=2 8 8 9 7 12 12 7 12 6 9 7 7 2
split_gain=2.43735 3.65488 6.1594 3.64012 4.96115 3.11435 3.69749 1.44343 1.14932 0.605692 0.504466 0.500112 0.161065 0.118142
threshold=0.71999999880790722 0.0027499999850988392 0.0017500000540167095 0.0017500000540167095 -0.0014999999548308549 0.2950000017881394 0.22999999672174457 -0.0049000000581145278 0.17000000178813937 0.0029999999096617107 0.0037500001490116124 0.001300000003539026 -0.0026999999536201354 0.78150001168251049
decision_type=2 2 2 2 2 2 2 2 2 2 2 2 2 2
left_child=3 2 -2 4 5 6 -1 -7 -4 11 -5 -6 -9 -3
right_child=1 13 8 10 9 7 -8 12 -10 -11 -12 -13 -14 -15
leaf_value=0.045411707483271203 -0.074490148760722574 -0.059996974060460222 0.014645434836461906 0.048307430231492011 -0.045047603848869848 0.019661898491877491 -0.093418306844050752 0.10367875560351499 0.078964058150167021 -0.012891420316706913 0.098645635769181714 -0.090856499773621216 0.073378575557192988 -0.080565901793597863
leaf_weight=1.4099653512239447 2.3958994522690755 1.8423935323953626 1.9789431840181348 1.5409776344895356 2.0560812950134308 1.9528618454933155 1.3536816239356995 1.2480885758995999 2.0221609473228455 1.0844006538391111 1.3398715779185293 1.4723520278930662 1.2785066291689893 2.2124636322259903
leaf_count=10 17 15 15 12 13 13 9 7 13 9 9 9 9 15
internal_value=0 -0.0266553 0.00159287 0.0112251 -0.00347431 0.0274996 -0.0225896 0.0584027 0.0471521 -0.0521098 0.0717195 -0.0641628 0.0883463 -0.0712201
internal_weight=0 10.4519 6.397 14.7368 11.8559 7.2431 2.76365 4.47946 4.0011 4.61283 2.88085 3.52843 2.5266 4.05486
internal_count=175 75 45 100 79 48 19 29 28 31 21 22 16 30
is_linear=0
shrinkage=0.06


Tree=27
num_leaves=15
num_cat=0
split_feature=5 10 5 5 8 4 15 12 12 7 0 0 9 7
split_gain=2.77556 2.05103 2.74138 2.41203 2.76852 2.22676 3.03623 1.72929 7.65975 1.57185 1.02378 0.663552 0.437444 0.299878
threshold=0.26299999654293066 0.65716665983200084 0.67000001668930065 0.5365000069141389 0.0012500000302679839 0.66400000452995311 0.75000000000000011 0.31500001251697546 0.22999999672174457 0.003299999982118607 0.62299999594688427 0.64949998259544384 0.0012500000302679839 0.00070000000414438557
decision_type=2 2 2 2 2 2 2 2 2 2 2 2 2 2
left_child=-1 2 3 4 -2 10 -7 8 -8 -4 -6 -5 -9 -13
right_child=1 -3 9 11 5 6 7 12 -10 -11 -12 13 -14 -15
leaf_value=0.072292194319541841 -0.077890568397910587 -0.073385546825666753 0.082386776271056977 -0.0054876736172882103 -0.00036001618889261531 -0.04568641577307922 0.072622625758737513 0.079689855032214776 -0.11483211522701461 0.0028114877470368309 -0.073784839356186127 -0.038910262268691043 0.03575554566631832 -0.072200777115162984
leaf_weight=1.814132004976275 1.3475090414285755 1.46848765015602 2.0403105244040485 1.1956916004419316 1.4524241313338273 1.7224775031209087 2.409838244318951 3.1334957480430603 1.1636754423379896 1.59004520624876 1.2915317043662069 1.8370552510023119 1.1030656471848486 2.0736849755048752
leaf_count=14 8 12 13 11 10 11 18 20 6 14 9 14 7 17
internal_value=0 -0.0046961 -0.000185099 -0.00943405 0.00374776 0.0127086 0.0264185 0.042321 0.0115801 0.0475339 -0.0349198 -0.0446033 0.0682508 -0.0565627
internal_weight=0 23.8293 22.3608 18.7304 13.624 12.2765 9.53255 7.81008 3.57351 3.63036 2.74396 5.10643 4.23656 3.91074
internal_count=184 170 158 131 89 81 62 51 24 27 19 42 27 31
is_linear=0
shrinkage=0.06


Tree=28
num_leaves=15
num_cat=0
split_feature=1 10 5 1 8 4 15 0 12 12 0 0 9 7
split_gain=2.58035 1.9114 2.42874 2.30311 2.5458 2.26578 2.81875 1.53028 1.50471 7.10305 0.863715 0.515237 0.433216 0.305817
threshold=0.44400000572204595 0.65716665983200084 0.67000001668930065 0.55799999833107006 0.0012500000302679839 0.66400000452995311 0.75000000000000011 0.67350000143051159 0.31500001251697546 0.22999999672174457 0.62299999594688427 0.64949998259544384 0.0012500000302679839 0.00070000000414438557
decision_type=2 2 2 2 2 2 2 2 2 2 2 2 2 2
left_child=-1 2 3 4 -2 10 -7 -4 9 -8 -6 -5 -10 -13
right_child=1 -3 7 11 5 6 8 -9 12 -11 -12 13 -14 -15
leaf_value=0.071461145273936988 -0.076588537196527751 -0.072540554761048162 0.071937302016912216 -0.0058096527697610659 -0.0057499277142297025 -0.044020115964453044 0.071638001479741115 -0.010680634598603862 0.078384240207032482 -0.10996679188976444 -0.07282410798246175 -0.03723013466284069 0.03415552468652485 -0.071396455345528215
leaf_weight=1.7277464047074342 1.2899477705359554 1.3985872119665135 2.4337772876024242 0.9579080194234838 1.5744897797703736 1.6816874593496418 2.4109568968415149 1.20754899084568 2.9986620843410492 1.1428800001740453 1.2318737357854841 1.805743955075741 1.0859904810786245 1.9742516055703161
leaf_count=14 8 12 19 9 11 11 19 8 20 6 9 14 7 17
internal_value=0 -0.00454547 -0.00018236 -0.00915242 0.00354721 0.0120716 0.0263031 0.0445393 0.0417854 0.0132356 -0.0351926 -0.0451144 0.0666251 -0.0550748
internal_weight=0 23.1943 21.7957 18.1544 13.4165 12.1265 9.32018 3.64133 7.63849 3.55384 2.80636 4.7379 4.08465 3.78
internal_count=184 170 158 131 91 83 63 27 52 25 20 40 27 31
is_linear=0
shrinkage=0.06


Tree=29
num_leaves=15
num_cat=0
split_feature=1 10 5 1 8 6 3 12 12 0 7 6 0 3
split_gain=2.40073 1.78249 2.18394 2.0949 2.35478 1.69025 2.11506 1.83098 3.62955 1.38466 1.18375 0.679179 0.488665 0.317332
threshold=0.44400000572204595 0.65716665983200084 0.67000001668930065 0.55799999833107006 0.0012500000302679839 -0.0013000000035390256 0.56700000166893016 0.31500001251697546 0.22999999672174457 0.67350000143051159 -0.0056999998632818452 0.0019000000320374968 0.64949998259544384 0.53499999642372142
decision_type=2 2 2 2 2 2 2 2 2 2 2 2 2 2
left_child=-1 2 3 4 -2 6 -6 8 11 -4 -8 -7 -5 -14
right_child=1 -3 9 12 5 7 10 -9 -10 -11 -12 -13 13 -15
leaf_value=0.070693686120127136 -0.075399368718935558 -0.071754910097664201 0.068848209451134512 -0.0054633860594345846 -0.0658145662781663 0.01008979308486471 -0.030081338300583502 0.063635863556040631 -0.084748693096124747 -0.01008606259183226 0.0480096027538243 0.071885416957715012 -0.063137688730929897 -0.020785311457879704
leaf_weight=1.6442548856139207 1.2333990037441349 1.3311210349202145 2.3917215242981906 0.95751491189002891 1.857750579714782 1.2336780056357302 1.1787533760070799 3.2320303246378899 1.1865722760558126 1.2021806836128233 1.7163076996803286 1.331153869628906 2.8327610939741139 0.82160517573356617
leaf_count=14 8 12 19 9 13 10 8 23 9 8 10 10 25 6
internal_value=0 -0.00440804 -0.000174504 -0.00888635 0.003464 0.011752 -0.0158488 0.0305367 0.00201995 0.0424442 0.0162141 0.0421619 -0.0436183 -0.0536157
internal_weight=0 22.5065 21.1754 17.5815 12.9696 11.7362 4.75281 6.98343 3.7514 3.5939 2.89506 2.56483 4.61188 3.65437
internal_count=184 170 158 131 91 83 31 52 29 27 18 20 40 31
is_linear=0
shrinkage=0.06


Tree=30
num_leaves=15
num_cat=0
split_feature=4 15 1 8 3 12 0 8 2 1 4 2 0 2
split_gain=2.76725 3.28524 2.18048 3.39469 2.55573 1.82436 1.34817 1.14622 0.547764 0.519929 0.163925 0.00946634 0.00469488 0.00398366
threshold=0.66400000452995311 0.75000000000000011 0.48299999535083776 0.0017500000540167095 0.49400000274181372 0.31500001251697546 0.67050001025199901 0.0027499999850988392 0.54150000214576732 0.49149999022483831 0.70449998974800121 0.71999999880790722 0.65349999070167553 0.77949997782707225
decision_type=2 2 2 2 2 2 2 2 2 2 2 2 2 2
left_child=6 7 -3 8 10 -6 9 -2 -4 -1 -5 -9 13 -11
right_child=1 2 3 4 5 -7 -8 11 -10 12 -12 -13 -14 -15
leaf_value=-0.019931215576368812 0.00028028791275927007 0.068951637226562362 -0.020805159241240542 0.04102771604009519 -0.056061375530207402 0.029855359484004983 0.0088670577758421451 -0.074177954796714796 -0.072602519764632209 -0.069765171976413923 0.069275817279607174 -0.06639013242449307 -0.06744228793295938 -0.075028351599119011
leaf_weight=0.94557146728039043 1.3281941041350411 2.6830890700221035 1.4876214712858185 0.97697169333696354 1.5590721443295481 2.072404257953167 1.4074656665325163 1.0207110717892649 1.4527470022439954 1.1056811138987548 3.0432746037840843 1.2500102259218691 1.1428366228938101 0.97356251627206791
leaf_count=7 8 25 10 7 9 12 11 7 11 10 29 15 12 7
internal_value=0 0.00685232 0.0206368 0.00839812 0.0294544 -0.00703057 -0.0419049 -0.0439939 -0.0463967 -0.0590512 0.0624112 -0.0698908 -0.0705316 -0.0722295
internal_weight=0 16.8741 13.2752 10.5921 7.65172 3.63148 5.57512 3.59892 2.94037 4.16765 4.02025 2.27072 3.22208 2.07924
internal_count=180 133 103 78 57 21 47 30 21 36 36 22 29 17
is_linear=0
shrinkage=0.06


Tree=31
num_leaves=15
num_cat=0
split_feature=2 8 8 9 4 12 12 8 6 15 7 4 3 3
split_gain=2.60654 2.85003 4.34008 3.09834 3.74875 2.0002 5.87724 1.80754 1.083 1.1211 0.409698 0.674478 0.212302 0.0497089
threshold=0.54150000214576732 0.0027499999850988392 0.0017500000540167095 0.0027499999850988392 0.70449998974800121 0.22999999672174457 0.2950000017881394 0.0012500000302679839 0.0023000000510364775 0.75000000000000011 -0.0019000000320374963 0.71950000524520885 0.5014999806880952 0.53949999809265148
decision_type=2 2 2 2 2 2 2 2 2 2 2 2 2 2
left_child=5 2 -2 4 -4 10 12 -8 9 -9 -1 -12 -7 -11
right_child=1 -3 3 -5 -6 6 7 8 -10 13 11 -13 -14 -15
leaf_value=0.081124328592575207 -0.071304317846356005 -0.07323202720895472 -0.068163167036383768 0.12893692039018256 0.070693757667137744 -0.068189771630221663 -0.032784466297547013 0.0061560280399946352 -0.012842351216194151 0.084357103460778002 -0.0023009940845802857 0.067376149123558021 -0.10484512736256776 0.068452988725705224
leaf_weight=1.2047344073653223 2.1865490302443487 3.3672178573906422 1.3587760627269749 0.94620915502309788 1.4434997513890266 1.2894825041294082 1.474961571395397 1.2226723954081524 1.0463288575410841 1.0549298971891414 0.88737109303474704 1.1460997834801674 1.0178182348608968 2.1481106504797935
leaf_count=9 18 31 14 5 13 13 10 7 8 8 6 12 5 21
internal_value=0 -0.0291402 -0.00412485 0.035062 0.00336439 0.0128107 -0.00139111 0.0261651 0.0420547 0.0550334 0.0533972 0.0369703 -0.0843595 0.0736911
internal_weight=0 9.30225 5.93503 3.74848 2.80228 12.4925 9.2543 6.947 5.47204 4.42571 3.23821 2.03347 2.3073 3.20304
internal_count=180 81 50 32 27 99 72 54 44 36 27 18 18 29
is_linear=0
shrinkage=0.06


Tree=32
num_leaves=15
num_cat=0
split_feature=2 8 8 9 4 12 12 8 6 15 4 3 3 0
split_gain=2.41564 2.65878 4.03048 2.74247 3.49825 1.83897 5.39647 1.64276 1.00655 1.09166 0.397811 0.168501 0.0411786 0.0258273
threshold=0.54150000214576732 0.0027499999850988392 0.0017500000540167095 0.0027499999850988392 0.70449998974800121 0.22999999672174457 0.2950000017881394 0.0012500000302679839 0.0023000000510364775 0.75000000000000011 0.71950000524520885 0.5014999806880952 0.53949999809265148 0.68050000071525585
decision_type=2 2 2 2 2 2 2 2 2 2 2 2 2 2
left_child=5 2 -2 4 -4 10 11 -8 9 -9 -1 -7 -11 -3
right_child=1 13 3 -5 -6 6 7 8 -10 12 -12 -13 -14 -15
leaf_value=0.023782744340958083 -0.070554304721033551 -0.069054077488634305 -0.067637975606290382 0.12282789207161053 0.069997040080431061 -0.067658837959307994 -0.031077890394947846 0.0057729251607921972 -0.012094182239749413 0.082704842306225435 0.068277354988775171 -0.10090835933443083 0.067903268305134726 -0.081000939853087983
leaf_weight=1.1371093019843128 2.0804357379674894 2.2948391698300843 1.2892803847789769 0.9340393766760825 1.3725550621747971 1.2236279398202881 1.4629786014556883 1.2254923135042179 1.0444532111287115 1.0127345174551021 1.9881351366639137 0.99477528780698765 2.0388926416635513 0.90966783463954914
leaf_count=7 18 24 14 5 13 13 10 7 8 8 20 5 21 7
internal_value=0 -0.0287518 -0.0040849 0.0343718 0.00333247 0.0124338 -0.00133159 0.0252312 0.0407113 0.0536062 0.0520881 -0.0825686 0.0728154 -0.0724454
internal_weight=0 8.88082 5.67631 3.59587 2.66184 12.1282 9.00295 6.78455 5.32157 4.27712 3.12524 2.2184 3.05163 3.20451
internal_count=180 81 50 32 27 99 72 54 44 36 27 18 29 31
is_linear=0
shrinkage=0.06


Tree=33
num_leaves=15
num_cat=0
split_feature=15 12 12 0 9 8 8 15 6 3 1 3 9 10
split_gain=2.18456 2.40115 4.10736 4.83991 3.47028 2.41849 1.90297 0.847315 0.650015 1.10201 0.423183 0.123927 0.0954302 0.0308917
threshold=0.75000000000000011 0.31500001251697546 0.22999999672174457 0.62299999594688427 -0.0012500000302679835 0.0017500000540167095 0.0022500000195577745 1.0000000180025095e-35 0.00070000000414438557 0.4434999972581864 0.55099999904632579 0.52649998664855968 -0.00075000003562308837 -0.31283333897590632
decision_type=2 2 2 2 2 2 2 2 2 2 2 2 2 2
left_child=7 2 3 10 13 -6 -7 -1 -5 -10 12 -4 -2 -3
right_child=1 4 11 8 5 6 -8 -9 9 -11 -12 -13 -14 -15
leaf_value=-0.01652673976393847 0.069236392599186139 0.069077789792836394 -0.068232874381527045 -0.069618318303286672 -0.05625709786405593 0.072836085849614415 -0.027704865368990545 -0.074106406389345306 -0.067166098702302557 0.028629014647547798 0.033611836173943567 -0.09457544032913065 0.095769803293090636 0.081501138827843184
leaf_weight=1.8060847446322441 0.97222284972667705 2.6081968992948537 1.605556055903435 1.4759704768657687 1.9779765158891658 1.6107710339128973 1.1699703484773634 1.8754003979265716 0.80136590451002099 0.9387502521276474 0.94339582324028004 1.0722872465848921 0.97972678393125723 0.99560757726430882
leaf_count=15 9 25 17 14 15 15 7 16 9 10 11 6 7 6
internal_value=0 0.00507982 -0.0168179 0.0103326 0.028095 -0.00554074 0.0305344 -0.0458586 -0.0403297 -0.015487 0.0666072 -0.0787812 0.0825541 0.0725099
internal_weight=0 17.1518 8.78928 6.11143 8.36252 4.75872 2.78074 3.68149 3.21609 1.74012 2.89535 2.67784 1.95195 3.6038
internal_count=182 151 83 60 68 37 22 31 33 19 27 23 16 31
is_linear=0
shrinkage=0.06


Tree=34
num_leaves=15
num_cat=0
split_feature=15 12 12 0 9 8 8 15 6 3 1 3 9 10
split_gain=1.992 2.21297 3.80449 4.44947 3.24534 2.20998 1.77322 0.821564 0.624225 1.02168 0.420716 0.100149 0.0845679 0.0252308
threshold=0.75000000000000011 0.31500001251697546 0.22999999672174457 0.62299999594688427 -0.0012500000302679835 0.0017500000540167095 0.0022500000195577745 1.0000000180025095e-35 0.00070000000414438557 0.4434999972581864 0.55099999904632579 0.52649998664855968 -0.00075000003562308837 -0.31283333897590632
decision_type=2 2 2 2 2 2 2 2 2 2 2 2 2 2
left_child=7 2 3 10 13 -6 -7 -1 -5 -10 12 -4 -2 -3
right_child=1 4 11 8 5 6 -8 -9 9 -11 -12 -13 -14 -15
leaf_value=-0.015678482352987536 0.068631917704471163 0.068486137731647787 -0.067710690846922578 -0.068994587232444907 -0.054632677694890365 0.072038591029341723 -0.026082954578481119 -0.073181008743815806 -0.066708137429265402 0.026797716035631265 0.032086893301193208 -0.091872536296721569 0.09421417041716465 0.079965432407222301
leaf_weight=1.790078304708004 0.92342316359281551 2.4768801555037503 1.5233613811433317 1.4021994695067408 1.9164858385920505 1.5332480445504191 1.1682147607207296 1.7878369912505176 0.75972127169370629 0.94260579347610474 0.92938024550676335 1.0386328995227812 0.93744325637817572 0.95508136600255955
leaf_count=15 9 25 17 14 15 15 7 16 9 10 11 6 7 6
internal_value=0 0.00497187 -0.0164621 0.0100688 0.0274892 -0.00535307 0.0296071 -0.0444117 -0.0393503 -0.0149324 0.0650543 -0.0775059 0.0815194 0.0716807
internal_weight=0 16.5067 8.45677 5.89477 8.04991 4.61795 2.70146 3.57792 3.10453 1.70233 2.79025 2.56199 1.86087 3.43196
internal_count=182 151 83 60 68 37 22 31 33 19 27 23 16 31
is_linear=0
shrinkage=0.06


Tree=35
num_leaves=15
num_cat=0
split_feature=4 15 12 1 12 4 0 8 6 10 9 8 1 10
split_gain=2.50895 2.41479 2.13876 1.37407 1.56847 2.93536 1.22143 1.5212 0.685207 1.40677 0.636866 0.633049 0.0145201 0.00312605
threshold=0.70050001144409191 0.75000000000000011 0.10500000044703485 0.48299999535083776 0.22999999672174457 0.71549999713897716 0.69099998474121105 0.0017500000540167095 -0.00050000000919681032 -0.064500002190470682 0.0032500000670552258 0.0027499999850988392 0.5365000069141389 0.21733333170413974
decision_type=2 2 2 2 2 2 2 2 2 2 2 2 2 2
left_child=2 11 -1 -3 -5 6 7 -6 12 -10 -11 -2 -4 -9
right_child=1 3 8 4 5 -7 -8 13 9 10 -12 -13 -14 -15
leaf_value=0.053873803772337359 0.0023035785463363209 0.067495515919954799 -0.075642970573125523 0.066729329381963493 -0.010446133765811364 -0.088637867220927577 -0.031718635405973784 0.07128122526772393 0.023040664684910638 -0.067259085762916879 -0.0047714212040645592 -0.066771330723681452 -0.065812664363259485 0.066354800359773869
leaf_weight=0.93731766939163463 0.71323504298925522 2.2333584837615454 1.0660973861813547 1.5902788788080213 1.4177667349576952 1.1034356653690336 1.2256449833512304 1.4565685614943507 1.2974002733826635 2.3105350658297543 0.78722115606069554 1.4459832794964311 1.0980801247060297 0.68025535717606533
leaf_count=6 6 25 7 19 11 6 7 12 9 27 6 18 14 9
internal_value=0 0.0134348 -0.0309046 0.0262001 0.0138602 -0.000429655 0.0199317 0.0377411 -0.0430193 -0.0294114 -0.0513793 -0.0439544 -0.0706552 0.0697129
internal_weight=0 11.8665 7.49665 9.70731 7.47395 5.88367 4.78024 3.55459 6.55933 4.39516 3.09776 2.15922 2.16418 2.13682
internal_count=182 113 69 89 64 45 39 32 63 42 33 24 21 21
is_linear=0
shrinkage=0.06


Tree=36
num_leaves=15
num_cat=0
split_feature=7 6 7 3 9 7 7 1 0 12 6 1 12 4
split_gain=1.64335 1.81345 1.77495 1.3746 1.37959 2.25055 1.3912 1.22103 2.19217 1.18629 0.641783 0.518 0.74245 0.374131
threshold=-0.0019000000320374963 -0.00050000000919681032 -0.0056999998632818452 0.33550000190734869 0.0032500000670552258 0.0039000001270323996 0.0039000001270323996 0.56749999523162853 0.61449998617172252 0.33500000834465032 0.00070000000414438557 0.49149999022483831 0.35500000417232519 0.70050001144409191
decision_type=2 2 2 2 2 2 2 2 2 2 2 2 2 2
left_child=2 -2 9 -3 6 -6 7 8 13 -1 -10 12 -4 -5
right_child=1 3 11 4 5 -7 -8 -9 10 -11 -12 -13 -14 -15
leaf_value=-0.064488385536577555 -0.051636188424616959 -0.068821901994433624 -0.0029530378585950687 -0.070393331990128635 0.099553236398066944 -0.021643963796432207 0.058794801851225632 -0.05917978672637781 0.086516173428092424 0.029744078047553371 0.012742939827313698 0.072148147708882421 0.067760020774295354 -0.018540075300444901
leaf_weight=1.0503994971513746 3.1904840841889408 0.93108509480952761 1.1917856484651599 0.86484933272004028 1.3031223230063917 0.95639440044760693 1.004748687148094 1.7617978006601331 0.89922069013118722 0.88712820410728443 0.80414716526865959 1.8293232023715971 0.96924312785267819 1.1904354542493818
leaf_count=8 30 11 10 8 10 12 11 18 7 10 10 14 11 10
internal_value=0 -0.0123884 0.0257743 0.0004998 0.00784715 0.0482536 -0.00614462 -0.0179639 0.00135526 -0.0213425 0.0516884 0.0486521 0.0287625 -0.0403596
internal_weight=0 12.9063 5.92788 9.7158 8.78472 2.25952 6.5252 5.52045 3.75865 1.93753 1.70337 3.99035 2.16103 2.05528
internal_count=180 127 53 97 86 22 64 53 35 18 17 35 21 18
is_linear=0
shrinkage=0.06


Tree=37
num_leaves=15
num_cat=0
split_feature=7 0 6 10 3 2 0 0 7 6 6 4 3 1
split_gain=1.49135 1.69628 1.64524 1.34242 1.27923 1.68434 2.47889 1.1406 0.8752 0.691393 0.457563 0.379859 0.224544 0.214159
threshold=-0.0019000000320374963 0.51300001144409191 -0.00050000000919681032 -0.37266665697097773 0.33550000190734869 0.42049999535083776 0.64849999547004711 0.67050001025199901 -0.0056999998632818452 0.00070000000414438557 0.0023000000510364775 0.70050001144409191 0.53949999809265148 0.45600000023841863
decision_type=2 2 2 2 2 2 2 2 2 2 2 2 2 2
left_child=1 3 12 13 -4 11 10 -8 -3 -9 -7 -6 -2 -1
right_child=2 8 4 -5 5 6 7 9 -10 -11 -12 -13 -14 -15
leaf_value=0.067306536208386211 -0.06313347875629495 -0.042279292638684539 -0.068283735530719827 -0.015266517507074131 -0.069335030728749358 0.084166075629734383 -0.059524497522870236 -0.01767596379312639 0.022285086636033166 0.040893861073762694 0.02634824994934909 -0.017426378339330945 -0.030304250111763291 0.10676076622803823
leaf_weight=1.2180414944887168 1.849154908210042 1.3311366066336634 0.88356333971023104 0.65565554797649639 0.88461727648973321 1.8657065071165564 1.0833214670419695 1.4031364619731905 1.7488248124718664 1.502548813819885 0.66960293427109707 1.1905214264988897 1.2618646398186681 0.83467952907085408
leaf_count=14 18 11 11 9 9 19 14 12 13 13 9 10 12 6
internal_value=0 0.024839 -0.0119554 0.0594761 0.000465746 0.00752951 0.0225052 -0.00697941 -0.00561916 0.0126109 0.0688958 -0.0395547 -0.0498176 0.0833495
internal_weight=0 5.78834 12.594 2.70838 9.48302 8.59945 6.52432 3.98901 3.07996 2.90569 2.53531 2.07514 3.11102 2.05272
internal_count=180 53 127 29 97 86 67 39 24 25 28 19 30 20
is_linear=0
shrinkage=0.06


Tree=38
num_leaves=15
num_cat=0
split_feature=7 6 7 10 2 2 8 12 9 4 1 12 4 6
split_gain=1.35008 1.49596 1.46938 1.19137 1.52351 1.90858 1.19247 1.08645 0.853381 1.42408 0.479299 0.733072 0.3751 0.348554
threshold=-0.0019000000320374963 -0.00050000000919681032 -0.0056999998632818452 0.65716665983200084 0.42049999535083776 0.78049999475479137 0.0027499999850988392 0.33500000834465032 0.0032500000670552258 0.70699998736381542 0.49149999022483831 0.35500000417232519 0.70050001144409191 0.0025000000605359678
decision_type=2 2 2 2 2 2 2 2 2 2 2 2 2 2
left_child=2 -2 7 4 12 13 8 -1 9 -7 11 -4 -3 -6
right_child=1 3 10 -5 5 6 -8 -9 -10 -11 -12 -13 -14 -15
leaf_value=-0.062762735530893191 -0.048128253457059116 -0.068737497298560921 -0.0057026886466571966 -0.067780253600653664 0.072623298072741316 -0.065839340318361278 -0.069319944634506997 0.029144595508584985 0.062167141700423603 0.034724965339846862 0.068072315181151852 0.066812296793795606 -0.016378646638413253 0.020374522163860147
leaf_weight=0.99214956164360024 3.0299556478858003 0.84012248367070652 1.1693247221410308 0.83810148760676462 2.0361803323030476 0.89367034658789757 0.82939235121011723 0.86823923513293266 0.86591813713312138 1.171413756906986 1.7663103789091108 0.87924226745963086 1.1906731277704237 0.59365179762244213
leaf_count=8 30 9 10 11 23 12 9 10 5 10 14 11 10 8
internal_value=0 -0.0115335 0.0238486 0.000441737 0.00723152 0.0216184 -0.00580342 -0.0198698 0.01217 -0.00879449 0.0451686 0.0254206 -0.038039 0.0608288
internal_weight=0 12.2891 5.67527 9.25912 8.42102 6.39023 3.76039 1.86039 2.931 2.06508 3.81488 2.04857 2.0308 2.62983
internal_count=180 127 53 97 86 67 36 18 27 22 35 21 19 31
is_linear=0
shrinkage=0.06


Tree=39
num_leaves=15
num_cat=0
split_feature=4 15 8 1 8 3 12 0 6 4 10 0 10 10
split_gain=2.38635 1.35803 1.84293 1.2469 1.3605 1.33847 1.07635 1.37722 0.396108 0.27863 0.278154 0.479175 0.0509955 0.0102737
threshold=0.66400000452995311 0.75000000000000011 0.0027499999850988392 0.48299999535083776 0.0017500000540167095 0.47349999845027929 0.31500001251697546 0.69099998474121105 0.00090000001364387583 0.70699998736381542 0.34600000083446508 0.48650000989437109 0.43149998784065252 0.32566666603088384
decision_type=2 2 2 2 2 2 2 2 2 2 2 2 2 2
left_child=8 2 -2 -3 9 12 -7 -8 10 -5 11 -1 13 -6
right_child=1 3 -4 4 5 6 7 -9 -10 -11 -12 -13 -14 -15
leaf_value=-9.3421490223050886e-05 0.024285248312182102 0.065982988458730824 -0.067951342701669401 -0.004034577574543988 0.075586395455727096 -0.03221106081894181 0.070010808863969251 -0.021137250766849438 -0.066337273362174404 -0.048076132949982968 0.0066063540933470706 -0.065858011978303821 0.048693903788340043 0.065621556079113422
leaf_weight=0.65322892367840157 1.4704654216766369 1.7923618741333456 1.6604079864919183 0.8668136857449994 0.64065375924110435 1.6544395163655279 1.3777233660221102 1.052807569503784 1.6044591255486009 1.2819250375032423 0.6264636144042014 1.0242403745651243 0.56450102850794781 0.88976002857089043
leaf_count=6 10 24 20 10 5 15 13 6 22 10 4 14 8 13
internal_value=0 0.00990295 -0.0246309 0.0205858 0.0108161 0.0251155 0.00511896 0.0305292 -0.0434481 -0.0303095 -0.0275081 -0.0402484 0.0641076 0.069793
internal_weight=0 13.2519 3.13087 10.121 8.32862 6.17989 4.08497 2.43053 3.90839 2.14874 2.30393 1.67747 2.09491 1.53041
internal_count=180 134 30 104 80 60 34 19 46 20 24 20 26 18
is_linear=0
shrinkage=0.06


Tree=40
num_leaves=15
num_cat=0
split_feature=10 0 12 9 8 8 8 12 12 10 7 12 7 1
split_gain=1.43751 1.37971 1.32847 1.04924 3.08369 1.46671 1.10767 1.74467 1.66795 0.74981 0.919099 0.697289 0.547816 0.489617
threshold=-0.20899999886751172 0.50949999690055858 0.33500000834465032 0.0037500001490116124 0.0027499999850988392 0.0017500000540167095 0.0022500000195577745 0.31500001251697546 0.22999999672174457 -1.0000000180025095e-35 -0.0019000000320374963 0.17000000178813937 -0.0026999999536201354 0.57899999618530285
decision_type=2 2 2 2 2 2 2 2 2 2 2 2 2 2
left_child=1 12 -3 5 -5 -2 7 13 11 10 -10 -8 -1 -7
right_child=3 2 -4 4 -6 6 8 -9 9 -11 -12 -13 -14 -15
leaf_value=0.089220002741695628 -0.06796877908651483 -0.041622497006238789 0.035621301798210735 0.083757961326435412 -0.066675190869388876 -0.056916196849813756 -0.015355093965951054 0.074949285438863297 -0.065943733367320539 -0.07427250227628189 0.030472070405174231 0.065170934803384081 0.022125170725544822 0.016316384800097346
leaf_weight=1.2082856781780718 2.0027915835380536 1.4728047437965872 1.7586474083364008 1.2533653676509851 0.80602281913161267 0.75217491760849975 0.77414269372820832 1.1914145611226556 0.70254532992839813 1.96525639295578 0.72143834084272385 0.77432743832468987 0.68726722523570316 0.58371829986572266
leaf_count=13 22 10 18 13 11 10 10 11 9 21 7 11 8 6
internal_value=0 0.0242544 0.000415757 -0.0139334 0.02488 -0.0223759 -0.0101438 0.0221615 -0.0266789 -0.05025 -0.0170962 0.0249127 0.0648935 -0.0249172
internal_weight=0 5.12701 3.23145 11.5272 2.05939 9.46781 7.46502 2.52731 4.93771 3.38924 1.42398 1.54847 1.89555 1.33589
internal_count=180 49 28 131 24 107 85 27 58 37 16 21 21 16
is_linear=0
shrinkage=0.06


Tree=41
num_leaves=15
num_cat=0
split_feature=4 15 8 1 8 3 8 10 3 5 8 4 10 10
split_gain=2.07838 1.17604 1.64513 1.13719 1.19582 1.18553 1.09325 1.93935 0.381237 0.409403 0.452 0.267452 0.0502783 0.00697192
threshold=0.66400000452995311 0.75000000000000011 0.0027499999850988392 0.48299999535083776 0.0017500000540167095 0.47349999845027929 0.0022500000195577745 -1.0000000180025095e-35 0.4434999972581864 0.59400001168251049 0.0032500000670552258 0.70699998736381542 0.43149998784065252 0.32566666603088384
decision_type=2 2 2 2 2 2 2 2 2 2 2 2 2 2
left_child=8 2 -2 -3 11 12 -7 -8 -1 10 -10 -5 13 -6
right_child=1 3 -4 4 5 6 7 -9 9 -11 -12 -13 -14 -15
leaf_value=-0.067454496324158425 0.022246734470572394 0.06540645302649721 -0.067198821496274458 -0.0027637829973668317 0.073763108754509477 0.062888524016645894 0.029615413460296017 -0.068380058445650399 -0.065541141270931288 0.016468147924443791 -0.0025802355432025231 -0.046920792656491003 0.046877407184951245 0.065196974717183401
leaf_weight=1.3334094732999831 1.4496353715658199 1.6346884258091412 1.5127595849335191 0.83071077242493663 0.59163038805127122 0.90704974159598384 1.6966696195304396 1.272126108407974 1.0850711017847063 0.57986078411340702 0.66026986390352238 1.2175354957580564 0.51420086994767178 0.81081090494990349
leaf_count=18 10 24 20 10 5 9 15 10 15 6 7 10 8 13
internal_value=0 0.00956755 -0.023429 0.0198836 0.0103927 0.0243263 0.00523822 -0.0123756 -0.0418781 -0.0272111 -0.0417228 -0.029012 0.0629264 0.0688107
internal_weight=0 12.4378 2.96239 9.47542 7.84073 5.79249 3.87585 2.9688 3.65861 2.3252 1.74534 2.04825 1.91664 1.40244
internal_count=180 134 30 104 80 60 34 25 46 28 22 20 26 18
is_linear=0
shrinkage=0.06


Tree=42
num_leaves=15
num_cat=0
split_feature=4 8 10 9 8 1 5 0 7 10 10 9 4 1
split_gain=1.64483 1.19102 1.90991 1.00411 0.901968 0.739413 1.44477 0.699356 1.21475 0.414596 0.0812535 0.0247583 0.00137903 0.00047811
threshold=0.70050001144409191 0.0032500000670552258 -0.079333335161209093 0.0032500000670552258 0.0012500000302679839 0.54199999570846569 0.44150000810623174 0.64849999547004711 0.001300000003539026 -0.6131666600704192 0.17083333432674411 0.0037500001490116124 0.70449998974800121 0.59099999070167553
decision_type=2 2 2 2 2 2 2 2 2 2 2 2 2 2
left_child=3 4 -3 5 -2 6 -1 9 -9 -6 -4 12 -11 -7
right_child=1 2 10 -5 7 13 -8 8 -10 11 -12 -13 -14 -15
leaf_value=-0.070619833806311968 -0.011931955933919946 0.036140857102612521 -0.078692061858186862 0.027782186753412326 0.013594302921336851 -0.064197433871459542 0.019771994460174892 0.050663232368316574 -0.046009309192220238 0.067838540187097868 -0.048975400392832026 0.07810477992039172 0.064135691650079998 -0.066415740679054328
leaf_weight=1.058326579630376 1.4745434075593928 1.2263970337808134 0.82613871246576287 1.0605367980897424 0.60529841482639213 1.524273235350847 1.597325801849365 1.2016492262482641 0.7663615085184573 0.48572987318039107 0.55294511280953884 0.72477337718009938 1.4223312102258203 0.45393832772970188
leaf_count=10 13 13 7 9 6 26 13 12 9 5 10 9 26 6
internal_value=0 0.0160742 -0.0183337 -0.0248833 0.0294933 -0.0369367 -0.0162508 0.0412263 0.0130181 0.0583701 -0.0667771 0.0686643 0.0650783 -0.0647065
internal_weight=0 9.28617 2.60548 5.6944 6.68069 4.63386 2.65565 5.20614 1.96801 3.23813 1.37908 2.63283 1.90806 1.97821
internal_count=174 110 30 64 80 55 23 67 21 46 17 40 31 32
is_linear=0
shrinkage=0.06


Tree=43
num_leaves=15
num_cat=0
split_feature=4 8 10 9 8 1 5 0 7 3 10 9 4 1
split_gain=1.49783 1.0871 1.75081 0.917147 0.837517 0.722564 1.34333 0.66318 1.10134 0.412302 0.0799181 0.0208817 0.00113279 0.000396643
threshold=0.70050001144409191 0.0032500000670552258 -0.079333335161209093 0.0032500000670552258 0.0012500000302679839 0.54199999570846569 0.44150000810623174 0.64849999547004711 0.001300000003539026 0.64900001883506786 0.17083333432674411 0.0037500001490116124 0.70449998974800121 0.59099999070167553
decision_type=2 2 2 2 2 2 2 2 2 2 2 2 2 2
left_child=3 4 -3 5 -2 6 -1 9 -9 11 -4 12 -6 -7
right_child=1 2 10 -5 7 13 -8 8 -10 -11 -12 -13 -14 -15
leaf_value=-0.069936471145415388 -0.011257263657553416 0.034485255718645552 -0.077487488307656088 0.02575697031368104 0.067330632291526762 -0.063937625056203248 0.018474212460045589 0.048839083556224315 -0.044322567949476081 0.012847890067339005 -0.047480501367668244 0.0770226528315959 0.063883460715083773 -0.066014003160574194
leaf_weight=1.0061361938714992 1.4693101197481135 1.208717789500952 0.7897529751062391 1.0748266875743864 0.46078870445489961 1.4411622956395147 1.6066633909940717 1.1726460196077821 0.74835916236042965 0.60213656350970257 0.53664134815335274 0.69186307117342938 1.3446291200816629 0.43002546951174725
leaf_count=10 13 13 7 9 5 26 13 12 9 6 10 9 26 6
internal_value=0 0.0155702 -0.0177479 -0.0240216 0.0285854 -0.0359537 -0.015571 0.040246 0.0125464 0.057414 -0.0653471 0.0681597 0.0647633 -0.0644148
internal_weight=0 9.02484 2.53511 5.55881 6.48973 4.48399 2.6128 5.02042 1.92101 3.09942 1.32639 2.49728 1.80542 1.87119
internal_count=174 110 30 64 80 55 23 67 21 46 17 40 31 32
is_linear=0
shrinkage=0.06


Tree=44
num_leaves=15
num_cat=0
split_feature=4 12 1 4 8 10 9 8 9 8 5 1 3 7
split_gain=1.36322 1.02554 1.02208 1.3904 1.01259 1.45424 1.19207 1.97989 0.840906 0.908074 1.13826 1.1145 0.407993 0.00646541
threshold=0.70050001144409191 0.22999999672174457 0.47949999570846563 0.71549999713897716 0.0027499999850988392 -0.079333335161209093 0.0032500000670552258 0.0017500000540167095 -0.0012500000302679835 0.0017500000540167095 0.67000001668930065 0.54199999570846569 0.49850000441074377 -0.00050000000919681032
decision_type=2 2 2 2 2 2 2 2 2 2 2 2 2 2
left_child=8 -2 -3 4 6 -6 7 12 -1 -10 11 -11 -4 -7
right_child=1 2 3 -5 5 13 -8 -9 9 10 -12 -13 -14 -15
leaf_value=-0.06920609590311684 0.064455058580630997 0.065197615684677121 -0.067232098118888708 -0.079311720597663823 0.028323617965376514 -0.073154815182712343 0.083866243650756622 0.070200536850717171 -0.067632550558413648 0.014953405735888122 0.06830246633838033 -0.063734481310110253 -0.0051191181330573115 -0.064328913911981228
leaf_weight=1.1312221772968767 1.2911654785275439 0.93610726669430722 0.78648648411035604 0.7395765259861945 1.0470896586775782 0.54313008114695549 0.99105375073850144 1.0402612052857874 0.8253919221460827 1.6732422225177295 0.74159341678023327 1.0575317945331333 0.73789112269878387 0.66421336494386174
leaf_count=12 23 15 9 5 11 5 11 11 11 15 6 20 7 13
internal_value=0 0.0150715 0.00655372 -0.00182788 0.00803511 -0.023422 0.02798 0.0063839 -0.0231791 -0.0110642 0.00238226 -0.0155196 -0.0371657 -0.0682993
internal_weight=0 8.77697 7.48581 6.5497 5.81013 2.25443 3.55569 2.56464 5.42898 4.29776 3.47237 2.73077 1.52438 1.20734
internal_count=174 110 87 72 67 29 38 27 64 52 41 35 16 18
is_linear=0
shrinkage=0.06


Tree=45
num_leaves=15
num_cat=0
split_feature=10 12 12 5 15 4 5 12 0 10 8 6 8 12
split_gain=1.12476 1.1571 1.50754 2.54016 1.45301 1.88292 1.24328 1.02993 1.40692 1.59913 0.754343 0.447549 0.252474 0.252082
threshold=0.65716665983200084 0.10500000044703485 0.14999999850988391 0.67000001668930065 0.75000000000000011 0.68549999594688427 0.37849999964237219 0.22999999672174457 0.5275000035762788 -0.1013333350419998 0.0017500000540167095 -1.0000000180025095e-35 0.0012500000302679839 0.34499999880790716
decision_type=2 2 2 2 2 2 2 2 2 2 2 2 2 2
left_child=1 -1 -3 4 -4 11 12 -8 -9 -10 -11 -6 -7 -5
right_child=-2 2 3 13 5 6 7 8 9 10 -12 -13 -14 -15
leaf_value=0.086321431012250302 -0.066369208343534991 -0.069980046251527067 -0.068159951701369043 0.095349203472799876 -0.011398194639979388 0.021331972340593652 0.065782543304698696 -0.080429593352317211 0.068970395179823688 -0.066437585320138326 0.0054796326218006508 -0.064769025382731604 0.067392760994866574 0.051726489665893931
leaf_weight=0.61355021595954795 0.82429577969014722 0.97030902653932471 1.1310394387692131 0.8482621945440757 0.95691567286849055 0.57321784645319018 0.76880100369453419 0.81585779041051854 1.0441720560193011 0.82702226936817735 1.4380193985998628 1.3833089880645326 1.6957897432148454 1.0892852116376162
leaf_count=5 13 9 14 10 13 6 11 5 11 11 12 23 27 13
internal_value=0 0.00572989 0.00207852 0.00764015 -0.0038721 0.0037793 0.0190451 0.00202416 -0.00985866 0.00753998 -0.0207791 -0.0429457 0.0557565 0.0708246
internal_weight=0 14.1556 13.542 12.5717 10.6341 9.5031 7.16288 4.89387 4.12507 3.30921 2.26504 2.34022 2.26901 1.93755
internal_count=183 170 165 156 133 119 83 50 39 34 23 36 33 23
is_linear=0
shrinkage=0.06


Tree=46
num_leaves=15
num_cat=0
split_feature=10 12 12 5 15 4 5 12 2 10 8 3 3 4
split_gain=1.05071 1.07124 1.40274 2.27646 1.35787 1.73105 1.15125 0.962237 1.30049 1.48657 0.713781 0.395165 0.680507 0.295945
threshold=0.65716665983200084 0.10500000044703485 0.14999999850988391 0.67000001668930065 0.75000000000000011 0.68549999594688427 0.37849999964237219 0.22999999672174457 0.35900001227855688 -0.1013333350419998 0.0017500000540167095 0.47349999845027929 0.45450000464916235 0.71050000190734874
decision_type=2 2 2 2 2 2 2 2 2 2 2 2 2 2
left_child=1 -1 -3 4 -4 11 -7 -8 -9 -10 -11 12 -6 -5
right_child=-2 2 3 13 5 6 7 8 9 10 -12 -13 -14 -15
leaf_value=0.084827545235612978 -0.065989057081983299 -0.069318516537217892 -0.067649337153612502 0.10167643124728232 -0.063897858561379903 0.054720877531531008 0.065422707889723167 -0.078965558996903634 0.068404090642342999 -0.066037146361529644 0.0051555599855492426 -0.064918754512706039 0.033592466621058886 0.051213961748355172
leaf_weight=0.58768530189990897 0.78062863461673337 0.92225715890526672 1.0729678533971228 0.61894869059324165 0.50899761915207464 2.1765917167067528 0.72789064422249783 0.78215362131595645 0.99125719442963145 0.78343939781189487 1.4367475658655164 1.2267615273594854 0.52220394462347031 1.2911632098257539
leaf_count=5 13 9 14 4 10 33 11 5 11 11 12 20 6 19
internal_value=0 0.00558375 0.00201824 0.00743798 -0.00378996 0.00369352 0.0186196 0.00197704 -0.00958685 0.00731048 -0.0199663 -0.0419057 -0.0145284 0.0675657
internal_weight=0 13.6491 13.0614 12.1391 10.229 9.15604 6.89808 4.72149 3.9936 3.21144 2.22019 2.25796 1.0312 1.91011
internal_count=183 170 165 156 133 119 83 50 39 34 23 36 16 23
is_linear=0
shrinkage=0.06


Tree=47
num_leaves=15
num_cat=0
split_feature=10 12 12 5 15 4 1 8 9 2 6 3 15 0
split_gain=0.981472 0.992762 1.30539 2.03013 1.26915 1.59358 1.07114 1.39068 1.15883 0.902915 0.44909 0.311971 0.257683 0.320291
threshold=0.65716665983200084 0.10500000044703485 0.14999999850988391 0.67000001668930065 0.75000000000000011 0.68549999594688427 0.48299999535083776 0.0017500000540167095 -0.0037500001490116115 0.90049999952316295 -1.0000000180025095e-35 0.53249999880790722 0.75000000000000011 0.67050001025199901
decision_type=2 2 2 2 2 2 2 2 2 2 2 2 2 2
left_child=1 -1 -3 4 -4 10 -7 11 -9 -10 -6 -8 -5 -14
right_child=-2 2 3 12 5 6 7 8 9 -11 -12 -13 13 -15
leaf_value=0.083407354493549718 -0.065632342891655635 -0.068705747610185483 -0.067172806899976165 0.03568708447544832 -0.0090537067174856784 0.064400823095802057 -0.066754008071238616 -0.029449591617918255 0.06917156214198561 -0.0082387462765158345 -0.064285136560216033 -0.013904509081873306 0.051939167810212794 0.11461948573569246
leaf_weight=0.56259758770465751 0.73904257267713624 0.87605909258127113 1.0174332745373167 0.71322990953922261 0.91602357849478755 1.4190789796411989 0.81867375969886758 0.98164520412682943 1.8839222714304984 0.76178058609366406 1.257592696696525 0.79023340716958046 0.62480930984020122 0.55345067381858826
leaf_count=5 13 9 14 6 13 26 10 8 23 6 23 10 14 3
internal_value=0 0.00542442 0.00194628 0.00721942 -0.00371718 0.00359534 0.018163 0.0056321 0.0262254 0.0468827 -0.041009 -0.0407964 0.0641512 0.0813813
internal_weight=0 13.1765 12.6139 11.7379 9.84638 8.82895 6.65533 5.23626 3.62735 2.6457 2.17362 1.60891 1.89149 1.17826
internal_count=183 170 165 156 133 119 83 57 37 29 36 20 23 17
is_linear=0
shrinkage=0.06


Tree=48
num_leaves=15
num_cat=0
split_feature=10 1 1 0 0 15 0 5 7 7 7 3 5 7
split_gain=1.12004 1.00985 1.50975 1.20485 0.988609 1.34896 0.895033 0.46198 0.912429 0.784178 0.662016 0.324939 0.321807 0.319508
threshold=0.50966665148735057 0.60899999737739574 0.55799999833107006 0.49349999427795416 0.50450000166893016 0.75000000000000011 0.67350000143051159 0.38850000500679022 -0.00070000000414438535 0.001300000003539026 -0.0019000000320374963 0.45149999856948858 0.35999999940395361 0.0030999999726191167
decision_type=2 2 2 2 2 2 2 2 2 2 2 2 2 2
left_child=1 2 3 12 -5 -6 -3 -7 10 -10 -9 -4 -1 -11
right_child=-2 6 11 4 5 7 -8 8 9 13 -12 -13 -14 -15
leaf_value=-0.0059679245181436733 -0.051341674287461787 0.079230584826531281 -0.0087529730859321388 0.093435657537578334 -0.067481578256996702 0.060818601197014717 -0.0035543522901482468 0.025799617546746187 0.091275886018158392 -0.020143593067692044 -0.045387945233677701 -0.061969547589852382 -0.067152546637193056 0.0498054854239652
leaf_weight=0.56323661655187407 1.1856646072119481 1.2654538340866559 0.59754535555839527 0.67714029178023327 0.61030891910195073 1.127416275441649 0.74809015169739712 0.88353062421083461 0.81107378378510742 0.5282418318092823 1.0054918751120538 1.3378681465983389 0.68685459345579147 0.42359409481287003
leaf_count=11 23 16 13 8 8 18 7 9 7 9 11 23 8 7
internal_value=0 0.00996631 0.00158611 0.0140514 0.0251035 0.0165185 0.0484736 0.027245 0.0168803 0.0479254 -0.0120922 -0.0455393 -0.0395854 0.0109857
internal_weight=0 11.2658 9.2523 7.31689 6.0668 5.38966 2.01354 4.77935 3.65193 1.76291 1.88902 1.93541 1.25009 0.951836
internal_count=178 155 132 96 77 69 23 61 43 23 20 36 19 16
is_linear=0
shrinkage=0.06


Tree=49
num_leaves=15
num_cat=0
split_feature=10 5 5 0 0 15 6 5 5 3 10 9 3 0
split_gain=1.02483 0.908007 1.35805 1.01761 0.932388 1.2361 0.867669 0.446729 0.843346 0.564676 0.424106 0.42333 0.35248 0.186627
threshold=0.50966665148735057 0.67000001668930065 0.5365000069141389 0.49349999427795416 0.50450000166893016 0.75000000000000011 0.00070000000414438557 0.38850000500679022 0.47650000452995306 0.52649998664855968 0.23766666650772098 -0.0012500000302679835 0.45149999856948858 0.61449998617172252
decision_type=2 2 2 2 2 2 2 2 2 2 2 2 2 2
left_child=1 2 3 11 -5 -6 -3 -7 -9 10 -10 -1 -4 -2
right_child=13 6 12 4 5 7 -8 8 9 -11 -12 -13 -14 -15
leaf_value=0.006884894655796751 -0.011310741539824637 -0.00069587642428623148 -0.0079625423026121658 0.092021410936769368 -0.067011783363198574 0.059805191541836618 0.079983167667880245 -0.02300576338584448 0.089506010251381912 -0.002734790419961549 0.024275034810457084 -0.066917875784214112 -0.061275829326578567 -0.065135798634234784
leaf_weight=0.46724182367324829 0.32282802462577886 0.82083297334611316 0.68734737113118161 0.64721172675490368 0.57867406308650693 1.0792106650769735 1.1553107444196937 1.2878965325653555 0.79820427671074889 0.79509399458765972 0.65182627737522125 0.69741833582520285 1.2737923320382831 0.82337836176156998
leaf_count=10 8 10 15 8 8 18 13 14 8 9 11 8 23 15
internal_value=0 0.00965636 0.00154028 0.0138991 0.0241149 0.0156482 0.0464714 0.0260191 0.0156987 0.0379011 0.060183 -0.0373095 -0.0425904 -0.049976
internal_weight=0 10.9401 8.96392 7.00278 5.83812 5.19091 1.97614 4.61223 3.53302 2.24512 1.45003 1.16466 1.96114 1.14621
internal_count=178 155 132 94 76 68 23 60 42 28 19 18 38 23
is_linear=0
shrinkage=0.06


Tree=50
num_leaves=15
num_cat=0
split_feature=4 6 8 8 8 0 0 1 6 9 4 3 9 9
split_gain=0.979304 1.42782 1.05496 1.29916 1.2224 1.00599 1.06469 0.950779 0.753275 0.88018 1.80137 0.38287 0.206179 0.124244
threshold=0.71950000524520885 0.0021000000415369873 0.0027499999850988392 0.0037500001490116124 0.0017500000540167095 0.64949998259544384 0.5365000069141389 0.48450000584125524 -0.00029999999242136249 0.0032500000670552258 0.68549999594688427 0.64900001883506786 -0.0017500000540167091 -0.00075000003562308837
decision_type=2 2 2 2 2 2 2 2 2 2 2 2 2 2
left_child=1 2 4 13 5 6 -1 -6 -9 10 -10 -2 -3 -4
right_child=11 12 3 -5 7 -7 -8 8 9 -11 -12 -13 -14 -15
leaf_value=-0.030432041606626634 0.06367430732767923 -0.013425985128470722 -0.03136530403220536 0.032936970837190119 -0.033849086733870465 -0.065996801608800906 0.066372738129515246 0.10665954694949527 -0.064153561394343486 0.095128377659183624 0.069398067603268776 -0.0042078612482413288 -0.063929552926004524 -0.067720311005500661
leaf_weight=0.85910708829760396 1.2276374809443957 0.37154584378004085 0.47817901149392139 0.89138603955507267 0.48495407029986415 0.81227951496839512 0.78068014606833458 0.7967484630644307 0.63255718536675176 0.67717243544757355 0.85507065989077091 0.39547771215438832 1.3424744009971605 1.1578344833105803
leaf_count=10 26 5 9 12 8 13 6 6 12 9 11 4 30 17
internal_value=0 -0.0030624 0.00709229 -0.0253413 0.0209893 -0.011393 0.0156554 0.0440282 0.0567806 0.0384228 0.0126103 0.0471346 -0.052982 -0.0570944
internal_weight=0 10.14 8.42597 2.5274 5.89857 2.45207 1.63979 3.4465 2.96155 2.1648 1.48763 1.62312 1.71402 1.63601
internal_count=178 148 113 38 75 29 16 46 38 32 23 30 35 26
is_linear=0
shrinkage=0.06


Tree=51
num_leaves=15
num_cat=0
split_feature=12 8 2 9 10 0 3 1 3 7 0 1 4 7
split_gain=1.00205 1.37762 1.17222 0.980435 1.01548 1.04704 1.17633 0.563047 0.506032 0.498537 0.77002 0.432916 0.31091 0.0570216
threshold=0.10500000044703485 0.0027499999850988392 0.47900000214576727 0.0032500000670552258 0.14766667038202289 0.49349999427795416 0.58649998903274547 0.639499992132187 0.53949999809265148 -0.0019000000320374963 0.53349998593330394 0.55550000071525585 0.70699998736381542 0.0023000000510364775
decision_type=2 2 2 2 2 2 2 2 2 2 2 2 2 2
left_child=-1 3 8 4 5 -2 9 -5 -3 -7 -11 -12 -6 -14
right_child=1 2 -4 7 12 6 -8 -9 -10 10 11 -13 13 -15
leaf_value=0.083289673802300554 -0.064832511122914008 -0.022738248144364894 -0.066271805376674028 0.094763142418091001 -0.063216064000532257 0.083266205579801522 -0.022392400123425228 0.017723755955090504 0.045355007482096608 -0.02825404069626138 0.08393377183553917 0.016012573489893486 0.0034958320748853427 -0.026869019234139105
leaf_weight=0.51387487351894456 0.5069689452648144 1.0397094525396826 1.856902554631233 0.71280051022767998 0.84783921763300873 0.94406360574066495 1.2388554085046051 0.65568061359226704 0.63154231570661057 0.57361705601215529 0.77947236597537972 0.59624247252941132 0.42299161106348038 0.47003908269107342
leaf_count=5 8 15 32 4 20 11 14 14 12 7 11 10 6 10
internal_value=0 -0.00238308 -0.0334616 0.0117679 0.00188339 0.0165467 0.0265308 0.0578512 0.00299323 0.0474781 0.0301459 0.0544963 -0.0371928 -0.0124864
internal_weight=0 11.2767 3.52815 7.74857 6.38009 4.63922 4.13225 1.36848 1.67125 2.8934 1.94933 1.37571 1.74087 0.893031
internal_count=179 174 59 115 97 61 53 18 27 39 28 21 36 16
is_linear=0
shrinkage=0.06


Tree=52
num_leaves=15
num_cat=0
split_feature=10 8 2 9 10 10 0 7 0 10 1 1 1 4
split_gain=0.835465 0.889755 1.50023 0.932392 0.855691 0.928402 1.13998 0.581907 0.902788 0.53059 0.72366 0.526727 0.422931 0.307021
threshold=-0.75583332777023304 0.0027499999850988392 0.47900000214576727 0.0032500000670552258 0.14766667038202289 -0.50716666877269734 0.49700000882148748 -0.0019000000320374963 0.53349998593330394 0.10783333331346513 0.49750000238418585 0.639499992132187 0.55550000071525585 0.70699998736381542
decision_type=2 2 2 2 2 2 2 2 2 2 2 2 2 2
left_child=-1 3 9 4 5 -2 -7 -8 -9 10 -3 -5 -10 -6
right_child=1 2 -4 11 13 6 7 8 12 -11 -12 -13 -14 -15
leaf_value=0.087218417209040444 -0.040555449617770627 0.04314607638962991 -0.065902025856018856 0.091915003168008616 -0.063021842736470823 -0.053129018325217776 0.081223251002207009 -0.032779582298005525 0.082881810381928572 0.058388250260268247 -0.047356366970455643 0.016750989828364458 0.015046666008935013 -0.011798474554481594
leaf_weight=0.39349622651934701 0.88855810090899279 0.53956924192607425 1.7582791130989788 0.69144631177186944 0.80085088685154893 0.52730597928166423 0.95333933271467586 0.66642851009965109 0.74311476200818993 0.58745407126843918 0.77478697896003723 0.65224160812795162 0.59644068777561188 0.88869308494031429
leaf_count=3 9 11 32 4 20 10 11 8 11 11 9 14 10 16
internal_value=0 -0.001749 -0.0259514 0.0102081 0.000188923 0.0141942 0.0281469 0.0426291 0.0242873 0.0109841 -0.0102033 0.0554295 0.052678 -0.0360786
internal_weight=0 11.0685 3.66009 7.40842 6.06473 4.37519 3.48663 2.95932 2.00598 1.90181 1.31436 1.34369 1.33956 1.68954
internal_count=179 176 63 113 95 59 50 40 29 31 20 18 21 36
is_linear=0
shrinkage=0.06


Tree=53
num_leaves=15
num_cat=0
split_feature=12 8 2 9 10 1 8 6 9 1 3 4 7 9
split_gain=0.863265 1.16113 1.05895 0.794654 0.842457 0.757425 0.94748 0.938686 0.747146 0.494926 0.450052 0.303436 0.158803 0.123707
threshold=0.10500000044703485 0.0027499999850988392 0.47900000214576727 0.0032500000670552258 0.14766667038202289 0.49549999833107 0.0017500000540167095 -0.0042999999132007352 -0.0017500000540167091 0.639499992132187 0.53949999809265148 0.70699998736381542 -0.00090000001364387561 -0.0032500000670552249
decision_type=2 2 2 2 2 2 2 2 2 2 2 2 2 2
left_child=-1 3 10 4 5 7 -7 -2 13 -5 -3 -6 -8 -9
right_child=1 2 -4 9 11 6 12 8 -10 -11 -12 -13 -14 -15
leaf_value=0.080429213800763538 -0.081490387625332852 -0.021638576682994907 -0.065554608269133091 0.089359662223162356 -0.062839755084778681 -0.01626067215442983 0.048282149554717539 0.063504185109637304 -0.04103721025233404 0.015824871504274463 0.044088597380493671 -0.01111187789779936 0.086587033811406242 0.020290654698787727
leaf_weight=0.4747415632009514 0.51196251809596893 1.0119458362460139 1.6643938729539511 0.66922448202967622 0.75633203983306863 0.7586682848632339 0.87507290393114101 0.54440308921038971 0.59077006950974553 0.64908855967223644 0.59587536193430413 0.88704171776771545 0.70235741324722734 0.42439271882176399
leaf_count=5 3 15 32 4 20 12 11 12 12 14 12 16 6 5
internal_value=0 -0.00226443 -0.0320072 0.0109423 0.00174584 0.0154161 0.0388378 -0.010997 0.0121441 0.0531539 0.0027206 -0.0349187 0.0653376 0.044574
internal_weight=0 10.6415 3.27222 7.36931 6.051 4.40763 2.3361 2.07153 1.55957 1.31831 1.60782 1.64337 1.57743 0.968796
internal_count=179 174 59 115 97 61 29 32 29 18 27 36 17 17
is_linear=0
shrinkage=0.06


Tree=54
num_leaves=15
num_cat=0
split_feature=10 1 0 1 8 4 4 15 10 1 4 8 2 4
split_gain=0.719373 0.675634 0.879625 0.845248 0.596452 1.06671 0.63366 0.914606 0.458612 0.303131 0.223643 0.289375 0.0710748 0.00210176
threshold=0.50966665148735057 0.60899999737739574 0.67350000143051159 0.55799999833107006 0.0012500000302679839 0.7305000126361848 0.68150001764297496 0.75000000000000011 -0.079333335161209093 0.54800000786781322 0.70699998736381542 0.0027499999850988392 0.77949997782707225 0.70449998974800121
decision_type=2 2 2 2 2 2 2 2 2 2 2 2 2 2
left_child=1 3 -3 4 -1 6 8 -8 -6 13 -5 -12 -2 -9
right_child=12 2 -4 10 5 -7 7 9 -10 -11 11 -13 -14 -15
leaf_value=-0.037304877874749613 -0.02873588091066449 0.079720975431836788 -0.0097162808716989325 -0.062219305051443068 -0.028873096486317404 -0.04819191480865604 -0.014613882125710397 0.06837067282557753 0.035492292834063376 0.016905495680140461 0.0054114841776488395 -0.054239176424372981 -0.064958144790135369 0.064422968741215406
leaf_weight=0.81394673138856699 0.32396548986435014 0.97438711673021206 0.66678528860211372 0.66568301804363716 1.0310195200145242 0.78326782025396813 0.84848611243068939 0.68145022913813935 0.64959976263344277 0.57236031442880619 0.71738347038626649 0.49464598298072815 0.48993796855211258 1.6885055135935543
leaf_count=11 8 14 7 20 15 9 10 8 10 8 9 10 11 33
internal_value=0 0.0079959 0.0433839 0.00150412 0.0110095 0.0172968 0.0266719 0.0402675 -0.00399433 0.0560938 -0.0342786 -0.0189328 -0.0505403 0.0655581
internal_weight=0 10.5875 1.64117 8.94635 7.06864 6.25469 5.47142 3.7908 1.68062 2.94232 1.87771 1.21203 0.813903 2.36996
internal_count=183 164 21 143 104 93 84 59 25 49 39 19 19 41
is_linear=0
shrinkage=0.06


Tree=55
num_leaves=15
num_cat=0
split_feature=10 1 1 6 8 4 4 15 10 1 4 8 2 4
split_gain=0.660655 0.615569 0.771453 0.556018 0.539289 0.961959 0.590982 0.859208 0.408565 0.30602 0.221292 0.268386 0.0733541 0.00174106
threshold=0.50966665148735057 0.60899999737739574 0.55799999833107006 0.00070000000414438557 0.0012500000302679839 0.7305000126361848 0.68150001764297496 0.75000000000000011 -0.079333335161209093 0.54800000786781322 0.70699998736381542 0.0027499999850988392 0.77949997782707225 0.70449998974800121
decision_type=2 2 2 2 2 2 2 2 2 2 2 2 2 2
left_child=1 2 4 -3 -1 6 8 -8 -6 13 -4 -12 -2 -9
right_child=12 3 10 -5 5 -7 7 9 -10 -11 11 -13 -14 -15
leaf_value=-0.03565077043866189 -0.027330097555979517 -0.002370115677591616 -0.062085695829762796 0.070253951204282475 -0.027637223133645319 -0.045554631823506588 -0.013850951319287158 0.067845702526993359 0.033275206482115079 0.015971411276220017 0.0050856364063700315 -0.05300862544851026 -0.064670528703969402 0.064155246215248415
leaf_weight=0.80101810395717432 0.32030797749757844 0.6213587038218964 0.62822483852505673 0.97507885284721851 1.0130615122616289 0.77903153561055649 0.84172290936112171 0.64658018201589929 0.65125699341297139 0.56957344897091378 0.71754194423556306 0.47632777690887451 0.46339594665914774 1.5966088417917488
leaf_count=11 8 8 20 13 15 9 10 8 10 8 9 10 11 33
internal_value=0 0.00773357 0.00146311 0.0419875 0.0106342 0.0167143 0.0258346 0.0393316 -0.00380185 0.0552465 -0.0332607 -0.0180927 -0.0494091 0.065219
internal_weight=0 10.3174 8.72095 1.59644 6.89885 6.09784 5.3188 3.65449 1.66432 2.81276 1.82209 1.19387 0.783704 2.24319
internal_count=183 164 143 21 104 93 84 59 25 49 39 19 19 41
is_linear=0
shrinkage=0.06


Tree=56
num_leaves=15
num_cat=0
split_feature=10 10 1 0 1 12 12 0 8 0 15 10 10 1
split_gain=0.606088 0.627028 0.6611 0.839796 0.59221 0.727979 1.282 0.925041 0.76733 0.647926 1.48019 0.465823 0.25876 0.250927
threshold=0.50966665148735057 -0.75583332777023304 0.60899999737739574 0.67350000143051159 0.56749999523162853 0.2950000017881394 0.22999999672174457 0.62299999594688427 0.0012500000302679839 0.51300001144409191 0.75000000000000011 -0.079333335161209093 0.34600000083446508 0.5275000035762788
decision_type=2 2 2 2 2 2 2 2 2 2 2 2 2 2
left_child=1 -1 4 -4 5 6 7 13 -7 -10 -11 -12 -6 -3
right_child=-2 2 3 -5 12 8 -8 -9 9 10 11 -13 -14 -15
leaf_value=0.085373450267961282 -0.048266692204185668 0.011687091584699282 0.077814939384919554 -0.011199629434218565 -0.063924108440087266 -0.034028996401842974 -0.073272475556450292 -0.044342138308542604 0.079206432530970705 -0.065742969415768543 0.066104727201429819 0.0096788208001332855 -0.0012698086989310611 0.070602672135246555
leaf_weight=0.35863741487264533 0.75519582722336132 0.44766541756689393 0.90548095479607471 0.65941917523741722 0.73136720061302163 0.78921563178300846 1.0234461240470407 0.66125795431435097 0.79200500808656249 0.59927985444664589 1.1830901205539677 0.94934750162065706 0.35127577558159828 0.62163332477211952
leaf_count=3 19 8 14 7 16 11 13 17 14 11 19 13 9 9
internal_value=0 0.00746316 0.00458688 0.0403059 -0.00227196 0.00405869 -0.0200403 0.011441 0.019447 0.0314241 0.0175706 0.0409843 -0.0435952 0.0459375
internal_weight=0 10.0731 9.71448 1.5649 8.14958 7.06694 2.754 1.73056 4.31294 3.52372 2.73172 2.13244 1.08264 1.0693
internal_count=183 164 161 21 140 115 47 34 68 57 43 32 25 17
is_linear=0
shrinkage=0.06


Tree=57
num_leaves=15
num_cat=0
split_feature=10 0 6 4 1 6 4 0 9 6 1 4 15 0
split_gain=0.46395 1.39626 0.943286 0.71436 0.806109 0.732632 0.924005 0.48796 0.566824 0.441464 0.324394 0.287958 0.192223 0.146063
threshold=-0.2923333197832107 0.51300001144409191 -0.00050000000919681032 0.61199998855590831 0.52399998903274547 0.0025000000605359678 0.71950000524520885 0.64949998259544384 0.0027499999850988392 -0.0025000000605359669 0.55799999833107006 0.68549999594688427 0.75000000000000011 0.58550000190734874
decision_type=2 2 2 2 2 2 2 2 2 2 2 2 2 2
left_child=1 12 -2 -4 11 7 -7 13 10 -3 -9 -5 -1 -6
right_child=2 9 3 4 5 6 -8 8 -10 -11 -12 -13 -14 -15
leaf_value=0.10100299897875332 -0.050644138634777923 -0.03313835341853099 -0.068223934343347045 -0.064937580877223539 0.042080489730070746 -0.062466589494737698 0.062639966760117016 0.028679545522437944 0.054159782930543299 0.028889029495200585 -0.043533552972526188 -0.0068106903820412887 0.052409936651837477 0.082873705097138053
leaf_weight=0.47629894316196442 1.374175978824496 1.1842665076255796 0.4458347875624894 0.52439360320568063 0.5354394502937796 0.64971471298485983 0.31584386713802814 0.37579977326095082 0.81624271720647812 0.63433658890426148 0.55421105213463306 0.73947087861597538 0.76177369058132194 0.77096476592123508
leaf_count=2 27 14 5 9 12 21 9 7 8 11 12 10 19 9
internal_value=0 0.0219562 -0.00600076 0.00470957 0.0108655 0.0240111 -0.021543 0.0384199 0.0176713 -0.0115029 -0.0143536 -0.0309283 0.0711042 0.0661543
internal_weight=0 3.05668 7.10209 5.72792 5.28208 4.01822 0.965559 3.05266 1.74625 1.8186 0.930011 1.26386 1.23807 1.3064
internal_count=175 46 129 102 97 78 30 48 27 25 19 19 21 21
is_linear=0
shrinkage=0.06


Tree=58
num_leaves=15
num_cat=0
split_feature=5 4 4 6 6 6 0 0 6 1 1 6 9 2
split_gain=0.437968 0.675779 0.912341 0.829325 0.5265 0.692022 0.580832 0.859745 1.11051 0.575199 0.334718 0.424106 0.145258 0.000870166
threshold=0.23449999839067462 0.7305000126361848 0.71950000524520885 0.0021000000415369873 0.00070000000414438557 -0.0049000000581145278 0.51750001311302196 0.63449999690055858 -0.0011000000522471962 0.56749999523162853 0.60899999737739574 0.0016999999643303456 -0.0017500000540167091 0.90049999952316295
decision_type=2 2 2 2 2 2 2 2 2 2 2 2 2 2
left_child=-1 2 3 4 5 -2 -7 8 -8 -9 11 -6 -5 -11
right_child=1 -3 -4 12 10 6 7 9 -10 13 -12 -13 -14 -15
leaf_value=0.063134068001072047 0.041229221626101424 -0.060641820438836536 0.063015711901473162 -0.014460095084270317 -0.01758707133026826 -0.064384553810372488 -0.027932482765471278 0.0018484889726010007 0.079670299288931712 -0.063073304819295489 0.060130308019738857 0.060222712610013281 -0.063194777685880207 -0.066730840511789652
leaf_weight=0.40876922011375505 0.94329506717622003 0.62407816015184003 0.85111419856548298 0.30073355138301849 0.71073566004633881 0.72771280258893911 0.6349940150976181 0.9224823825061319 0.75680583715438865 0.46871608309447765 0.85031779389828432 0.39086135476827621 0.82191581744700648 0.46795615926384926
leaf_count=11 9 5 22 4 15 13 12 15 9 12 10 7 25 6
internal_value=0 -0.000297917 0.00395851 -0.00232727 0.00548152 -0.00497556 -0.0159302 -0.00508386 0.0305777 -0.0317808 0.0318502 0.0100209 -0.0501398 -0.0649006
internal_weight=0 9.47172 8.84764 7.99653 6.87388 4.92196 3.97867 3.25095 1.3918 1.85915 1.95191 1.1016 1.12265 0.936672
internal_count=175 164 159 137 108 76 67 54 21 33 32 22 29 18
is_linear=0
shrinkage=0.06


Tree=59
num_leaves=15
num_cat=0
split_feature=3 5 10 8 8 12 4 7 12 3 6 10 6 3
split_gain=0.43209 0.33035 0.600333 0.628242 0.695643 0.742916 0.630869 0.591312 0.554338 0.535746 0.441768 0.243854 0.0322143 0.00454562
threshold=0.33550000190734869 0.67000001668930065 -0.2923333197832107 0.0017500000540167095 0.0022500000195577745 0.22999999672174457 0.68549999594688427 0.003299999982118607 0.2950000017881394 0.58649998903274547 0.0014999999548308553 -1.0000000180025095e-35 -0.0013000000035390256 0.52649998664855968
decision_type=2 2 2 2 2 2 2 2 2 2 2 2 2 2
left_child=-1 2 8 -4 6 10 -5 -3 -2 12 -6 -7 -10 -13
right_child=1 7 3 4 5 11 -8 -9 9 -11 -12 13 -14 -15
leaf_value=-0.064015444475891248 -0.011930151973456718 0.055599681348923145 -0.063810977129270641 -0.010635146178452513 -0.036393929618015151 -0.020658316643238552 0.069083108037885449 -0.018469298792931903 0.086056147192865876 0.0085342881389968272 0.050966835427487638 -0.064418356695277262 0.063260977641518654 -0.07296475488337309
leaf_weight=0.34158513508737165 1.1434578169137233 1.0712876915931699 0.76336940750479598 0.71892104111611865 0.32569753006100688 0.64009230583906074 0.71063387580215931 0.60835606046020974 0.43652739003300667 0.88505006209015846 0.57853341475129128 0.4118280494585641 0.4566665571182964 0.49133990705013275
leaf_count=10 15 12 17 14 8 14 9 14 4 15 15 10 12 6
internal_value=0 0.00470248 -0.000643749 -0.014058 -0.00426186 -0.0236856 0.0289929 0.0287724 0.0206615 0.0416188 0.0195001 -0.0489892 0.0744016 -0.0690678
internal_weight=0 9.24176 7.56212 4.64042 3.87705 2.44749 1.42955 1.67964 2.9217 1.77824 0.904231 1.54326 0.893194 0.903168
internal_count=175 165 139 93 76 53 23 26 46 31 23 30 16 16
is_linear=0
shrinkage=0.06


Tree=60
num_leaves=15
num_cat=0
split_feature=10 8 2 9 10 0 0 6 1 6 4 1 1 10
split_gain=0.587082 0.592317 0.948767 0.719451 0.614211 0.577891 0.610355 0.798708 0.406026 0.399521 0.322707 0.293201 0.358319 0.159188
threshold=-0.75583332777023304 0.0027499999850988392 0.47900000214576727 0.0032500000670552258 0.14766667038202289 0.49349999427795416 0.50450000166893016 -0.00050000000919681032 0.639499992132187 0.0002999999924213626 0.70699998736381542 0.49750000238418585 0.51649999618530285 -0.44133333861827845
decision_type=2 2 2 2 2 2 2 2 2 2 2 2 2 2
left_child=-1 3 11 4 5 -2 -7 13 -5 -9 -6 -3 -13 -8
right_child=1 2 -4 8 10 6 7 9 -10 -11 -12 12 -14 -15
leaf_value=0.080884858558722045 -0.051576524034855277 0.045974415405691603 -0.055722531853060531 0.079303251848847678 -0.062578741722586331 0.077616046626811444 -0.046923285590419229 0.072979527557021751 0.0099350221276013288 0.0066912357850741205 -0.0058634075346913738 -0.040941538793568232 0.033225963777804735 -0.0044789629752558886
leaf_weight=0.330894526094199 0.43631929159164284 0.55762255378067516 1.5194529760628936 0.73711914569139458 0.69452636316418626 0.58166248351335559 0.59289739467203539 0.70980857312679357 0.51668710634112358 0.60741695947945118 0.7524665854871273 0.54082624241709709 0.41401942819356918 0.68635927140712749
leaf_count=3 10 13 35 5 22 10 7 9 14 11 16 6 11 13
internal_value=0 -0.000437492 -0.0222359 0.0100278 -5.15862e-05 0.013173 0.0220623 0.00961724 0.050717 0.0424118 -0.0330856 0.0114054 -0.00878264 -0.0241506
internal_weight=0 9.34718 3.03192 6.31526 5.06146 3.61446 3.17814 2.59648 1.25381 1.31723 1.44699 1.51247 0.954846 1.27926
internal_count=185 182 65 117 98 60 50 40 19 20 38 30 17 20
is_linear=0
shrinkage=0.06


Tree=61
num_leaves=15
num_cat=0
split_feature=10 0 8 8 9 0 2 12 2 9 10 12 9 6
split_gain=0.527242 0.973798 0.680952 1.0514 0.748008 0.67772 0.539888 0.498628 0.510751 0.333373 0.556173 0.845089 0.251683 0.11992
threshold=-0.20899999886751172 0.50949999690055858 0.0027499999850988392 0.0017500000540167095 0.0032500000670552258 0.54249998927116405 0.47900000214576727 0.33500000834465032 0.41850000619888311 0.0027499999850988392 1.0000000180025095e-35 0.19500000029802325 -0.0027499999850988384 -0.0049000000581145278
decision_type=2 2 2 2 2 2 2 2 2 2 2 2 2 2
left_child=1 13 3 4 -2 -5 12 -3 -9 10 -7 -12 -4 -1
right_child=2 7 6 5 -6 9 -8 8 -10 -11 11 -13 -14 -15
leaf_value=0.091396818488120382 -0.063320369154307804 -0.037590394151104309 -0.034959443455874824 -0.031972833256586571 0.021602153919893945 0.0780620253568204 -0.064718096125266536 -0.022648164468445836 0.064633483335174546 0.074290512547613569 -0.062566609671579052 0.05029060489632009 0.025483356604508033 0.051330115764456688
leaf_weight=0.4471905380487442 1.0268812663853166 0.84267531707882859 0.47746014595031738 0.53914278373122249 0.58673740178346623 0.4883210361003878 1.0896714022383092 0.43825511075556278 0.53722786717116833 0.79091828130185593 0.43446293473243713 0.5305506931617856 0.51607687026262317 0.67459945008158706
leaf_count=2 25 11 7 10 5 8 29 7 10 15 14 12 10 20
internal_value=0 0.0233405 -0.00729474 0.00609283 -0.0324412 0.0284322 -0.0355518 -0.00378364 0.0254205 0.0429434 0.025884 -0.000519327 -0.0035634 0.0673023
internal_weight=0 2.93995 6.48022 4.39701 1.61362 2.7834 2.08321 1.81816 0.975483 2.24425 1.45333 0.965014 0.993537 1.12179
internal_count=185 50 135 89 30 59 46 28 17 49 34 26 17 22
is_linear=0
shrinkage=0.06


Tree=62
num_leaves=15
num_cat=0
split_feature=7 6 0 10 12 9 10 6 0 1 4 0 6 8
split_gain=0.484471 0.665718 0.591479 0.536991 0.535187 0.590869 0.668506 0.648333 0.496033 0.438721 0.404484 0.329324 0.245418 0.153152
threshold=-0.0019000000320374963 -0.00050000000919681032 0.51300001144409191 -0.37266665697097773 0.14999999850988391 0.0027499999850988392 -1.0000000180025095e-35 0.001300000003539026 0.5275000035762788 0.49149999022483831 0.70699998736381542 0.66499999165534984 0.0025000000605359678 0.0027499999850988392
decision_type=2 2 2 2 2 2 2 2 2 2 2 2 2 2
left_child=2 13 3 -1 -3 6 8 -7 -6 -4 -8 -9 -12 -2
right_child=1 4 9 -5 5 7 10 11 -10 -11 12 -13 -14 -15
leaf_value=0.073956770238914837 -0.026474305054441021 -0.048998916346739564 -0.037027763325455126 -0.016919223136043101 -0.01115127206077811 0.072517897024181349 -0.06287403239431251 0.036945526564894686 0.075780067760074316 0.027069774752127473 0.017136487013180775 -0.062366453250320641 -0.041253995040364866 -0.065710606552794038
leaf_weight=0.9938800260424614 0.90251463279128052 0.60259350016713131 0.7103406488895414 0.30620199628174327 0.43594100512564171 0.9251403911039231 0.67605189979076419 0.23727267514914274 0.51598127745091915 0.83784860745072365 0.71248172782361485 0.24363100621849298 0.40725602023303509 0.59374641440808773
leaf_count=19 19 9 10 10 8 12 22 7 9 14 15 9 10 12
internal_value=0 -0.00713816 0.0227161 0.0525532 0.0038426 0.0115084 -0.00467946 0.043143 0.0359691 -0.00233948 -0.0262267 -0.013367 -0.00410052 -0.0420441
internal_weight=0 6.25261 2.84827 1.30008 4.75635 4.15376 2.74771 1.40604 0.951922 1.54819 1.79579 0.480904 1.11974 1.49626
internal_count=185 132 53 29 101 92 64 28 17 24 47 16 25 31
is_linear=0
shrinkage=0.06


Tree=63
num_leaves=15
num_cat=0
split_feature=10 3 10 2 8 8 9 4 7 5 1 10 10 7
split_gain=0.504181 0.851887 0.62148 0.705345 0.4861 0.621357 0.451745 0.271341 0.322373 0.246412 0.550589 0.197152 0.125627 0.0996922
threshold=-0.20899999886751172 0.49850000441074377 -0.13783333450555799 0.78049999475479137 0.0017500000540167095 0.0027499999850988392 0.0032500000670552258 0.70449998974800121 0.001300000003539026 0.34149999916553503 0.49549999833107 -0.39866666495800013 0.26316666603088384 -1.0000000180025095e-35
decision_type=2 2 2 2 2 2 2 2 2 2 2 2 2 2
left_child=9 2 -2 7 -5 6 12 8 -4 -1 -11 -12 -6 -3
right_child=1 13 3 4 5 -7 -8 -9 -10 10 11 -13 -14 -15
leaf_value=0.054203600238790436 -0.063433406029320766 -0.032105899530885586 0.049923228857971277 -0.064715721254199388 0.026333532979373547 -0.0628698850237073 0.076681328208460839 0.055310058335569047 -0.020128782211591909 -0.033822769002046345 0.011190130516959025 0.061131378526442029 -0.029671837379262614 -0.066176765993685854
leaf_weight=0.86023612879216704 0.39743747562170018 0.66586274467408657 0.45073449611663852 0.47509838081896294 0.26107715442776658 0.3519523013383149 0.42603844776749611 1.3096617693081496 0.49755245726555586 0.56212928891181935 0.51779944449663162 0.63176874071359612 0.32204358652234077 0.57714859582483746
leaf_count=21 9 12 5 9 6 13 4 33 14 9 9 8 10 15
internal_value=0 -0.00396595 0.00819948 0.0151532 -0.0124631 0.00577576 0.0297165 0.0376113 0.013168 0.0280063 0.0148405 0.0386364 -0.00459689 -0.0479255
internal_weight=0 5.73461 4.4916 4.09416 1.83621 1.36111 1.00916 2.25795 0.948287 2.57193 1.7117 1.14957 0.583121 1.24301
internal_count=177 130 103 94 42 33 20 52 19 47 26 17 16 27
is_linear=0
shrinkage=0.06


Tree=64
num_leaves=15
num_cat=0
split_feature=12 12 1 10 10 4 12 8 4 15 9 6 12 10
split_gain=0.479769 0.515775 0.440453 0.808431 0.435571 0.339756 0.363469 0.620781 0.28548 0.411206 0.362327 0.383186 0.0618346 0.00185681
threshold=0.10500000044703485 0.14999999850988391 0.60899999737739574 -1.0000000180025095e-35 0.50966665148735057 0.70699998736381542 0.35500000417232519 0.0032500000670552258 0.68150001764297496 0.75000000000000011 -0.0012500000302679835 -0.0049000000581145278 0.35500000417232519 -0.2923333197832107
decision_type=2 2 2 2 2 2 2 2 2 2 2 2 2 2
left_child=-1 -2 3 8 12 -5 7 -7 -3 -10 11 -11 -4 -13
right_child=1 2 4 5 -6 6 -8 -9 9 10 -12 13 -14 -15
leaf_value=0.07274437165654847 -0.064811653256435273 -0.01783294688364398 0.07407166104047308 -0.062386429594607461 -0.027109084135733069 0.052330563319579596 -0.062550012989866358 -0.039204329468572524 -0.016945632209315321 -0.0053311693071703874 -0.0017455801970068941 0.0624780727495933 0.0435600866068429 0.067192137646749542
leaf_weight=0.3672364056110381 0.38856918178498734 0.72901645675301541 0.45201829541474559 0.74865375552326519 0.28011325467377901 0.5202673804014919 0.38576078601181496 0.54732866585254669 0.69324737973511297 0.36147962138056788 0.6817734725773329 0.96659418661147378 0.50766447186470032 0.43670191243290857
leaf_count=5 7 14 7 28 9 11 15 7 9 4 15 30 11 5
internal_value=0 0.00254831 0.00612858 -0.00052683 0.0387177 -0.0295489 -0.0126336 0.00540301 0.0159916 0.0238452 0.0354036 0.0497552 0.0579313 0.0639451
internal_weight=0 7.69919 7.31062 6.07082 1.2398 2.20201 1.45336 1.0676 3.86881 3.1398 2.44655 1.76478 0.959683 1.4033
internal_count=177 172 165 138 27 61 33 18 77 63 54 39 18 35
is_linear=0
shrinkage=0.06


Tree=65
num_leaves=15
num_cat=0
split_feature=12 12 9 10 4 3 0 7 8 7 7 6 9 3
split_gain=0.447916 0.481984 0.407983 0.683976 0.41754 0.41658 0.369604 0.288907 0.66053 0.245376 0.42161 0.689094 0.327926 0.0884648
threshold=0.10500000044703485 0.14999999850988391 0.0032500000670552258 -1.0000000180025095e-35 0.71950000524520885 0.44750000536441809 0.68299999833107006 0.0023000000510364775 0.0027499999850988392 -0.0034999999916180964 -0.0011000000522471962 -0.00050000000919681032 -0.004249999998137354 0.53499999642372142
decision_type=2 2 2 2 2 2 2 2 2 2 2 2 2 2
left_child=-1 -2 3 5 6 -3 -5 -4 -9 12 13 -12 -7 -11
right_child=1 2 7 4 -6 9 -8 8 -10 10 11 -13 -14 -15
leaf_value=0.071984652946736491 -0.064516218348107848 -0.062225887170109052 0.070288188567957419 -0.062428557158998838 0.021296061589480254 0.039205040550181619 -0.0054219914529285169 0.072106142580805221 -0.062273449940083374 0.033543715069819555 -0.052665455235143106 0.041739099754823615 -0.024452903221240403 0.070621341332885987
leaf_weight=0.34938912093639363 0.36756545677781094 0.23337465710937966 0.55143127776682355 1.0638644290156669 0.50984127819538105 0.46274776849895716 0.66560273431241501 0.27686067577451468 0.25112412869930267 0.33422656357288383 0.43482320010662079 0.7735251188278196 0.78639703616499923 0.75488411635160446
leaf_count=5 7 7 7 39 11 12 12 9 10 7 8 14 12 17
internal_value=0 0.00247808 0.00594699 -0.000144234 -0.0264219 0.015423 -0.040489 0.0399143 0.0081915 0.0205325 0.0321695 0.00776769 -0.000870712 0.0592429
internal_weight=0 7.46627 7.0987 6.01929 2.23931 3.77998 1.72947 1.07942 0.527985 3.5466 2.29746 1.20835 1.24914 1.08911
internal_count=177 172 165 139 62 77 51 26 19 70 46 22 24 24
is_linear=0
shrinkage=0.06


Tree=66
num_leaves=15
num_cat=0
split_feature=10 12 12 5 4 12 12 9 8 8 8 7 10 0
split_gain=0.418515 0.408473 0.563439 0.515897 0.51444 0.523528 0.876519 0.648117 0.736268 0.622588 0.307234 0.285995 0.17852 0.130158
threshold=0.65716665983200084 0.10500000044703485 0.14999999850988391 0.67000001668930065 0.68150001764297496 0.22999999672174457 0.2950000017881394 -0.00075000003562308837 0.0017500000540167095 0.0027499999850988392 0.0022500000195577745 -0.0056999998632818452 -0.20899999886751172 0.63449999690055858
decision_type=2 2 2 2 2 2 2 2 2 2 2 2 2 2
left_child=1 -1 -3 4 10 -6 -7 11 -9 -10 -4 -8 -13 -5
right_child=-2 2 3 13 5 6 7 8 9 -11 -12 12 -14 -15
leaf_value=0.071269620165507794 -0.063156170291208208 -0.064361985587015613 -0.00093983374717366848 0.06608425398332006 0.062586130954986233 -0.074952510441015183 -0.00075221442316734466 -0.065076562384096301 0.059720877924773798 -0.035762744028671412 -0.062464977781969168 0.069452925027177148 0.021233394291327545 0.024549708040745428
leaf_weight=0.33224296569824208 0.32654948998242606 0.41817482560873021 0.52695424947887637 0.54193865228444316 0.5807906687259673 0.47371165454387698 0.49502542708069075 0.64008880220353626 0.55459626764059067 0.44157163985073566 0.65585654508322477 0.82055466715246428 0.41680501028895367 0.5445258840918541
leaf_count=5 13 8 13 16 18 3 11 13 10 14 21 17 8 7
internal_value=0 0.00624335 0.00320499 0.0074269 9.31821e-05 0.00949227 0.00146687 0.0122133 -0.0148666 0.0173958 -0.0350549 0.0377905 0.0532102 0.0452675
internal_weight=0 7.44284 7.11059 6.69242 5.60595 4.42314 3.84235 3.36864 1.63626 0.996168 1.18281 1.73239 1.23736 1.08646
internal_count=177 164 159 151 128 94 76 73 37 24 34 36 25 23
is_linear=0
shrinkage=0.06


Tree=67
num_leaves=15
num_cat=0
split_feature=3 12 12 5 4 12 12 9 8 8 15 8 15 5
split_gain=0.391844 0.381737 0.52669 0.469237 0.471518 0.493782 0.811685 0.589848 0.689672 0.573026 0.343129 0.298364 0.163356 0.0730815
threshold=0.33550000190734869 0.10500000044703485 0.14999999850988391 0.67000001668930065 0.68150001764297496 0.22999999672174457 0.2950000017881394 -0.00075000003562308837 0.0017500000540167095 0.0027499999850988392 0.75000000000000011 0.0022500000195577745 0.75000000000000011 0.39999999105930334
decision_type=2 2 2 2 2 2 2 2 2 2 2 2 2 2
left_child=-1 -2 -3 4 11 -6 -7 10 -9 -10 -8 -4 -5 -12
right_child=1 2 3 12 5 6 7 8 9 -11 13 -13 -14 -15
leaf_value=-0.062974203359608572 0.070596877785542564 -0.064094443880455265 -0.00088378994338375041 0.013214254241613824 0.06243202127842655 -0.073878488627566574 -0.0043881496179398018 -0.064773032781307069 0.05868384408761311 -0.034314707540908929 0.063822826733407542 -0.062317651686104654 0.062001077707106333 0.03063287628409387
leaf_weight=0.30839440273120988 0.31578555703163136 0.39541613869369019 0.52675571944564559 0.39398926496505737 0.54827722534537304 0.45241160690784488 0.51388694532215584 0.60555190593004249 0.53125099837779999 0.43286728300154209 0.84086418431252219 0.61907835025340319 0.66261474788188912 0.333583639934659
leaf_count=13 5 8 13 5 18 3 6 13 10 14 22 21 18 8
internal_value=0 0.00609687 0.00312625 0.0072401 9.06953e-05 0.00928341 0.0014298 0.0118872 -0.0145899 0.0169296 0.0365034 -0.0340757 0.0438093 0.0543957
internal_weight=0 7.17233 6.85655 6.46113 5.40453 4.25869 3.71042 3.258 1.56967 0.964118 1.68833 1.14583 1.0566 1.17445
internal_count=177 164 159 151 128 94 76 73 37 24 36 34 23 30
is_linear=0
shrinkage=0.06


Tree=68
num_leaves=15
num_cat=0
split_feature=10 4 4 8 9 8 2 1 10 0 3 4 8 2
split_gain=0.366978 0.304495 0.515224 0.240487 0.481561 0.447384 0.808921 0.600059 0.434073 0.638214 0.299223 0.24346 0.120821 0.0960118
threshold=0.65716665983200084 0.7305000126361848 0.71950000524520885 0.0017500000540167095 0.0032500000670552258 0.0027499999850988392 0.47900000214576727 0.48450000584125524 1.0000000180025095e-35 0.67050001025199901 0.45450000464916235 0.70699998736381542 0.0037500001490116124 0.35900001227855688
decision_type=2 2 2 2 2 2 2 2 2 2 2 2 2 2
left_child=1 2 3 4 11 7 10 -5 -9 -10 -7 -1 -8 -12
right_child=-2 -3 -4 5 -6 6 12 8 9 -11 13 -13 -14 -15
leaf_value=-0.0030299825197880508 -0.062802630371235943 -0.03486060730487537 0.062245331849961297 -0.044688932927024111 0.03987048145017822 -0.018364274054345688 -0.062672079337262446 0.076639549108381541 -0.044514307263847898 0.04962605754890851 0.069510662366976214 -0.064660703612170009 -0.014611251679761864 0.026100396726738081
leaf_weight=0.3809276260435579 0.29120428627356876 0.60069685801863659 0.61017159651964892 0.33719835057854686 0.37337306886911392 0.36831133440136932 0.69683250319212664 0.78162389155477274 0.38425229862332322 0.79691403452306986 0.36869081575423479 0.5852800514549017 0.25803440157324076 0.36499985121190548
leaf_count=14 13 9 22 9 4 9 23 10 19 13 7 11 5 9
internal_value=0 0.00595794 0.00984586 0.00423311 -0.0179999 0.011069 -0.0092623 0.0292511 0.0419537 0.0190007 0.0257629 -0.0403628 -0.0496846 0.0479147
internal_weight=0 6.90731 6.30661 5.69644 1.33958 4.35686 2.05687 2.29999 1.96279 1.18117 1.102 0.966208 0.954867 0.733691
internal_count=177 164 155 133 29 104 53 51 42 32 25 25 28 16
is_linear=0
shrinkage=0.06


Tree=69
num_leaves=15
num_cat=0
split_feature=8 2 8 1 7 6 9 9 7 3 1 6 10 9
split_gain=0.429748 0.864739 0.509676 0.775477 0.676643 0.597769 0.518893 0.343188 0.272847 0.335882 0.310086 0.271921 0.132068 0.253957
threshold=0.0027499999850988392 0.47900000214576727 0.0017500000540167095 0.49549999833107 -0.0014999999548308549 0.0014999999548308553 0.0032500000670552258 0.0022500000195577745 0.003299999982118607 0.45450000464916235 0.49750000238418585 -0.0042999999132007352 0.21733333170413974 0.0032500000670552258
decision_type=2 2 2 2 2 2 2 2 2 2 2 2 2 2
left_child=2 8 4 11 -1 12 -6 -7 9 -2 -11 -4 -5 -14
right_child=1 -3 3 5 6 7 -8 -9 -10 10 -12 -13 13 -15
leaf_value=0.061979396601864321 -0.063456531483236045 -0.063609121629338905 -0.060569979784684674 0.072992798848300608 -0.058569002524915557 -0.063115789872766601 0.019003037557892708 0.042559174879586499 0.062958348434319092 0.062467386296032511 -0.017813971130569123 0.0062294507452395394 -0.0037806232259395356 0.070449399927398723
leaf_weight=0.31909867841750372 0.25552997551858447 1.0375572340562937 0.39872607961297035 1.0139446146786215 1.0013494510203598 0.26097673084586848 0.44991573691368092 0.19204902090132236 0.27820674329996109 0.30462504643946886 0.40147020481526852 0.48773687426000867 0.2893127305433153 0.38903559371829033
leaf_count=12 6 33 4 14 28 10 5 10 8 10 7 15 9 9
internal_value=0 -0.0231934 0.00845303 0.02339 -0.0171268 0.0428961 -0.0345204 -0.0183175 0.0106287 -0.00451079 0.0168212 -0.0238166 0.059283 0.0387906
internal_weight=0 2.27739 4.80215 3.03178 1.77036 2.14532 1.45127 0.453026 1.23983 0.961625 0.706095 0.886463 1.69229 0.678348
internal_count=180 64 116 71 45 52 33 20 31 23 17 19 32 18
is_linear=0
shrinkage=0.06


Tree=70
num_leaves=15
num_cat=0
split_feature=4 6 7 0 6 0 12 12 1 10 9 0 7 0
split_gain=0.340997 0.281398 0.512074 0.627827 0.409175 0.565935 0.336489 0.297132 0.316012 0.25917 0.331458 0.194921 0.143223 0.195664
threshold=0.61199998855590831 -0.00050000000919681032 -0.0016999999643303452 0.51300001144409191 0.0023000000510364775 0.51649999618530285 0.33500000834465032 0.22999999672174457 0.49750000238418585 1.0000000180025095e-35 0.0027499999850988392 0.60249999165534984 0.0028999999631196265 0.68299999833107006
decision_type=2 2 2 2 2 2 2 2 2 2 2 2 2 2
left_child=-1 2 3 -2 5 -3 -5 11 -9 -7 12 -6 13 -11
right_child=1 4 -4 6 7 9 -8 8 -10 10 -12 -13 -14 -15
leaf_value=-0.065461677734572038 0.054491646990909894 -0.043769098595248447 -0.045295056415091899 -0.053750731503829939 0.061888258394798695 0.071270436441969676 0.018863101691706369 0.016499556781768333 -0.064677090759972022 -0.046939821611650279 0.050047971756286412 -0.028488112143432054 0.037544177189232732 0.019976499778271289
leaf_weight=0.28905241191387165 0.62981097213923953 0.37767127901315767 1.0970344636589286 0.54105547815561295 0.22108405176550128 0.55319067183882031 0.39927739836275578 0.25330007448792458 0.54216015245765448 0.35032712668180443 0.88686444517225027 0.14051408786326647 0.23954311106353998 0.28550989553332329
leaf_count=4 19 11 28 7 9 12 11 5 21 13 17 8 9 6
internal_value=0 0.00113642 -0.0138428 0.00813232 0.0115132 0.0243341 -0.022918 -0.0183279 -0.0388278 0.0354424 0.0241955 0.0267687 -0.00199611 -0.0168924
internal_weight=0 6.51734 2.66718 1.57014 3.85016 2.69311 0.940333 1.15706 0.79546 2.31544 1.76224 0.361598 0.87538 0.635837
internal_count=180 176 65 37 111 68 18 43 26 57 45 17 28 19
is_linear=0
shrinkage=0.06


Tree=71
num_leaves=15
num_cat=0
split_feature=8 2 8 5 7 6 9 9 5 7 3 5 10 9
split_gain=0.396883 0.785797 0.442239 0.696986 0.605104 0.514557 0.464755 0.307662 0.252712 0.250079 0.313595 0.281683 0.122978 0.230194
threshold=0.0027499999850988392 0.47900000214576727 0.0017500000540167095 0.4134999960660935 -0.0014999999548308549 0.0014999999548308553 0.0032500000670552258 0.0022500000195577745 0.37849999964237219 0.003299999982118607 0.45450000464916235 0.38850000500679022 0.21733333170413974 0.0032500000670552258
decision_type=2 2 2 2 2 2 2 2 2 2 2 2 2 2
left_child=2 9 4 8 -1 12 -6 -7 -4 10 -2 -12 -5 -14
right_child=1 -3 3 5 6 7 -8 -9 -10 -11 11 -13 13 -15
leaf_value=0.061813745104836768 -0.063193550418087829 -0.063283653804619949 0.003603581482806355 0.071537835445511413 -0.05732192365030022 -0.06275859996768296 0.018302619802791791 0.041450645137588997 -0.063800178657528253 0.062725828434271103 0.062261539949532853 -0.016413857113309758 -0.0032643814026073349 0.069309019116490594
leaf_weight=0.29340226296335448 0.24185112677514575 0.95756881637498725 0.50571316014975343 0.9415728850290177 0.91961111687123753 0.23398632230237115 0.42903857305645943 0.18079904420301318 0.33151080086827278 0.25376967526972294 0.28139100503176451 0.39212272688746452 0.28058804105967283 0.35820674104616046
leaf_count=12 6 33 15 14 28 10 5 10 4 8 10 7 9 9
internal_value=0 -0.0229841 0.00849842 0.0228609 -0.0162754 0.0421415 -0.0332639 -0.0173353 -0.0230859 0.0100229 -0.00458816 0.0164564 0.0577518 0.0374314
internal_weight=0 2.1267 4.47443 2.83238 1.64205 1.99515 1.34865 0.414785 0.837224 1.16913 0.915365 0.673514 1.58037 0.638795
internal_count=180 64 116 71 45 52 33 20 19 31 23 17 32 18
is_linear=0
shrinkage=0.06


Tree=72
num_leaves=15
num_cat=0
split_feature=10 7 7 3 3 4 3 6 12 4 7 3 7 4
split_gain=0.396128 0.280272 0.602464 0.44408 0.460743 0.335807 0.284712 0.479029 0.250459 0.242086 0.21205 0.153809 0.142555 0.0915229
threshold=-0.64700001478195179 -0.0034999999916180964 -0.0019000000320374963 0.47349999845027929 0.39600001275539404 0.70050001144409191 0.47149999439716345 0.00070000000414438557 0.35500000417232519 0.71050000190734874 -0.00050000000919681032 0.52649998664855968 0.0021000000415369873 0.70699998736381542
decision_type=2 2 2 2 2 2 2 2 2 2 2 2 2 2
left_child=-1 8 11 4 -4 -5 7 13 -2 10 -7 -3 -9 -6
right_child=1 2 3 5 6 9 -8 12 -10 -11 -12 -13 -14 -15
leaf_value=0.068740620331273747 -0.057068755618363845 0.010869095570874629 -0.043363169400956393 -0.062237002992359597 -0.063935331619224642 -0.024958656602881379 0.076522848138261781 -0.0033753083702675103 0.0054498225145559274 -0.050178355146955136 0.033176544466526028 0.068574167873585917 0.047383249035440569 -0.011658991045400104
leaf_weight=0.29737643897533406 0.57382115349173535 0.23680467903614033 0.4418909479863945 0.64333240222185839 0.22128432802855957 0.40569945890456427 0.31714765727519978 0.25822569895535685 0.38577390275895596 0.36865832377225161 0.50958010554313649 0.55840260721743107 0.8712487299926579 0.26488694455474615
leaf_count=5 11 6 22 25 5 8 2 8 11 8 13 16 24 13
internal_value=0 -0.00218835 0.00341181 -0.00545689 0.0119098 -0.0268553 0.0245468 0.014344 -0.0319352 -0.00912682 0.007408 0.0513902 0.0357786 -0.0354529
internal_weight=0 6.05676 5.09716 4.30195 2.37468 1.92727 1.93279 1.61565 0.959595 1.28394 0.91528 0.795207 1.12947 0.486171
internal_count=177 172 150 128 74 54 52 50 22 29 21 22 32 18
is_linear=0
shrinkage=0.06


Tree=73
num_leaves=15
num_cat=0
split_feature=10 4 0 4 15 9 7 1 7 9 0 4 3 7
split_gain=0.370001 0.262066 0.353372 0.515337 0.518292 0.385035 0.352322 0.289289 0.284741 0.261793 0.221784 0.197288 0.140148 0.0650034
threshold=-0.64700001478195179 0.66400000452995311 0.51300001144409191 0.7305000126361848 0.75000000000000011 0.0037500001490116124 0.00090000001364387583 0.51850000023841869 -0.00070000000414438535 0.0012500000302679839 0.69099998474121105 0.70050001144409191 0.4434999972581864 0.0025000000605359678
decision_type=2 2 2 2 2 2 2 2 2 2 2 2 2 2
left_child=-1 6 8 4 5 -4 -2 -6 -3 11 13 -9 -8 -11
right_child=1 2 3 -5 7 -7 12 9 -10 10 -12 -13 -14 -15
leaf_value=0.068213764060865031 -0.061777066779908921 0.066984809375754961 -0.063630510462171747 -0.070136998080579049 0.063451469787286913 0.019412120648351513 -0.024869658648529032 -0.062144472270664698 -0.0083979427367885575 0.064580298107716538 -0.0092226662645134017 0.0046396150484717342 0.020549215367215608 0.029646529192823005
leaf_weight=0.2821558229625224 0.55254039261490084 0.52985294722020626 0.56737240357324559 0.36634147912263859 0.44415954872965846 0.31127854902297258 0.48247771803289652 0.25201299786567677 0.27350164204835881 0.35210504941642262 0.40570429526269436 0.43257943727076054 0.49601964838802814 0.42106741154566407
leaf_count=5 23 19 19 3 13 7 14 12 6 9 6 11 9 21
internal_value=0 -0.00212164 0.00538352 -0.00274298 0.00500562 -0.0342111 -0.0234746 0.0199377 0.0413208 0.00956622 0.0267039 -0.019945 -0.00184593 0.0455555
internal_weight=0 5.88701 4.35598 3.55262 3.18628 0.878651 1.53104 2.30763 0.803355 1.86347 1.17888 0.684592 0.978497 0.773172
internal_count=177 172 126 101 98 26 46 72 25 59 36 23 23 30
is_linear=0
shrinkage=0.06


Tree=74
num_leaves=15
num_cat=0
split_feature=10 8 2 4 9 7 4 7 10 1 8 9 10 3
split_gain=0.345779 0.278717 0.458066 0.654279 0.380826 0.514345 0.364223 0.25841 0.24649 0.143008 0.271248 0.142826 0.0529224 0.0244702
threshold=-0.64700001478195179 0.0022500000195577745 0.47900000214576727 0.7305000126361848 0.0032500000670552258 0.001300000003539026 0.68150001764297496 -0.0063000000081956378 -0.025166667066514489 0.55950000882148754 0.0012500000302679839 -0.0017500000540167091 -1.0000000180025095e-35 0.47650000452995306
decision_type=2 2 2 2 2 2 2 2 2 2 2 2 2 2
left_child=-1 4 3 6 5 9 -3 -8 -4 10 -2 -12 -9 -7
right_child=1 2 8 -5 -6 13 7 12 -10 -11 11 -13 -14 -15
leaf_value=0.067719341512542205 -0.017899783318613374 -0.027778581761085507 -0.0058485780700824989 -0.06945291523792399 0.05233918714523722 -0.061966537383360554 -0.016023573867158341 0.067458184366230176 -0.06288038601831579 -0.011826664545386379 0.0161048264028145 0.069120662673523126 0.036775776964187649 -0.034550053903065273
leaf_weight=0.26760539971292008 0.31837979145348139 0.38882366381585631 0.41653981432318687 0.34830180555582035 0.64146770862862457 0.33652916736900795 0.23291318118572202 0.51235590223222938 0.79066403442993738 0.44363323133438815 0.3038469580933455 0.45971615426242318 0.33450618293136403 0.17981969565153122
leaf_count=5 9 14 13 3 13 13 7 12 35 15 9 10 12 7
internal_value=0 -0.00206422 -0.014554 0.00448053 0.0120114 -0.000657551 0.022015 0.0399456 -0.0432018 0.0168616 0.0286248 0.0480239 0.0553388 -0.0524187
internal_weight=0 5.7075 3.0241 1.8169 2.68339 2.04192 1.4686 1.07978 1.2072 1.52558 1.08194 0.763563 0.846862 0.516349
internal_count=177 172 96 48 76 63 45 31 48 43 28 19 24 20
is_linear=0
shrinkage=0.06


Tree=75
num_leaves=15
num_cat=0
split_feature=1 4 4 7 9 12 8 4 15 0 8 6 4 8
split_gain=0.217721 0.252457 0.59868 0.307134 0.454295 0.43345 0.295509 0.408576 0.449295 0.262782 0.183007 0.16024 0.10661 0.0049898
threshold=0.43150000274181372 0.7305000126361848 0.71950000524520885 0.0042999999132007369 0.0032500000670552258 0.10500000044703485 0.0017500000540167095 0.68150001764297496 0.75000000000000011 0.69099998474121105 0.0022500000195577745 0.0019000000320374968 0.70699998736381542 0.0022500000195577745
decision_type=2 2 2 2 2 2 2 2 2 2 2 2 2 2
left_child=-1 2 3 4 5 -2 12 10 -9 11 -8 -10 -7 -5
right_child=1 -3 -4 13 -6 6 7 8 9 -11 -12 -13 -14 -15
leaf_value=0.061527610046942745 0.067173654331095817 -0.050561934881096525 0.061786269134057922 -0.04909128453038953 0.044976837517327999 -0.014553648684855449 -0.010308698779529484 -0.029724249397897768 0.063914472691060334 -0.017193510396631851 -0.061944194753741237 0.0094928343757446059 -0.063518448445092385 -0.062460129035408873
leaf_weight=0.19096453581005324 0.24634158611297641 0.38453057408332814 0.50758334854617704 0.1802553585730492 0.63303394755348552 0.23074944317340884 0.46927514765411649 0.66221637418493728 0.64460778888314829 0.29962900280952454 0.52192248310893774 0.27910963073372841 0.5226702494546771 0.22717796778306365
leaf_count=10 5 5 23 5 13 12 12 15 18 4 21 8 14 11
internal_value=0 -0.00358254 -0.000252316 -0.00665659 -0.00214918 -0.00984484 -0.0150713 -0.00631055 0.0100839 0.0316326 -0.0374978 0.0474705 -0.048522 -0.0565455
internal_weight=0 5.8091 5.42457 4.91699 4.50956 3.87652 3.63018 2.87676 1.88556 1.22335 0.991198 0.923717 0.75342 0.407433
internal_count=176 166 161 138 122 109 104 78 45 30 33 26 26 16
is_linear=0
shrinkage=0.06


Tree=76
num_leaves=15
num_cat=0
split_feature=3 3 0 0 0 7 1 8 3 4 8 6 6 6
split_gain=0.209867 0.188759 0.782349 0.364879 0.527218 0.348191 0.34358 0.302652 0.232646 0.321857 0.374822 0.163327 0.125929 0.0457926
threshold=0.33550000190734869 0.47349999845027929 0.50949999690055858 0.51649999618530285 0.64949998259544384 0.003299999982118607 0.60899999737739574 0.0037500001490116124 0.54649999737739574 0.68549999594688427 0.0027499999850988392 -0.0016999999643303452 1.0000000180025095e-35 0.0025000000605359678
decision_type=2 2 2 2 2 2 2 2 2 2 2 2 2 2
left_child=-1 3 11 -2 13 6 -6 8 9 -4 12 -3 -11 -5
right_child=1 2 7 4 5 -7 -8 -9 -10 10 -12 -13 -14 -15
leaf_value=-0.061815878932243273 -0.033048930038129677 0.069897595165072601 -0.062190184267274767 0.061233402026273302 -0.028389223277876824 -0.063802783702545079 0.069165621522038881 0.025126495447973237 -0.054164488824259657 0.0066805258247872286 -0.048033798591395747 0.012108757019626706 0.065002132445215119 0.030250231857675444
leaf_weight=0.20027423463761795 0.47358361259102855 0.43194847926497459 0.36073663458228178 0.80473772156983592 0.26846792642027129 0.28354907361790538 0.25192502420395613 0.38294196501374234 0.99236151389777649 0.26661321707069874 0.29965147376060486 0.29720770101994309 0.2665135907009244 0.21831882512196898
leaf_count=13 13 9 15 21 14 8 3 10 21 10 5 15 7 12
internal_value=0 0.000693202 -0.00850837 0.013884 0.0260497 -0.0103095 0.0188376 -0.0240778 -0.0326978 -0.0148491 0.00565777 0.0463426 0.0358359 0.0546216
internal_weight=0 5.59856 3.29797 2.30058 1.827 0.803942 0.520393 2.56882 2.18588 1.19351 0.832778 0.729156 0.533127 1.02306
internal_count=176 163 92 71 58 25 17 68 58 37 22 24 17 33
is_linear=0
shrinkage=0.06


Tree=77
num_leaves=15
num_cat=0
split_feature=0 3 3 2 4 0 4 8 3 8 5 10 6 3
split_gain=0.179262 0.614792 0.401069 0.345749 0.28714 0.284408 0.272053 0.240059 0.222329 0.328453 0.184627 0.261128 0.0440451 0.016652
threshold=0.50750002264976513 0.56700000166893016 0.47349999845027929 0.78049999475479137 0.71050000190734874 0.67050001025199901 0.70050001144409191 0.0037500001490116124 0.54649999737739574 0.0027499999850988392 0.48350000381469732 0.55000001192092907 0.0002999999924213626 0.47149999439716345
decision_type=2 2 2 2 2 2 2 2 2 2 2 2 2 2
left_child=1 4 3 10 -1 -5 12 8 9 -8 -2 13 -4 -12
right_child=2 -3 6 5 -6 -7 7 -9 -10 -11 11 -13 -14 -15
leaf_value=-0.062006477284568873 -0.01553884424512251 0.067669910219480878 -0.063061355797638441 -0.061706496594890393 0.026820523249388668 0.01004690809449043 0.03591954267786774 0.036224445366731195 -0.044664013395423342 -0.046408990142241355 0.054854760439112575 -0.015712770698455281 -0.032423094452851249 0.073314109958750331
leaf_weight=0.30711791291832902 0.21850647591054462 0.51566310878843069 0.50133129302412305 0.31008072337135661 0.22847191151231527 0.55446058069355786 0.43383838422596432 0.33236461412161578 0.69529490452259779 0.29178017564117908 0.48866120306774974 0.19871344417333603 0.25475099962204695 0.2748970240354538
leaf_count=11 5 15 18 18 7 13 14 9 15 5 24 11 9 2
internal_value=0 0.0209077 -0.00657986 0.0131413 -0.0241147 -0.0156885 -0.0226541 -0.00968066 -0.0204183 0.00281422 0.0342499 0.0455556 -0.0527382 0.0615005
internal_weight=0 1.05125 4.55468 2.04532 0.53559 0.864541 2.50936 1.75328 1.42091 0.725619 1.18078 0.962272 0.756082 0.763558
internal_count=176 33 143 73 18 31 70 43 34 19 42 37 27 26
is_linear=0
shrinkage=0.06


Tree=78
num_leaves=15
num_cat=0
split_feature=10 15 8 12 8 1 12 0 6 0 1 0 3 9
split_gain=0.214072 0.323415 0.46329 0.315624 0.461061 0.436511 0.400819 0.577404 0.329552 0.282481 0.0783622 0.0715514 0.0587378 0.000667468
threshold=-0.75583332777023304 0.75000000000000011 0.0027499999850988392 0.33500000834465032 0.0012500000302679839 0.56749999523162853 0.22999999672174457 0.62299999594688427 0.00070000000414438557 0.67050001025199901 0.55099999904632579 0.5365000069141389 0.4434999972581864 0.0012500000302679839
decision_type=2 2 2 2 2 2 2 2 2 2 2 2 2 2
left_child=-1 2 -2 6 -5 13 7 10 -9 12 -3 -8 -10 -6
right_child=1 3 -4 4 5 -7 11 8 9 -11 -12 -13 -14 -15
leaf_value=0.067048047638033514 0.013628523613943917 0.066699700866608508 -0.06266944069822529 -0.030309078744850445 0.062178229971521733 -0.017295893256384899 -0.062964532577448107 -0.06276766859040124 -0.06133161543229966 0.055957256788646589 0.023332007137339149 -0.017200154110512494 -0.0015249659759630546 0.065422489893525657
leaf_weight=0.18466190993785847 0.54239816777408101 0.44140073657035894 0.60727684898301959 0.37652239762246598 0.71811620844528057 0.31501012574881304 0.39623696822673071 0.39418556028977036 0.13595562987029552 0.24771842174232006 0.22720163408666849 0.17834607837721705 0.10460328217595816 0.33470403496176004
leaf_count=3 8 14 24 10 29 15 14 15 9 3 13 11 7 7
internal_value=0 0.00126898 -0.0266733 0.00956989 0.028485 0.0446693 -0.00595228 0.00990545 -0.0219594 0.010985 0.0519627 -0.0487596 -0.0353256 0.0632096
internal_weight=0 5.01968 1.14968 3.87 1.74435 1.36783 2.12565 1.55107 0.882463 0.488277 0.668602 0.574583 0.240559 1.05282
internal_count=182 179 32 147 61 51 86 61 34 19 27 25 16 36
is_linear=0
shrinkage=0.06


Tree=79
num_leaves=15
num_cat=0
split_feature=4 10 6 0 8 4 0 3 9 9 10 1 10 0
split_gain=0.386781 0.244598 0.152252 0.274975 0.309151 0.513045 0.355228 0.266642 0.259746 0.150968 0.0650882 0.0768489 0.0402114 0.000296657
threshold=0.71950000524520885 0.47533333301544195 -0.0049000000581145278 0.51649999618530285 0.0027499999850988392 0.70050001144409191 0.55950000882148754 0.47349999845027929 -0.0017500000540167091 -0.004249999998137354 0.14766667038202289 0.62049999833107006 0.073166668415069594 0.68299999833107006
decision_type=2 2 2 2 2 2 2 2 2 2 2 2 2 2
left_child=1 2 -1 8 5 7 -6 -5 -4 -2 13 -12 -9 -7
right_child=9 -3 3 4 6 10 -8 12 -10 -11 11 -13 -14 -15
leaf_value=0.028320851764475241 -0.006721407009442416 -0.061457567275802601 0.0099523787538262857 0.013542394261645782 0.031206739623827091 0.061827443950862836 -0.06200543423214297 -0.02622484680327395 -0.062861963720693331 0.061573229062432198 0.011669803489982549 0.062485753912235556 -0.061308853425487267 0.064751367593424536
leaf_weight=0.6026123990304767 0.15060620103031397 0.24326157313771535 0.27795662684366107 0.6470537623390562 0.22020049206912506 0.27230534236878146 0.44388444209471345 0.21265931893140078 0.48255394212901626 0.51490376796573389 0.27137839794158936 0.17702423501759768 0.26312148058786988 0.23079184629023075
leaf_count=9 4 18 12 14 10 12 19 4 14 28 7 10 15 6
internal_value=0 -0.00300146 0.000465559 -0.00433189 0.00453217 0.0159388 -0.0310977 -0.0115297 -0.0362493 0.046118 0.0483536 0.0317314 -0.0456274 0.0631688
internal_weight=0 4.3448 4.10154 3.49893 2.73842 2.07433 0.664085 1.12283 0.760511 0.66551 0.9515 0.448403 0.475781 0.503097
internal_count=182 150 132 123 97 68 29 33 26 32 35 17 19 18
is_linear=0
shrinkage=0.06


end of trees

feature_importances:
Column_8=135
Column_0=133
Column_4=115
Column_1=105
Column_9=94
Column_10=92
Column_6=88
Column_12=88
Column_3=75
Column_7=74
Column_15=48
Column_5=40
Column_2=33

parameters:
[boosting: gbdt]
[objective: binary]
[metric: binary_logloss]
[tree_learner: serial]
[device_type: cpu]
[data_sample_strategy: bagging]
[data: ]
[valid: ]
[num_iterations: 80]
[learning_rate: 0.06]
[num_leaves: 15]
[num_threads: 0]
[seed: 0]
[deterministic: 0]
[force_col_wise: 0]
[force_row_wise: 0]
[histogram_pool_size: -1]
[max_depth: -1]
[min_data_in_leaf: 8]
[min_sum_hessian_in_leaf: 0.001]
[bagging_fraction: 0.9]
[pos_bagging_fraction: 1]
[neg_bagging_fraction: 1]
[bagging_freq: 3]
[bagging_seed: 3]
[feature_fraction: 0.9]
[feature_fraction_bynode: 1]
[feature_fraction_seed: 2]
[extra_trees: 0]
[extra_seed: 6]
[early_stopping_round: 0]
[early_stopping_min_delta: 0]
[first_metric_only: 0]
[max_delta_step: 0]
[lambda_l1: 0]
[lambda_l2: 0]
[linear_lambda: 0]
[min_gain_to_split: 0]
[drop_rate: 0.1]
[max_drop: 50]
[skip_drop: 0.5]
[xgboost_dart_mode: 0]
[uniform_drop: 0]
[drop_seed: 4]
[top_rate: 0.2]
[other_rate: 0.1]
[min_data_per_group: 100]
[max_cat_threshold: 32]
[cat_l2: 10]
[cat_smooth: 10]
[max_cat_to_onehot: 4]
[top_k: 20]
[monotone_constraints: ]
[monotone_constraints_method: basic]
[monotone_penalty: 0]
[feature_contri: ]
[forcedsplits_filename: ]
[refit_decay_rate: 0.9]
[cegb_tradeoff: 1]
[cegb_penalty_split: 0]
[cegb_penalty_feature_lazy: ]
[cegb_penalty_feature_coupled: ]
[path_smooth: 0]
[interaction_constraints: ]
[verbosity: -1]
[saved_feature_importance_type: 0]
[use_quantized_grad: 0]
[num_grad_quant_bins: 4]
[quant_train_renew_leaf: 0]
[stochastic_rounding: 1]
[linear_tree: 0]
[max_bin: 255]
[max_bin_by_feature: ]
[min_data_in_bin: 3]
[bin_construct_sample_cnt: 200000]
[data_random_seed: 1]
[is_enable_sparse: 1]
[enable_bundle: 1]
[use_missing: 1]
[zero_as_missing: 0]
[feature_pre_filter: 1]
[pre_partition: 0]
[two_round: 0]
[header: 0]
[label_column: ]
[weight_column: ]
[group_column: ]
[ignore_column: ]
[categorical_feature: ]
[forcedbins_filename: ]
[precise_float_parser: 0]
[parser_config_file: ]
[objective_seed: 5]
[num_class: 1]
[is_unbalance: 0]
[scale_pos_weight: 1]
[sigmoid: 1]
[boost_from_average: 1]
[reg_sqrt: 0]
[alpha: 0.9]
[fair_c: 1]
[poisson_max_delta_step: 0.7]
[tweedie_variance_power: 1.5]
[lambdarank_truncation_level: 30]
[lambdarank_norm: 1]
[label_gain: ]
[lambdarank_position_bias_regularization: 0]
[eval_at: ]
[multi_error_top_k: 1]
[auc_mu_weights: ]
[num_machines: 1]
[local_listen_port: 12400]
[time_out: 120]
[machine_list_filename: ]
[machines: ]
[gpu_platform_id: -1]
[gpu_device_id: -1]
[gpu_use_dp: 0]
[num_gpu: 1]

end of parameters

pandas_categorical:null
